_id,District,Name (English),Name (Chinese),School Type,Level,Address,Phone,Email,Country,Link
{'$oid': 'cbdf87280d041f4d48530124'},Central & Western,Bonham Road Government Primary School,般咸道官立小學,Gov't,Primary,"9A Bonham Road, Hong Kong",25171216,brgps@edb.gov.hk,Hong Kong,sch_detail.php?lang_id=1&sch_id=21&return_page=sch_list.php%3Flang_id%3D1%26search_mode%3D%26frmMode%3Dpagebreak%26district_id%3D1%26sort_id%3D-1
{'$oid': '0bf7383ba3e80937909a31d2'},Central & Western,Catholic Mission School,天主教總堂區學校,Aided,Primary,"Rutter Street, Central, Hong Kong",25477618,cms@cms.edu.hk,Hong Kong,sch_detail.php?lang_id=1&sch_id=4&return_page=sch_list.php%3Flang_id%3D1%26search_mode%3D%26frmMode%3Dpagebreak%26district_id%3D1%26sort_id%3D-1
{'$oid': 'baba66501f204df7a5d6668b'},Central & Western,Central & Western District St. Anthony's School,中西區聖安多尼學校,Aided,Primary,"2 Hospital Road, Hong Kong",25460369,sch@cwsa.edu.hk,Hong Kong,sch_detail.php?lang_id=1&sch_id=7&return_page=sch_list.php%3Flang_id%3D1%26search_mode%3D%26frmMode%3Dpagebreak%26district_id%3D1%26sort_id%3D-1
{'$oid': 'f2576d85187272811bd7324c'},Central & Western,"Chiu Sheung School, Hong Kong",香港潮商學校,Aided,Primary,"79B Pok Fu Lam Road, Hong Kong",25461644,info@csshk.edu.hk,Hong Kong,sch_detail.php?lang_id=1&sch_id=12&return_page=sch_list.php%3Flang_id%3D1%26search_mode%3D%26frmMode%3Dpagebreak%26district_id%3D1%26sort_id%3D-1
{'$oid': '3ea3ee86999821871a6869d0'},Central & Western,King's College Old Boys' Association Primary School,英皇書院同學會小學,Aided,Primary,"58 Bridges Street, Hong Kong",25477468,info@kcobaps1.edu.hk,Hong Kong,sch_detail.php?lang_id=1&sch_id=13&return_page=sch_list.php%3Flang_id%3D1%26search_mode%3D%26frmMode%3Dpagebreak%26district_id%3D1%26sort_id%3D-1
{'$oid': '7c9017261499f8dc9365cb4a'},Central & Western,King's College Old Boys' Association Primary School No. 2,英皇書院同學會小學第二校,Aided,Primary,"40 Po Hing Fong, Sheung Wan, Hong Kong",25477575,office@kcobaps2.edu.hk,Hong Kong,sch_detail.php?lang_id=1&sch_id=5&return_page=sch_list.php%3Flang_id%3D1%26search_mode%3D%26frmMode%3Dpagebreak%26district_id%3D1%26sort_id%3D-1
{'$oid': 'd6a874970fa00e9c9edaafba'},Central & Western,Li Sing Primary School,李陞小學,Gov't,Primary,"119 High Street, Sai Ying Pun, Hong Kong",25408966,lsps@edb.gov.hk,Hong Kong,sch_detail.php?lang_id=1&sch_id=8&return_page=sch_list.php%3Flang_id%3D1%26search_mode%3D%26frmMode%3Dpagebreak%26district_id%3D1%26sort_id%3D-1
{'$oid': '363df90b2e94d5c0096ff8ac'},Central & Western,Sacred Heart Canossian School,嘉諾撒聖心學校,Aided,Primary,"26 Caine Road, Central, Hong Kong",25248679,shcs@shcs.edu.hk,Hong Kong,sch_detail.php?lang_id=1&sch_id=9&return_page=sch_list.php%3Flang_id%3D1%26search_mode%3D%26frmMode%3Dpagebreak%26district_id%3D1%26sort_id%3D-1
{'$oid': '3aad33da7f6a02eeb1f9b9a6'},Central & Western,San Wui Commercial Society School,新會商會學校,Aided,Primary,"1 Kui In Fong, Sheung Wan, Hong Kong",25465712,info@swcss.edu.hk,Hong Kong,sch_detail.php?lang_id=1&sch_id=6&return_page=sch_list.php%3Flang_id%3D1%26search_mode%3D%26frmMode%3Dpagebreak%26district_id%3D1%26sort_id%3D-1
{'$oid': '627d64f81b029e02b9975e83'},Central & Western,S.K.H. Kei Yan Primary School,聖公會基恩小學,Aided,Primary,"109 Hollywood Road, Central, Hong Kong",25240896,Info@skhkyps.edu.hk,Hong Kong,sch_detail.php?lang_id=1&sch_id=14&return_page=sch_list.php%3Flang_id%3D1%26search_mode%3D%26frmMode%3Dpagebreak%26district_id%3D1%26sort_id%3D-1
{'$oid': '033794fe707e7f05ea1c347a'},Central & Western,S.K.H. Lui Ming Choi Memorial Primary School,聖公會呂明才紀念小學,Aided,Primary,"31 Ka Wai Man Road, Kennedy Town, Hong Kong",28172305,info@skhlmcmps.edu.hk,Hong Kong,sch_detail.php?lang_id=1&sch_id=16&return_page=sch_list.php%3Flang_id%3D1%26search_mode%3D%26frmMode%3Dpagebreak%26district_id%3D1%26sort_id%3D-1
{'$oid': '646d8e0d3a62ccaaa49fbcd1'},Central & Western,S.K.H. St. Matthew's Primary School,聖公會聖馬太小學,Aided,Primary,"12-20, New Street, Sheung Wan, Hong Kong",25483368,info@stmatthew.edu.hk,Hong Kong,sch_detail.php?lang_id=1&sch_id=1&return_page=sch_list.php%3Flang_id%3D1%26search_mode%3D%26frmMode%3Dpagebreak%26district_id%3D1%26sort_id%3D-1
{'$oid': '50bc07f4fb7ae23da23fa3e3'},Central & Western,S.K.H. St. Peter's Primary School,聖公會聖彼得小學,Aided,Primary,"70 & 88 Hill Road, Hong Kong",25462624,info@spps.edu.hk,Hong Kong,sch_detail.php?lang_id=1&sch_id=17&return_page=sch_list.php%3Flang_id%3D1%26search_mode%3D%26frmMode%3Dpagebreak%26district_id%3D1%26sort_id%3D-1
{'$oid': '087ec5d20731319d79632c7e'},Central & Western,St. Anthony's School,聖安多尼學校,Aided,Primary,"69A Pokfulam Road, Hong Kong",25466263,stanthonys@stanthonys.edu.hk,Hong Kong,sch_detail.php?lang_id=1&sch_id=20&return_page=sch_list.php%3Flang_id%3D1%26search_mode%3D%26frmMode%3Dpagebreak%26district_id%3D1%26sort_id%3D-1
{'$oid': '16cfc0a5e0a018d99c02fe00'},Central & Western,St. Charles School,聖嘉祿學校,Aided,Primary,"25 Pokfield Road, Kennedy Town, Hong Kong",28173325,stcharles@mail.stcharles.edu.hk,Hong Kong,sch_detail.php?lang_id=1&sch_id=15&return_page=sch_list.php%3Flang_id%3D1%26search_mode%3D%26frmMode%3Dpagebreak%26district_id%3D1%26sort_id%3D-1
{'$oid': 'e334cd09d04584417c23f99c'},Central & Western,St. Stephen's Girls' Primary School,聖士提反女子中學附屬小學,Aided,Primary,"33 Park Road, Hong Kong",25405088,info@ssgps.edu.hk,Hong Kong,sch_detail.php?lang_id=1&sch_id=11&return_page=sch_list.php%3Flang_id%3D1%26search_mode%3D%26frmMode%3Dpagebreak%26district_id%3D1%26sort_id%3D-1
{'$oid': '08b28733a406fb2acd584428'},Central & Western,Kau Yan School,救恩學校,Private,Primary,"97B High Street, Sai Ying Pun, Hong Kong",21166198,kys-mail@kauyan.edu.hk,Hong Kong,sch_detail.php?lang_id=1&sch_id=19&return_page=sch_list.php%3Flang_id%3D1%26search_mode%3D%26frmMode%3Dpagebreak%26district_id%3D1%26sort_id%3D-1
{'$oid': '6d5af5c8b3b43ddf9703d50b'},Central & Western,"Sacred Heart Canossian School, Private Section",嘉諾撒聖心學校私立部,Private,Primary,"34 Caine Road, Central, Hong Kong",25248301,shcsps@shcsps.edu.hk,Hong Kong,sch_detail.php?lang_id=1&sch_id=10&return_page=sch_list.php%3Flang_id%3D1%26search_mode%3D%26frmMode%3Dpagebreak%26district_id%3D1%26sort_id%3D-1
{'$oid': '767f5bffddc710be630074d0'},Central & Western,St. Clare's Primary School,聖嘉勒小學,Private,Primary,"3-6 Prospect Place, Bonham Road, Hong Kong",25472751,info@scps.edu.hk,Hong Kong,sch_detail.php?lang_id=1&sch_id=23&return_page=sch_list.php%3Flang_id%3D1%26search_mode%3D%26frmMode%3Dpagebreak%26district_id%3D1%26sort_id%3D-1
{'$oid': 'c7d0a1864b540ed6e7fb4b23'},Central & Western,St. Louis School (Primary Section),聖類斯中學（小學部）,Private,Primary,"Block C, 179 Third Street, Hong Kong",25472306,info@stlouisps.edu.hk,Hong Kong,sch_detail.php?lang_id=1&sch_id=18&return_page=sch_list.php%3Flang_id%3D1%26search_mode%3D%26frmMode%3Dpagebreak%26district_id%3D1%26sort_id%3D-1
{'$oid': '4f13847e7062ef853912b5b0'},Eastern,Buddhist Chung Wah Kornhill Primary School,佛教中華康山學校,Aided,Primary,"2 Hong Yue Street, Quarry Bay, Hong Kong",28844115,info@bcwkps.edu.hk,Hong Kong,sch_detail.php?lang_id=1&sch_id=30&return_page=sch_list.php%3Flang_id%3D1%26search_mode%3D%26frmMode%3Dpagebreak%26district_id%3D2%26sort_id%3D-1
{'$oid': '22087bab50692ea537bada4a'},Eastern,Canossa School (Hong Kong),香港嘉諾撒學校,Aided,Primary,"8 Hoi Chak Street, Quarry Bay, Hong Kong",25610115,info@canossahk.edu.hk,Hong Kong,sch_detail.php?lang_id=1&sch_id=33&return_page=sch_list.php%3Flang_id%3D1%26search_mode%3D%26frmMode%3Dpagebreak%26district_id%3D2%26sort_id%3D-1
{'$oid': '3e82feaaa289e3991f9e759b'},Eastern,Chan's Creative School (H.K. Island),啟基學校（港島）,Aided,Primary,"82 Marble Road, North Point, Hong Kong",25610821,ccshki@ccshki.edu.hk,Hong Kong,sch_detail.php?lang_id=1&sch_id=35&return_page=sch_list.php%3Flang_id%3D1%26search_mode%3D%26frmMode%3Dpagebreak%26district_id%3D2%26sort_id%3D-1
{'$oid': '22d31ad5f6ebe9aea7261170'},Eastern,Chinese Methodist School (North Point),北角循道學校,Aided,Primary,"15 Pak Fuk Road, North Point, Hong Kong",25619693,info@cmsnp.edu.hk,Hong Kong,sch_detail.php?lang_id=1&sch_id=29&return_page=sch_list.php%3Flang_id%3D1%26search_mode%3D%26frmMode%3Dpagebreak%26district_id%3D2%26sort_id%3D-1
{'$oid': '4b164e4e713985965d5f65a6'},Eastern,"Chinese Methodist School, Tanner Hill",丹拿山循道學校,Aided,Primary,"4 Pak Fuk Road, North Point, Hong Kong",25615822,info@cmsth.edu.hk,Hong Kong,sch_detail.php?lang_id=1&sch_id=34&return_page=sch_list.php%3Flang_id%3D1%26search_mode%3D%26frmMode%3Dpagebreak%26district_id%3D2%26sort_id%3D-1
{'$oid': 'f584386b73ad501d5491662c'},Eastern,North Point Government Primary School,北角官立小學,Gov't,Primary,"888 King's Road, North Point, Hong Kong",25617130,npgps@edb.gov.hk,Hong Kong,sch_detail.php?lang_id=1&sch_id=36&return_page=sch_list.php%3Flang_id%3D1%26search_mode%3D%26frmMode%3Dpagebreak%26district_id%3D2%26sort_id%3D-1
{'$oid': '95185cc2d513414c458d9d01'},Eastern,North Point Methodist Primary School,北角衞理小學,Aided,Primary,"2A Pak Fuk Road, North Point, Hong Kong",25703623,npm-info@npmps.edu.hk,Hong Kong,sch_detail.php?lang_id=1&sch_id=27&return_page=sch_list.php%3Flang_id%3D1%26search_mode%3D%26frmMode%3Dpagebreak%26district_id%3D2%26sort_id%3D-1
{'$oid': '2c0f5231085f33110c96936e'},Eastern,Pun U Association Wah Yan Primary School,番禺會所華仁小學,Aided,Primary,"2 Pak Fuk Road, North Point, HK",25722140,school@puwy.edu.hk,Hong Kong,sch_detail.php?lang_id=1&sch_id=416&return_page=sch_list.php%3Flang_id%3D1%26search_mode%3D%26frmMode%3Dpagebreak%26district_id%3D2%26sort_id%3D-1
{'$oid': '5cb85279d0cb1c8d51038988'},Eastern,Shanghai Alumni Primary School,滬江小學,Aided,Primary,"14 Hong Shing Street, Kornhill, Quarry Bay, HK",28844775,sap-mail@sap.edu.hk,Hong Kong,sch_detail.php?lang_id=1&sch_id=38&return_page=sch_list.php%3Flang_id%3D1%26search_mode%3D%26frmMode%3Dpagebreak%26district_id%3D2%26sort_id%3D-1
{'$oid': 'a14e256c267e2d30b59a585f'},Eastern,S.K.H. St. Michael's Primary School,聖公會聖米迦勒小學,Aided,Primary,"23 Fortress Hill Road, North Point, Hong Kong",25709473,info@skhsms.edu.hk,Hong Kong,sch_detail.php?lang_id=1&sch_id=26&return_page=sch_list.php%3Flang_id%3D1%26search_mode%3D%26frmMode%3Dpagebreak%26district_id%3D2%26sort_id%3D-1
{'$oid': '203d172fa166a247d5c0e2ef'},Eastern,Taikoo Primary School,太古小學,Aided,Primary,"1100 King's Road, Hong Kong",25615555,taikoo@tps.edu.hk,Hong Kong,sch_detail.php?lang_id=1&sch_id=39&return_page=sch_list.php%3Flang_id%3D1%26search_mode%3D%26frmMode%3Dpagebreak%26district_id%3D2%26sort_id%3D-1
{'$oid': 'af8310f5d16e27c98cc46d4a'},Eastern,Aldrich Bay Government Primary School,愛秩序灣官立小學,Gov't,Primary,"1 Oi Lai Street, Shau Kei Wan, Hong Kong",25611118,abgps@edb.gov.hk,Hong Kong,sch_detail.php?lang_id=1&sch_id=40&return_page=sch_list.php%3Flang_id%3D1%26search_mode%3D%26frmMode%3Dpagebreak%26district_id%3D2%26sort_id%3D-1
{'$oid': '79957ab95c6996a43dd57157'},Eastern,C.C.C. Kei Wan Primary School,中華基督教會基灣小學,Aided,Primary,"63 Sai Wan Ho Street, Shau Kei Wan, Hong Kong",25608007,info@keiwan.edu.hk,Hong Kong,sch_detail.php?lang_id=1&sch_id=41&return_page=sch_list.php%3Flang_id%3D1%26search_mode%3D%26frmMode%3Dpagebreak%26district_id%3D2%26sort_id%3D-1
{'$oid': '48455e549ee980af30b70928'},Eastern,C.C.C. Kei Wan Primary School (Aldrich Bay),中華基督教會基灣小學（愛蝶灣）,Aided,Primary,"39 Oi Shun Road, Shaukeiwan, Hong Kong",29154140,school@ccckeiwan.edu.hk,Hong Kong,sch_detail.php?lang_id=1&sch_id=25&return_page=sch_list.php%3Flang_id%3D1%26search_mode%3D%26frmMode%3Dpagebreak%26district_id%3D2%26sort_id%3D-1
{'$oid': '30bcd9d245316f8e5cc44b67'},Eastern,Meng Tak Catholic School,天主教明德學校,Aided,Primary,"11 Cheung Man Road, Chai Wan, Hong Kong",25572244,mtcs@mengtak.edu.hk,Hong Kong,sch_detail.php?lang_id=1&sch_id=43&return_page=sch_list.php%3Flang_id%3D1%26search_mode%3D%26frmMode%3Dpagebreak%26district_id%3D2%26sort_id%3D-1
{'$oid': '5a4ee9adfb770fb89e445a2d'},Eastern,Pui Kiu Primary School,培僑小學,Aided,Primary,"12 Fu Yee Road, Siu Sai Wan, Chai Wan, Hong Kong",28977866,puikiu@pkps.edu.hk,Hong Kong,sch_detail.php?lang_id=1&sch_id=44&return_page=sch_list.php%3Flang_id%3D1%26search_mode%3D%26frmMode%3Dpagebreak%26district_id%3D2%26sort_id%3D-1
{'$oid': 'ac6ca74df72a3e8255b66454'},Eastern,Salesian School,慈幼學校,Aided,Primary,"16 Chai Wan Road, Shaukeiwan, Hong Kong",28850032,mail@salesian.edu.hk,Hong Kong,sch_detail.php?lang_id=1&sch_id=24&return_page=sch_list.php%3Flang_id%3D1%26search_mode%3D%26frmMode%3Dpagebreak%26district_id%3D2%26sort_id%3D-1
{'$oid': '64568a6b6b17ed00ca446122'},Eastern,Shau Kei Wan Government Primary School,筲箕灣官立小學,Gov't,Primary,"19 Main Street, East Shaukeiwan, Hong Kong",25692532,skwgps@edb.gov.hk,Hong Kong,sch_detail.php?lang_id=1&sch_id=46&return_page=sch_list.php%3Flang_id%3D1%26search_mode%3D%26frmMode%3Dpagebreak%26district_id%3D2%26sort_id%3D-1
{'$oid': '6417f6bb75597ffe7444b3ed'},Eastern,Shaukiwan Tsung Tsin School,筲箕灣崇真學校,Aided,Primary,"3 Basel Road, Shaukiwan, Hong Kong",25606272,info@skwtts.edu.hk,Hong Kong,sch_detail.php?lang_id=1&sch_id=47&return_page=sch_list.php%3Flang_id%3D1%26search_mode%3D%26frmMode%3Dpagebreak%26district_id%3D2%26sort_id%3D-1
{'$oid': 'ad35b4225dcecbcad3200035'},Eastern,S.K.H. Chai Wan St. Michael's Primary School,聖公會柴灣聖米迦勒小學,Aided,Primary,"380 Chai Wan Road, Chai Wan, Hong Kong",31028101,info@skhcwsms.edu.hk,Hong Kong,sch_detail.php?lang_id=1&sch_id=45&return_page=sch_list.php%3Flang_id%3D1%26search_mode%3D%26frmMode%3Dpagebreak%26district_id%3D2%26sort_id%3D-1
{'$oid': 'd1d2417d056c8127baa73b8f'},Eastern,The ELCHK Faith Love Lutheran School,基督教香港信義會信愛學校,Aided,Primary,"Estate School No.2, Yue Wan Estate, Chai Wan, HK",25562442,elchk@cwflls.edu.hk,Hong Kong,sch_detail.php?lang_id=1&sch_id=42&return_page=sch_list.php%3Flang_id%3D1%26search_mode%3D%26frmMode%3Dpagebreak%26district_id%3D2%26sort_id%3D-1
{'$oid': 'c8244e3fbcc1b9d469a252fa'},Eastern,The Endeavourers Leung Lee Sau Yu Memorial Primary School,勵志會梁李秀娛紀念小學,Aided,Primary,"25 Yiu Hing Road, Shaukeiwan, HK",29679622,llsy@llsy.edu.hk,Hong Kong,sch_detail.php?lang_id=1&sch_id=32&return_page=sch_list.php%3Flang_id%3D1%26search_mode%3D%26frmMode%3Dpagebreak%26district_id%3D2%26sort_id%3D-1
{'$oid': 'f820ed9cb5ff7cefa8ac8880'},Eastern,The H.K.C.W.C. Hioe Tjo Yoeng Primary School,香港中國婦女會丘佐榮學校,Aided,Primary,"61 Sai Wan Ho Street, Shaukiwan, Hong Kong",25602051,info@hkcwc-htyps.edu.hk,Hong Kong,sch_detail.php?lang_id=1&sch_id=49&return_page=sch_list.php%3Flang_id%3D1%26search_mode%3D%26frmMode%3Dpagebreak%26district_id%3D2%26sort_id%3D-1
{'$oid': '4cce057b2fcb6a514330fdca'},Eastern,The Salvation Army Ann Wyllie Memorial School,救世軍韋理夫人紀念學校,Aided,Primary,"100 Shing Tai Road, Heng Fa Chuen, Hong Kong",25582111,info@annwyllie.edu.hk,Hong Kong,sch_detail.php?lang_id=1&sch_id=50&return_page=sch_list.php%3Flang_id%3D1%26search_mode%3D%26frmMode%3Dpagebreak%26district_id%3D2%26sort_id%3D-1
{'$oid': 'efa7cb3c0deb547721079a20'},Eastern,The Salvation Army Centaline Charity Fund School,救世軍中原慈善基金學校,Aided,Primary,"9 Wah Ha Street, Chai Wan, Hong Kong",25562292,info@saccf.edu.hk,Hong Kong,sch_detail.php?lang_id=1&sch_id=54&return_page=sch_list.php%3Flang_id%3D1%26search_mode%3D%26frmMode%3Dpagebreak%26district_id%3D2%26sort_id%3D-1
{'$oid': 'e670f872df2c4d20fd25cbad'},Eastern,HKUGA Primary School,港大同學會小學,DSS,Primary,"9 Yee Shing Street, Chai Wan, Hong Kong",22023922,info@hkugaps.edu.hk,Hong Kong,sch_detail.php?lang_id=1&sch_id=51&return_page=sch_list.php%3Flang_id%3D1%26search_mode%3D%26frmMode%3Dpagebreak%26district_id%3D2%26sort_id%3D-1
{'$oid': '30700ca7c413b30d8062294e'},Eastern,Hon Wah College (Primary Section),漢華中學（小學部）,DSS,Primary,"3 Harmony Road, Siu Sai Wan, Hong Kong",28171746,info@honwah.edu.hk,Hong Kong,sch_detail.php?lang_id=1&sch_id=55&return_page=sch_list.php%3Flang_id%3D1%26search_mode%3D%26frmMode%3Dpagebreak%26district_id%3D2%26sort_id%3D-1
{'$oid': '3e2eda28c459a5bae1adc006'},Eastern,Kiangsu & Chekiang Primary School,蘇浙小學校,Private,Primary,"30 Ching Wah Street, North Point, Hong Kong",25704436,enquiry@kcs.edu.hk,Hong Kong,sch_detail.php?lang_id=1&sch_id=53&return_page=sch_list.php%3Flang_id%3D1%26search_mode%3D%26frmMode%3Dpagebreak%26district_id%3D2%26sort_id%3D-1
{'$oid': 'd0719b9b1c471f4badb03f46'},Islands,Northern Lamma School,南丫北段公立小學,Aided,Primary,"No 1 Yung Shue Ling, Yung Shue Wan, Lamma Island, N.T.",29820242,enquiry@nls.edu.hk,Hong Kong,sch_detail.php?lang_id=1&sch_id=60&return_page=sch_list.php%3Flang_id%3D1%26search_mode%3D%26frmMode%3Dpagebreak%26district_id%3D3%26sort_id%3D-1
{'$oid': '04be882a4cf59830e647ab90'},Islands,C.C.C. Cheung Chau Church Kam Kong Primary School,中華基督教會長洲堂錦江小學,Aided,Primary,"No.1 Peak Road West, Cheung Chau, N.T.",29810435,info@ccckamkongsch.edu.hk,Hong Kong,sch_detail.php?lang_id=1&sch_id=69&return_page=sch_list.php%3Flang_id%3D1%26search_mode%3D%26frmMode%3Dpagebreak%26district_id%3D3%26sort_id%3D-1
{'$oid': 'c18ca1311f009a9773b203a0'},Islands,Cheung Chau Sacred Heart School,長洲聖心學校,Aided,Primary,"C C Lot Nos 916 & 1092, Church Road, Cheung Chau, N.T.",29810330,ccshs@ccshs.edu.hk,Hong Kong,sch_detail.php?lang_id=1&sch_id=61&return_page=sch_list.php%3Flang_id%3D1%26search_mode%3D%26frmMode%3Dpagebreak%26district_id%3D3%26sort_id%3D-1
{'$oid': '452095a949222828e7b388c8'},Islands,Kwok Man School,國民學校,Aided,Primary,"30 Kwok Man Road, Cheung Chau, N.T.",29810432,info@cckms.edu.hk,Hong Kong,sch_detail.php?lang_id=1&sch_id=62&return_page=sch_list.php%3Flang_id%3D1%26search_mode%3D%26frmMode%3Dpagebreak%26district_id%3D3%26sort_id%3D-1
{'$oid': 'cbe992e025c17219f716a077'},Islands,Bui O Public School,杯澳公立學校,Aided,Primary,"DD 316 Lot 2724 (Pt) 2 Lo Uk Village, Pui O, Lantau Island, N.T.",29841189,info@buiosch.edu.hk,Hong Kong,sch_detail.php?lang_id=1&sch_id=57&return_page=sch_list.php%3Flang_id%3D1%26search_mode%3D%26frmMode%3Dpagebreak%26district_id%3D3%26sort_id%3D-1
{'$oid': '6fb73f17ab733bfda3003bc5'},Islands,C.C.C. Tai O Primary School,中華基督教會大澳小學,Aided,Primary,"24-26 Market Street, Tai O, Lantau Island, N.T.",29857515,taiopris@ccctaiops.edu.hk,Hong Kong,sch_detail.php?lang_id=1&sch_id=63&return_page=sch_list.php%3Flang_id%3D1%26search_mode%3D%26frmMode%3Dpagebreak%26district_id%3D3%26sort_id%3D-1
{'$oid': '116d041cf830f403b9c47b96'},Islands,Ching Chung Hau Po Woon Primary School,青松侯寶垣小學,Aided,Primary,"Fu Tung Estate, Tung Chung, Lantau Island, N.T.",21090070,mail@cchpwps.edu.hk,Hong Kong,sch_detail.php?lang_id=1&sch_id=56&return_page=sch_list.php%3Flang_id%3D1%26search_mode%3D%26frmMode%3Dpagebreak%26district_id%3D3%26sort_id%3D-1
{'$oid': 'dcaeda74242d472987a63ea0'},Islands,H.K.F.E.W. Wong Cho Bau School,香港教育工作者聯會黃楚標學校,Aided,Primary,"Yat Tung Estate, Tung Chung, Lantau Island, N.T.",21090087,head@hkfewwcb.edu.hk,Hong Kong,sch_detail.php?lang_id=1&sch_id=64&return_page=sch_list.php%3Flang_id%3D1%26search_mode%3D%26frmMode%3Dpagebreak%26district_id%3D3%26sort_id%3D-1
{'$oid': '8f816c285705a99821e9eb47'},Islands,Ho Yu College and Primary School (Sponsored by Sik Sik Yuen),嗇色園主辦可譽中學暨可譽小學,Aided,Primary,"4-6, Kin Tung Road, Tung Chung, N.T.",21091001,mail_ps@hoyu.edu.hk,Hong Kong,sch_detail.php?lang_id=1&sch_id=70&return_page=sch_list.php%3Flang_id%3D1%26search_mode%3D%26frmMode%3Dpagebreak%26district_id%3D3%26sort_id%3D-1
{'$oid': '0bc0af9598304698c74f27ab'},Islands,Ling Liang Church Sau Tak Primary School,靈糧堂秀德小學,Aided,Primary,"35 Man Tung Road, Tung Chung, Lantau Island, N.T.",21094688,school@llcst.edu.hk,Hong Kong,sch_detail.php?lang_id=1&sch_id=68&return_page=sch_list.php%3Flang_id%3D1%26search_mode%3D%26frmMode%3Dpagebreak%26district_id%3D3%26sort_id%3D-1
{'$oid': 'd5c93a986639c808c8474dda'},Islands,Mui Wo School,梅窩學校,Aided,Primary,"Chung Hau Village, Silver Mine Bay,  Lantau Island, N.T.",29848461,mws@mws.edu.hk,Hong Kong,sch_detail.php?lang_id=1&sch_id=71&return_page=sch_list.php%3Flang_id%3D1%26search_mode%3D%26frmMode%3Dpagebreak%26district_id%3D3%26sort_id%3D-1
{'$oid': '72b78d275fa5fef3062cb750'},Islands,P.O.C.A. Wan Ho Kan Primary School,寶安商會温浩根小學,Aided,Primary,"Primary School No 2, Fu Tung Estate, Tung Chung, Lantau Island, N.T.",21090045,school@pocawhk.edu.hk,Hong Kong,sch_detail.php?lang_id=1&sch_id=65&return_page=sch_list.php%3Flang_id%3D1%26search_mode%3D%26frmMode%3Dpagebreak%26district_id%3D3%26sort_id%3D-1
{'$oid': '9218cb875f4395f7e98f8688'},Islands,The Salvation Army Lam Butt Chung Memorial School,救世軍林拔中紀念學校,Aided,Primary,"8 Yat Tung Street, Yat Tung Estate, Tung Chung, Lantau Island, N.T.",21090328,lbcps@hkt.salvationarmy.org,Hong Kong,sch_detail.php?lang_id=1&sch_id=66&return_page=sch_list.php%3Flang_id%3D1%26search_mode%3D%26frmMode%3Dpagebreak%26district_id%3D3%26sort_id%3D-1
{'$oid': '656d1712aaa65b7d933f5506'},Islands,Tung Chung Catholic School,東涌天主教學校,Aided,Primary,"Yat Tung Estate, Tung Chung, N.T.",21094962,tccs_pri@tccs.edu.hk,Hong Kong,sch_detail.php?lang_id=1&sch_id=58&return_page=sch_list.php%3Flang_id%3D1%26search_mode%3D%26frmMode%3Dpagebreak%26district_id%3D3%26sort_id%3D-1
{'$oid': '3d2d628aa27437dd95855c75'},Islands,Holy Family School,聖家學校,Aided,Primary,"1 Shing Ka Road, Peng Chau, New Territories",29830785,general@holyfamily.edu.hk,Hong Kong,sch_detail.php?lang_id=1&sch_id=59&return_page=sch_list.php%3Flang_id%3D1%26search_mode%3D%26frmMode%3Dpagebreak%26district_id%3D3%26sort_id%3D-1
{'$oid': '26229d84de0dfc03d9661865'},Islands,S.K.H. Wei Lun Primary School,聖公會偉倫小學,Aided,Primary,"Area 13, Discovery Bay, Lantau Island, N.T.",29878608,skhweilun@skhweilun.edu.hk,Hong Kong,sch_detail.php?lang_id=1&sch_id=67&return_page=sch_list.php%3Flang_id%3D1%26search_mode%3D%26frmMode%3Dpagebreak%26district_id%3D3%26sort_id%3D-1
{'$oid': 'fe6b3891c0830ed2e271560e'},Southern,Aberdeen St. Peter's Catholic Primary School,香港仔聖伯多祿天主教小學,Aided,Primary,"Shek Pai Wan Estate, Hong Kong",28735101,info@aspcps.edu.hk,Hong Kong,sch_detail.php?lang_id=1&sch_id=254&return_page=sch_list.php%3Flang_id%3D1%26search_mode%3D%26frmMode%3Dpagebreak%26district_id%3D4%26sort_id%3D-1
{'$oid': '5c8a0d6b9edafdd5f27c0855'},Southern,Aplichau Kaifong Primary School,鴨脷洲街坊學校,Aided,Primary,"9 Lei Tung Road, Lei Tung Estate, Ap Lei Chau, Hong Kong",28711669,akps@akps.edu.hk,Hong Kong,sch_detail.php?lang_id=1&sch_id=240&return_page=sch_list.php%3Flang_id%3D1%26search_mode%3D%26frmMode%3Dpagebreak%26district_id%3D4%26sort_id%3D-1
{'$oid': '3f415138e3134a8f01f9e196'},Southern,Hong Kong Southern District Government Primary School,香港南區官立小學,Gov't,Primary,"325 Apleichau Bridge Road, Apleichau, Hong Kong",25510030,hksdgps@edb.gov.hk,Hong Kong,sch_detail.php?lang_id=1&sch_id=247&return_page=sch_list.php%3Flang_id%3D1%26search_mode%3D%26frmMode%3Dpagebreak%26district_id%3D4%26sort_id%3D-1
{'$oid': 'f8f12d882bdbb9374ef0a2d0'},Southern,Precious Blood Primary School (South Horizons),海怡寶血小學,Aided,Primary,"355 Ap Lei Chau Bridge Road, Ap Lei Chau, Hong Kong",25511378,info@pbpssh.edu.hk,Hong Kong,sch_detail.php?lang_id=1&sch_id=243&return_page=sch_list.php%3Flang_id%3D1%26search_mode%3D%26frmMode%3Dpagebreak%26district_id%3D4%26sort_id%3D-1
{'$oid': '3b25c1f73d89e9d0a5efedff'},Southern,Pui Tak Canossian Primary School,嘉諾撒培德學校,Aided,Primary,"180 Aberdeen Main Road, Aberdeen, Hong Kong",25529529,info@ptcps.edu.hk,Hong Kong,sch_detail.php?lang_id=1&sch_id=255&return_page=sch_list.php%3Flang_id%3D1%26search_mode%3D%26frmMode%3Dpagebreak%26district_id%3D4%26sort_id%3D-1
{'$oid': 'd973c57f0f43e97b828d62b0'},Southern,S.K.H. Chi Fu Chi Nam Primary School,聖公會置富始南小學,Aided,Primary,"3 Chi Fu Close, Chi Fu Fa Yuen, Hong Kong",25504004,info@skhcfcn.edu.hk,Hong Kong,sch_detail.php?lang_id=1&sch_id=244&return_page=sch_list.php%3Flang_id%3D1%26search_mode%3D%26frmMode%3Dpagebreak%26district_id%3D4%26sort_id%3D-1
{'$oid': '832b8190a1bddfdda3508ffd'},Southern,S.K.H. Tin Wan Chi Nam Primary School,聖公會田灣始南小學,Aided,Primary,"5 Tin Wan New Street, Aberdeen, HK",25508326,skhtwcn_mail@yahoo.com.hk,Hong Kong,sch_detail.php?lang_id=1&sch_id=250&return_page=sch_list.php%3Flang_id%3D1%26search_mode%3D%26frmMode%3Dpagebreak%26district_id%3D4%26sort_id%3D-1
{'$oid': '92f32676c8aff22e91148de7'},Southern,St. Peter's Catholic Primary School,聖伯多祿天主教小學,Aided,Primary,"Phase 2 Lei Tung Estate, Ap Lei Chau, Hong Kong",28748311,enquiry@spcps.edu.hk,Hong Kong,sch_detail.php?lang_id=1&sch_id=239&return_page=sch_list.php%3Flang_id%3D1%26search_mode%3D%26frmMode%3Dpagebreak%26district_id%3D4%26sort_id%3D-1
{'$oid': '02c1ade801a95329fed2b389'},Southern,TWGHs Hok Shan School,東華三院鶴山學校,Aided,Primary,"5 Wah Lam Path, Wah Fu Estate, Pokfulam, H.K.",25511142,hokshan@hokshan.edu.hk,Hong Kong,sch_detail.php?lang_id=1&sch_id=251&return_page=sch_list.php%3Flang_id%3D1%26search_mode%3D%26frmMode%3Dpagebreak%26district_id%3D4%26sort_id%3D-1
{'$oid': '83d9470e1d63d837bb2a72cb'},Southern,Precious Blood Primary School (Wah Fu Estate),華富邨寶血小學,Aided,Primary,"27 Waterfall Bay Road, Wah Fu Estate, Hong Kong",25511211,info@pbps.edu.hk,Hong Kong,sch_detail.php?lang_id=1&sch_id=249&return_page=sch_list.php%3Flang_id%3D1%26search_mode%3D%26frmMode%3Dpagebreak%26district_id%3D4%26sort_id%3D-1
{'$oid': 'da0b75cc9004e6b975170ee2'},Southern,St. Paul's Co-educational College Primary School,聖保羅男女中學附屬小學,DSS,Primary,"11 Nam Fung Path, Wong Chuk Hang, Hong Kong",25261882,spccps@ps.spcc.edu.hk,Hong Kong,sch_detail.php?lang_id=1&sch_id=246&return_page=sch_list.php%3Flang_id%3D1%26search_mode%3D%26frmMode%3Dpagebreak%26district_id%3D4%26sort_id%3D-1
{'$oid': 'bc9527cbef0b3bf08fdaf9cb'},Southern,St. Paul's College Primary School,聖保羅書院小學,DSS,Primary,"777 Victoria Road, Hong Kong",37101777,office@spc-ps.edu.hk,Hong Kong,sch_detail.php?lang_id=1&sch_id=2&return_page=sch_list.php%3Flang_id%3D1%26search_mode%3D%26frmMode%3Dpagebreak%26district_id%3D4%26sort_id%3D-1
{'$oid': '5fb553132b78f8df95e200a4'},Southern,St. Stephen's College Preparatory School,聖士提反書院附屬小學,Private,Primary,"30-32 Wong Ma Kok Road, Stanley, Hong Kong",28130272,info@sscps.edu.hk,Hong Kong,sch_detail.php?lang_id=1&sch_id=252&return_page=sch_list.php%3Flang_id%3D1%26search_mode%3D%26frmMode%3Dpagebreak%26district_id%3D4%26sort_id%3D-1
{'$oid': '7fbd4952baef426deed147d9'},Wan Chai,Buddhist Wong Cheuk Um Primary School,佛教黃焯菴小學,Aided,Primary,"11 Eastern Hospital Road, Causeway Bay, HK",25762638,mail@bwcups.edu.hk,Hong Kong,sch_detail.php?lang_id=1&sch_id=406&return_page=sch_list.php%3Flang_id%3D1%26search_mode%3D%26frmMode%3Dpagebreak%26district_id%3D5%26sort_id%3D-1
{'$oid': 'fad66c7245f1d019f86cd8ee'},Wan Chai,Hennessy Road Government Primary School,軒尼詩道官立小學,Gov't,Primary,"169 Thomson Road, Wanchai, Hong Kong",25726633,hrgps@edb.gov.hk,Hong Kong,sch_detail.php?lang_id=1&sch_id=421&return_page=sch_list.php%3Flang_id%3D1%26search_mode%3D%26frmMode%3Dpagebreak%26district_id%3D5%26sort_id%3D-1
{'$oid': 'e79109a3963e4e090365f5d2'},Wan Chai,Hennessy Road Government Primary School (Causeway Bay),軒尼詩道官立小學（銅鑼灣）,Gov't,Primary,"3 Eastern Hospital Road, Causeway Bay, Hong Kong",21572788,hrgpscwb@edb.gov.hk,Hong Kong,sch_detail.php?lang_id=1&sch_id=422&return_page=sch_list.php%3Flang_id%3D1%26search_mode%3D%26frmMode%3Dpagebreak%26district_id%3D5%26sort_id%3D-1
{'$oid': 'b38869b9d7585e58ac6c961b'},Wan Chai,Li Sing Tai Hang School,李陞大坑學校,Aided,Primary,"73 Wun Sha Street, Tai Hang, Hong Kong",25775188,lising@lsths.edu.hk,Hong Kong,sch_detail.php?lang_id=1&sch_id=413&return_page=sch_list.php%3Flang_id%3D1%26search_mode%3D%26frmMode%3Dpagebreak%26district_id%3D5%26sort_id%3D-1
{'$oid': '4b35a4264e2a9fcfb989a416'},Wan Chai,Marymount Primary School,瑪利曼小學,Aided,Primary,"LG 1/F, G/F, 1/F, 2/F, 3/F & 4/F, 336 Tai Hang Road, Wanchai, HK",25728728,mps@mps.edu.hk,Hong Kong,sch_detail.php?lang_id=1&sch_id=407&return_page=sch_list.php%3Flang_id%3D1%26search_mode%3D%26frmMode%3Dpagebreak%26district_id%3D5%26sort_id%3D-1
{'$oid': '427181c67c561c8fde92de7f'},Wan Chai,P.L.K. Gold & Silver Exchange Society Pershing Tsang School,保良局金銀業貿易場張凝文學校,Aided,Primary,"12 Link Road, Causeway Bay, HK",28908131,pershing@plkgspts.edu.hk,Hong Kong,sch_detail.php?lang_id=1&sch_id=415&return_page=sch_list.php%3Flang_id%3D1%26search_mode%3D%26frmMode%3Dpagebreak%26district_id%3D5%26sort_id%3D-1
{'$oid': '3c5732c2347887418a82a6e5'},Wan Chai,Po Kok Primary School,寶覺小學,Aided,Primary,"11-15 Shan Kwong Road, Hong Kong",25737911,pkps@pokokps.edu.hk,Hong Kong,sch_detail.php?lang_id=1&sch_id=414&return_page=sch_list.php%3Flang_id%3D1%26search_mode%3D%26frmMode%3Dpagebreak%26district_id%3D5%26sort_id%3D-1
{'$oid': '94761550d00a49082ecb83fd'},Wan Chai,Precious Blood Primary School,寶血小學,Aided,Primary,"72 Sing Woo Road, Happy Valley, Hong Kong",25723851,info@preciousbloodhv.edu.hk,Hong Kong,sch_detail.php?lang_id=1&sch_id=423&return_page=sch_list.php%3Flang_id%3D1%26search_mode%3D%26frmMode%3Dpagebreak%26district_id%3D5%26sort_id%3D-1
{'$oid': 'ba72232c293891f55fee16be'},Wan Chai,Sir Ellis Kadoorie (Sookunpo) Primary School,官立嘉道理爵士小學,Gov't,Primary,"9 Eastern Hospital Road, Sookunpo, Hong Kong",25773489,webmaster@sekps.edu.hk,Hong Kong,sch_detail.php?lang_id=1&sch_id=410&return_page=sch_list.php%3Flang_id%3D1%26search_mode%3D%26frmMode%3Dpagebreak%26district_id%3D5%26sort_id%3D-1
{'$oid': '8e7d9ce2a49e0b4cd50138d0'},Wan Chai,S.K.H. St. James' Primary School,聖公會聖雅各小學,Aided,Primary,"110 Kennedy Road, Wanchai, Hong Kong",25749369,info@skhsjps.edu.hk,Hong Kong,sch_detail.php?lang_id=1&sch_id=417&return_page=sch_list.php%3Flang_id%3D1%26search_mode%3D%26frmMode%3Dpagebreak%26district_id%3D5%26sort_id%3D-1
{'$oid': '4fb6c545d08a75526be2e8e0'},Wan Chai,St. Francis' Canossian School,嘉諾撒聖方濟各學校,Aided,Primary,"42 & 44 St. Francis Street, Wanchai, Hong Kong",25281763,sfcso@sfcs.edu.hk,Hong Kong,sch_detail.php?lang_id=1&sch_id=411&return_page=sch_list.php%3Flang_id%3D1%26search_mode%3D%26frmMode%3Dpagebreak%26district_id%3D5%26sort_id%3D-1
{'$oid': '3b43d3bf940cc9c31984ddbc'},Wan Chai,St. Joseph's Primary School,聖若瑟小學,Aided,Primary,"48 Wood Road, Hong Kong",25742259,office@sjps.edu.hk,Hong Kong,sch_detail.php?lang_id=1&sch_id=424&return_page=sch_list.php%3Flang_id%3D1%26search_mode%3D%26frmMode%3Dpagebreak%26district_id%3D5%26sort_id%3D-1
{'$oid': '51d42c5be129f3da71cd764f'},Wan Chai,St. Paul's Primary Catholic School,聖保祿天主教小學,Aided,Primary,"81A Wong Nai Chung Road, Happy Valley, Hong Kong",25763181,info@sppcs.edu.hk,Hong Kong,sch_detail.php?lang_id=1&sch_id=412&return_page=sch_list.php%3Flang_id%3D1%26search_mode%3D%26frmMode%3Dpagebreak%26district_id%3D5%26sort_id%3D-1
{'$oid': '06816c45df2ddb239c90a80f'},Wan Chai,TWGHs Li Chi Ho Primary School,東華三院李賜豪小學,Aided,Primary,"280 Queen's Road East, Wanchai, Hong Kong",25750470,lchops@tungwah.org.hk,Hong Kong,sch_detail.php?lang_id=1&sch_id=418&return_page=sch_list.php%3Flang_id%3D1%26search_mode%3D%26frmMode%3Dpagebreak%26district_id%3D5%26sort_id%3D-1
{'$oid': '0afdb40b00af249a286489f4'},Wan Chai,North Point Government Primary School (Cloud View Road),北角官立小學（雲景道）,Gov't,Primary,"22 Cloud View Road, North Point, Hong Kong",21229494,school@npcvr.edu.hk,Hong Kong,sch_detail.php?lang_id=1&sch_id=37&return_page=sch_list.php%3Flang_id%3D1%26search_mode%3D%26frmMode%3Dpagebreak%26district_id%3D5%26sort_id%3D-1
{'$oid': 'bab20c007de0ce9efa32c3ab'},Wan Chai,Raimondi College Primary Section,高主教書院小學部,Private,Primary,"1E Shiu Fai Terrace, Stubbs Road, Wan Chai, H.K.",25221826,rcps@raimondi.edu.hk,Hong Kong,sch_detail.php?lang_id=1&sch_id=409&return_page=sch_list.php%3Flang_id%3D1%26search_mode%3D%26frmMode%3Dpagebreak%26district_id%3D5%26sort_id%3D-1
{'$oid': 'ca30a69a521e19b82eaeba9a'},Wan Chai,St. Paul's Convent School (Primary Section),聖保祿學校（小學部）,Private,Primary,"GR-6/F of Primary School Building, 140 Leighton Road, Causeway Bay, HK",25760601,corr@spcspr.edu.hk,Hong Kong,sch_detail.php?lang_id=1&sch_id=425&return_page=sch_list.php%3Flang_id%3D1%26search_mode%3D%26frmMode%3Dpagebreak%26district_id%3D5%26sort_id%3D-1
{'$oid': '00e1c7b827460c2eef98d110'},Wan Chai,"The True Light School of Hong Kong, Primary and Kindergarten Section",香港真光中學附屬小學暨幼稚園,Private,Primary,"50 Tai Hang Road, Hong Kong",25765716,enquiry@tlmshkps.edu.hk,Hong Kong,sch_detail.php?lang_id=1&sch_id=420&return_page=sch_list.php%3Flang_id%3D1%26search_mode%3D%26frmMode%3Dpagebreak%26district_id%3D5%26sort_id%3D-1
{'$oid': 'c9b1ffa0bbeb063a962e3dc9'},Kowloon City,Baptist Hung Hin Shiu Rainbow Primary School,浸信會孔憲紹天虹小學,Aided,Primary,"Chuk Yuen South Estate, Wong Tai Sin, Kowloon",23287971,info@rainbow.edu.hk,Hong Kong,sch_detail.php?lang_id=1&sch_id=431&return_page=sch_list.php%3Flang_id%3D1%26search_mode%3D%26frmMode%3Dpagebreak%26district_id%3D6%26sort_id%3D-1
{'$oid': '59e587c5fbc0a04cb53ea427'},Kowloon City,C.C.C. Wanchai Church Kei To Primary School (Kowloon City),中華基督教會灣仔堂基道小學（九龍城）,Aided,Primary,"170 Kau Pui Lung Road, Kowloon City, Kowloon",27147000,cccktkc@ktkc.edu.hk,Hong Kong,sch_detail.php?lang_id=1&sch_id=105&return_page=sch_list.php%3Flang_id%3D1%26search_mode%3D%26frmMode%3Dpagebreak%26district_id%3D6%26sort_id%3D-1
{'$oid': '514d54421156bcdae92997c7'},Kowloon City,Chan Sui Ki (La Salle) Primary School,陳瑞祺（喇沙）小學,Aided,Primary,"22 Sheung Shing Street, Homantin, Kowloon",27116278,info@cskps.edu.hk,Hong Kong,sch_detail.php?lang_id=1&sch_id=95&return_page=sch_list.php%3Flang_id%3D1%26search_mode%3D%26frmMode%3Dpagebreak%26district_id%3D6%26sort_id%3D-1
{'$oid': '3d7078bbbae0b5f8b06403b0'},Kowloon City,ELCHK Hung Hom Lutheran Primary School,基督教香港信義會紅磡信義學校,Aided,Primary,"39 Pau Chung Street, To Kwa Wan, Kowloon",27121543,info@hhlps.edu.hk,Hong Kong,sch_detail.php?lang_id=1&sch_id=96&return_page=sch_list.php%3Flang_id%3D1%26search_mode%3D%26frmMode%3Dpagebreak%26district_id%3D6%26sort_id%3D-1
{'$oid': '730330ea0ff79b588a0c4c5c'},Kowloon City,"Emmanuel Primary School, Kowloon",九龍靈光小學,Aided,Primary,"36-38 Shing Tak Street, Ma Tau Wai, Kowloon",27111232,eps.mail@eps.edu.hk,Hong Kong,sch_detail.php?lang_id=1&sch_id=97&return_page=sch_list.php%3Flang_id%3D1%26search_mode%3D%26frmMode%3Dpagebreak%26district_id%3D6%26sort_id%3D-1
{'$oid': 'c296e79759a1f61bd5fe4b8a'},Kowloon City,Farm Road Government Primary School,農圃道官立小學,Gov't,Primary,"8 Farm Road, Tokwawan, Kowloon",27110682,frgpsam@edb.gov.hk,Hong Kong,sch_detail.php?lang_id=1&sch_id=98&return_page=sch_list.php%3Flang_id%3D1%26search_mode%3D%26frmMode%3Dpagebreak%26district_id%3D6%26sort_id%3D-1
{'$oid': '9580068bd9f95215644813f6'},Kowloon City,Heep Yunn Primary School,協恩中學附屬小學,Aided,Primary,"1 Farm Road, Kowloon city, Kowloon",27111263,hyps@hyps.edu.hk,Hong Kong,sch_detail.php?lang_id=1&sch_id=99&return_page=sch_list.php%3Flang_id%3D1%26search_mode%3D%26frmMode%3Dpagebreak%26district_id%3D6%26sort_id%3D-1
{'$oid': '48d9f84b5cc320b8636c4498'},Kowloon City,Hop Yat Church School,合一堂學校,Aided,Primary,"7 Princess Margaret Road, Kowloon",27111013,hycsa@hycs.edu.hk,Hong Kong,sch_detail.php?lang_id=1&sch_id=101&return_page=sch_list.php%3Flang_id%3D1%26search_mode%3D%26frmMode%3Dpagebreak%26district_id%3D6%26sort_id%3D-1
{'$oid': 'e18e5fb910ff929f7c25868c'},Kowloon City,Kowloon Women's Welfare Club Li Ping Memorial School,九龍婦女福利會李炳紀念學校,Aided,Primary,"33 Wylie Road, Kowloon",23846904,lpp-mail@hkedcity.net,Hong Kong,sch_detail.php?lang_id=1&sch_id=530&return_page=sch_list.php%3Flang_id%3D1%26search_mode%3D%26frmMode%3Dpagebreak%26district_id%3D6%26sort_id%3D-1
{'$oid': 'b77e7ee9b3058ed50e470781'},Kowloon City,Ling To Catholic Primary School,天主教領島學校,Aided,Primary,"Chun Man Court, Oi Man Estate, Homantin, Kowloon",27139233,info@lingto.edu.hk,Hong Kong,sch_detail.php?lang_id=1&sch_id=73&return_page=sch_list.php%3Flang_id%3D1%26search_mode%3D%26frmMode%3Dpagebreak%26district_id%3D6%26sort_id%3D-1
{'$oid': 'ceb0431938ec0d9bcb6f9bf5'},Kowloon City,Ma Tau Chung Government Primary School,馬頭涌官立小學,Gov't,Primary,"1 Fuk Cheung Street, Tokwawan, Kowloon",27115548,mtcgps@edb.gov.hk,Hong Kong,sch_detail.php?lang_id=1&sch_id=74&return_page=sch_list.php%3Flang_id%3D1%26search_mode%3D%26frmMode%3Dpagebreak%26district_id%3D6%26sort_id%3D-1
{'$oid': '4a1f607c392ede04b0cf5de8'},Kowloon City,Oblate Primary School,獻主會小學,Aided,Primary,"1 Shun Fung Street, Tokwawan, Kowloon",23648375,info@ops.edu.hk,Hong Kong,sch_detail.php?lang_id=1&sch_id=75&return_page=sch_list.php%3Flang_id%3D1%26search_mode%3D%26frmMode%3Dpagebreak%26district_id%3D6%26sort_id%3D-1
{'$oid': 'c920920b19e3b81f8b8b538f'},Kowloon City,P.L.K. Stanley Ho Sau Nan Primary School,保良局何壽南小學,Aided,Primary,"11 Muk Hung Street, Kowloon City, Kowloon",23262627,plkshsn@plkhsn.edu.hk,Hong Kong,sch_detail.php?lang_id=1&sch_id=447&return_page=sch_list.php%3Flang_id%3D1%26search_mode%3D%26frmMode%3Dpagebreak%26district_id%3D6%26sort_id%3D-1
{'$oid': 'ead41ffc441e7e47bf959750'},Kowloon City,S.K.H. Good Shepherd Primary School,聖公會牧愛小學,Aided,Primary,"171 Ma Tau Wai Road, Kowloon City, Kowloon",27125220,info@gsps.edu.hk,Hong Kong,sch_detail.php?lang_id=1&sch_id=80&return_page=sch_list.php%3Flang_id%3D1%26search_mode%3D%26frmMode%3Dpagebreak%26district_id%3D6%26sort_id%3D-1
{'$oid': '9e0f9fe8ab7ab2778016db9e'},Kowloon City,S.K.H. Holy Carpenter Primary School,聖公會聖匠小學,Aided,Primary,"14 Kwei Chow Street, Kowloon",23332313,hcps1974@gmail.com,Hong Kong,sch_detail.php?lang_id=1&sch_id=100&return_page=sch_list.php%3Flang_id%3D1%26search_mode%3D%26frmMode%3Dpagebreak%26district_id%3D6%26sort_id%3D-1
{'$oid': '473d8eda2a1db1ad42b30ab8'},Kowloon City,S.K.H. Holy Cross Primary School,聖公會聖十架小學,Aided,Primary,"9 Muk Hung Street, Kowloon City, Kowloon",23204931,info@skhhcps.edu.hk,Hong Kong,sch_detail.php?lang_id=1&sch_id=453&return_page=sch_list.php%3Flang_id%3D1%26search_mode%3D%26frmMode%3Dpagebreak%26district_id%3D6%26sort_id%3D-1
{'$oid': '81c9a69126abb19ce75986f9'},Kowloon City,St. Eugene de Mazenod Oblate Primary School,獻主會聖馬善樂小學,Aided,Primary,"24 Tin Kwong Road, Tokwawan, Kowloon",27151011,info@semops.edu.hk,Hong Kong,sch_detail.php?lang_id=1&sch_id=532&return_page=sch_list.php%3Flang_id%3D1%26search_mode%3D%26frmMode%3Dpagebreak%26district_id%3D6%26sort_id%3D-1
{'$oid': '03b9a2f1e16e6f5c066c81fe'},Kowloon City,St. Rose of Lima's School,聖羅撒學校,Aided,Primary,"4 Embankment Road & 1 Duke Street, Kowloon",23382807,info@goo.srols.edu.hk,Hong Kong,sch_detail.php?lang_id=1&sch_id=76&return_page=sch_list.php%3Flang_id%3D1%26search_mode%3D%26frmMode%3Dpagebreak%26district_id%3D6%26sort_id%3D-1
{'$oid': 'c1c05fed75c99b2dc0ef6138'},Kowloon City,"Alliance Primary School, Whampoa",黃埔宣道小學,Aided,Primary,"21 Tak Fung Street, Whampoa Garden, Hung Hom, Kowloon",23367742,info@apsw.edu.hk,Hong Kong,sch_detail.php?lang_id=1&sch_id=81&return_page=sch_list.php%3Flang_id%3D1%26search_mode%3D%26frmMode%3Dpagebreak%26district_id%3D6%26sort_id%3D-1
{'$oid': 'ed39d0620cd750b32346ee9f'},Kowloon City,GCEPSA Whampoa Primary School,葛量洪校友會黃埔學校,Aided,Primary,"30 Tak On Street, Whampoa Garden, Hung Hom, Kowloon",23343673,info@gcewps.edu.hk,Hong Kong,sch_detail.php?lang_id=1&sch_id=77&return_page=sch_list.php%3Flang_id%3D1%26search_mode%3D%26frmMode%3Dpagebreak%26district_id%3D6%26sort_id%3D-1
{'$oid': '65c3c797d3829b6eb3ffd106'},Kowloon City,Holy Angels Canossian School,天神嘉諾撒學校,Aided,Primary,"21 Hok Yuen Street, Hung Hom, Kowloon",23624448,info@hacs.edu.hk,Hong Kong,sch_detail.php?lang_id=1&sch_id=106&return_page=sch_list.php%3Flang_id%3D1%26search_mode%3D%26frmMode%3Dpagebreak%26district_id%3D6%26sort_id%3D-1
{'$oid': '517f0c698ba253a671b2a762'},Kowloon City,Ma Tau Chung Government Primary School (Hung Hom Bay),馬頭涌官立小學（紅磡灣）,Gov't,Primary,"3 Oi King Street Hung Hom Bay, Kln",23638989,mail@mtchhb.edu.hk,Hong Kong,sch_detail.php?lang_id=1&sch_id=102&return_page=sch_list.php%3Flang_id%3D1%26search_mode%3D%26frmMode%3Dpagebreak%26district_id%3D6%26sort_id%3D-1
{'$oid': '90d5f5d8763a53770177d7de'},Kowloon City,S.K.H. Fung Kei Millennium Primary School,聖公會奉基千禧小學,Aided,Primary,"2 Tak Ting Street, Whampoa Garden, Kowloon",23627123,fkmps@fkmps.edu.hk,Hong Kong,sch_detail.php?lang_id=1&sch_id=82&return_page=sch_list.php%3Flang_id%3D1%26search_mode%3D%26frmMode%3Dpagebreak%26district_id%3D6%26sort_id%3D-1
{'$oid': 'be4cff216e25d69d5477c831'},Kowloon City,S.K.H. Fung Kei Primary School,聖公會奉基小學,Aided,Primary,"4 Tak Ting Street, Whampoa Garden, Hung Hom, Kowloon",27648909,fungkei@fungkei.edu.hk,Hong Kong,sch_detail.php?lang_id=1&sch_id=83&return_page=sch_list.php%3Flang_id%3D1%26search_mode%3D%26frmMode%3Dpagebreak%26district_id%3D6%26sort_id%3D-1
{'$oid': '06a4210901937a29b737c9e6'},Kowloon City,S.K.H. St. Timothy's Primary School,聖公會聖提摩太小學,Aided,Primary,"14 & 19 Hok Yuen Street, Hung Hom, Kowloon",23625953,mail@stps.edu.hk,Hong Kong,sch_detail.php?lang_id=1&sch_id=107&return_page=sch_list.php%3Flang_id%3D1%26search_mode%3D%26frmMode%3Dpagebreak%26district_id%3D6%26sort_id%3D-1
{'$oid': '2ebd12e956ad09a2fab214bb'},Kowloon City,Bishop Walsh Primary School,華德學校,Aided,Primary,"150 Junction Road, Kowloon",23372058,info@bishopwalsh.edu.hk,Hong Kong,sch_detail.php?lang_id=1&sch_id=457&return_page=sch_list.php%3Flang_id%3D1%26search_mode%3D%26frmMode%3Dpagebreak%26district_id%3D6%26sort_id%3D-1
{'$oid': '402402edcbaf2e7dd6a17bd5'},Kowloon City,C.C.C. Kei Wa Primary School (Kowloon Tong),中華基督教會基華小學（九龍塘）,Aided,Primary,"1B Oxford Road, Kowloon Tong, Kowloon",22676676,kwpskt@eclass.kwpskt.edu.hk,Hong Kong,sch_detail.php?lang_id=1&sch_id=84&return_page=sch_list.php%3Flang_id%3D1%26search_mode%3D%26frmMode%3Dpagebreak%26district_id%3D6%26sort_id%3D-1
{'$oid': 'daf7c99203140d2ef8f70c6f'},Kowloon City,Diocesan Preparatory School,拔萃小學,Aided,Primary,"1 Chester Road, Kowloon Tong, Kowloon",23361448,dps002@dps.edu.hk,Hong Kong,sch_detail.php?lang_id=1&sch_id=93&return_page=sch_list.php%3Flang_id%3D1%26search_mode%3D%26frmMode%3Dpagebreak%26district_id%3D6%26sort_id%3D-1
{'$oid': '4477c7ba725d2ddcf01c6ea9'},Kowloon City,Holy Family Canossian School,嘉諾撒聖家學校,Aided,Primary,"102 Junction Road, Kowloon City, Kowloon",23821035,head@hfkc.edu.hk,Hong Kong,sch_detail.php?lang_id=1&sch_id=85&return_page=sch_list.php%3Flang_id%3D1%26search_mode%3D%26frmMode%3Dpagebreak%26district_id%3D6%26sort_id%3D-1
{'$oid': '2156f5672734d688dc43b19f'},Kowloon City,Holy Family Canossian School (Kowloon Tong),嘉諾撒聖家學校（九龍塘）,Aided,Primary,"8 Tim Fuk Road Kowloon Tong, Kowloon",23365981,admin@holyfamilykt.edu.hk,Hong Kong,sch_detail.php?lang_id=1&sch_id=103&return_page=sch_list.php%3Flang_id%3D1%26search_mode%3D%26frmMode%3Dpagebreak%26district_id%3D6%26sort_id%3D-1
{'$oid': '628c00a03e4e028f9c819be6'},Kowloon City,Iu Shan School,耀山學校,Aided,Primary,"24 Grampian Road, Kowloon",23362115,iushan@iushan.edu.hk,Hong Kong,sch_detail.php?lang_id=1&sch_id=86&return_page=sch_list.php%3Flang_id%3D1%26search_mode%3D%26frmMode%3Dpagebreak%26district_id%3D6%26sort_id%3D-1
{'$oid': '3fe629d83438611b59b30c70'},Kowloon City,Kowloon Tong Bishop Walsh Catholic School,九龍塘天主教華德學校,Aided,Primary,"39 Inverness Road, Kowloon",23373768,mail@ktbwcs.edu.hk,Hong Kong,sch_detail.php?lang_id=1&sch_id=72&return_page=sch_list.php%3Flang_id%3D1%26search_mode%3D%26frmMode%3Dpagebreak%26district_id%3D6%26sort_id%3D-1
{'$oid': 'df71650d81017b398e2c2fff'},Kowloon City,Kowloon Tong Government Primary School,九龍塘官立小學,Gov't,Primary,"6 Tim Fuk Road, Kowloon Tong, Kowloon",23360991,klntgps@edb.gov.hk,Hong Kong,sch_detail.php?lang_id=1&sch_id=109&return_page=sch_list.php%3Flang_id%3D1%26search_mode%3D%26frmMode%3Dpagebreak%26district_id%3D6%26sort_id%3D-1
{'$oid': 'cda2f83268b542e7c9bdc7ec'},Kowloon City,La Salle Primary School,喇沙小學,Aided,Primary,"1D La Salle Road, Kowloon",23362609,lasalleprimary@la-salle.edu.hk,Hong Kong,sch_detail.php?lang_id=1&sch_id=87&return_page=sch_list.php%3Flang_id%3D1%26search_mode%3D%26frmMode%3Dpagebreak%26district_id%3D6%26sort_id%3D-1
{'$oid': 'bb9d979405c6e054059b07f3'},Kowloon City,Maryknoll Convent School (Primary Section),瑪利諾修院學校（小學部）,Aided,Primary,"130 Waterloo Road, Kowloon City, Kowloon",23360611,mcs_gen_office3@mcsps.edu.hk,Hong Kong,sch_detail.php?lang_id=1&sch_id=88&return_page=sch_list.php%3Flang_id%3D1%26search_mode%3D%26frmMode%3Dpagebreak%26district_id%3D6%26sort_id%3D-1
{'$oid': '5065a674707946fcfbb6f2e3'},Kowloon City,"Alliance Primary School, Kowloon Tong",九龍塘宣道小學,Private,Primary,"Portion of G/F - 2/F & Whole Floor of 3 - 8/F, 2 Lancashire Rd., Kowloon Tong, Kln",34430100,office@apskt.edu.hk,Hong Kong,sch_detail.php?lang_id=1&sch_id=89&return_page=sch_list.php%3Flang_id%3D1%26search_mode%3D%26frmMode%3Dpagebreak%26district_id%3D6%26sort_id%3D-1
{'$oid': '5dd92f8b89399966e52e6ce8'},Kowloon City,Creative Primary School,啟思小學,Private,Primary,"2A Oxford Road, Kowloon Tong, Kowloon",23360266,cps@creativeprisch.edu.hk,Hong Kong,sch_detail.php?lang_id=1&sch_id=111&return_page=sch_list.php%3Flang_id%3D1%26search_mode%3D%26frmMode%3Dpagebreak%26district_id%3D6%26sort_id%3D-1
{'$oid': '16e0e6df52bdae30fa454ab1'},Kowloon City,Diocesan Boys' School Primary Division,拔萃男書院附屬小學,DSS,Primary,"131 Argyle Street, Mongkok, Kowloon",31594200,dbspd@dbs.edu.hk,Hong Kong,sch_detail.php?lang_id=1&sch_id=78&return_page=sch_list.php%3Flang_id%3D1%26search_mode%3D%26frmMode%3Dpagebreak%26district_id%3D6%26sort_id%3D-1
{'$oid': '42ec259f0fabb7922099728f'},Kowloon City,Holy Trinity Primary School,聖三一堂小學,Private,Primary,"57 Fu Ning Street, Kowloon",27110928,info@htps.edu.hk,Hong Kong,sch_detail.php?lang_id=1&sch_id=113&return_page=sch_list.php%3Flang_id%3D1%26search_mode%3D%26frmMode%3Dpagebreak%26district_id%3D6%26sort_id%3D-1
{'$oid': '3d1434fa3079bf0641350861'},Kowloon City,Kowloon Tong School (Primary Section),九龍塘學校（小學部）,Private,Primary,"Nkil 2721 Surrey Lane, Cumberland Road, Kowloon Tong, Kowloon",23363802,info@ktsps.edu.hk,Hong Kong,sch_detail.php?lang_id=1&sch_id=114&return_page=sch_list.php%3Flang_id%3D1%26search_mode%3D%26frmMode%3Dpagebreak%26district_id%3D6%26sort_id%3D-1
{'$oid': '770b5652b30ac9468cd6cf00'},Kowloon City,Kowloon True Light School (Primary Section),九龍真光中學（小學部）,Private,Primary,"115 Waterloo Road, Kowloon",23360662,info@ktlsps.edu.hk,Hong Kong,sch_detail.php?lang_id=1&sch_id=91&return_page=sch_list.php%3Flang_id%3D1%26search_mode%3D%26frmMode%3Dpagebreak%26district_id%3D6%26sort_id%3D-1
{'$oid': '7117c8b0aebac5204903377e'},Kowloon City,Munsang College Primary School,民生書院小學,Private,Primary,"8 Dumbarton Road, Kowloon City, Kowloon",36553400,primary@munsang.edu.hk,Hong Kong,sch_detail.php?lang_id=1&sch_id=104&return_page=sch_list.php%3Flang_id%3D1%26search_mode%3D%26frmMode%3Dpagebreak%26district_id%3D6%26sort_id%3D-1
{'$oid': '4800951828152f37c842180d'},Kowloon City,Po Leung Kuk Lam Man Chan English Primary School,保良局林文燦英文小學,DSS,Primary,"24 Sheung Heung Road & 2 Farm Road, To Kwa Wan, Kowloon",27121270,email@plklmceps.edu.hk,Hong Kong,sch_detail.php?lang_id=1&sch_id=116&return_page=sch_list.php%3Flang_id%3D1%26search_mode%3D%26frmMode%3Dpagebreak%26district_id%3D6%26sort_id%3D-1
{'$oid': 'f0d8fff70a8bf6be6631029b'},Kowloon City,Pooi To Primary School,香港培道小學,Private,Primary,"3 Fuk Cheung Street, Ma Tau Chung, Kowloon",27112933,infosch@ptps.edu.hk,Hong Kong,sch_detail.php?lang_id=1&sch_id=92&return_page=sch_list.php%3Flang_id%3D1%26search_mode%3D%26frmMode%3Dpagebreak%26district_id%3D6%26sort_id%3D-1
{'$oid': '5be973a918ac9b439d52d788'},Kowloon City,Pui Ching Primary School,香港培正小學,Private,Primary,"80 Waterloo Road, Kowloon City, Kowloon",27142562,puiching@pcps.edu.hk,Hong Kong,sch_detail.php?lang_id=1&sch_id=79&return_page=sch_list.php%3Flang_id%3D1%26search_mode%3D%26frmMode%3Dpagebreak%26district_id%3D6%26sort_id%3D-1
{'$oid': 'fe8e33b546305bd98593d634'},Kowloon City,St. Johannes College (Primary Section),聖若望英文書院（小學部）,Private,Primary,"143 Waterloo Road, Kowloon Tong, Kowloon",23362933,pri@st-johannes.edu.hk,Hong Kong,sch_detail.php?lang_id=1&sch_id=115&return_page=sch_list.php%3Flang_id%3D1%26search_mode%3D%26frmMode%3Dpagebreak%26district_id%3D6%26sort_id%3D-1
{'$oid': 'ec3aae442b570e92ba70788c'},Kwun Tong,Bishop Paschang Catholic School,天主教柏德學校,Aided,Primary,"6 Wang Chiu Road, Kowloon Bay, Kowloon",27993003,schoolmail@bpcs.edu.hk,Hong Kong,sch_detail.php?lang_id=1&sch_id=124&return_page=sch_list.php%3Flang_id%3D1%26search_mode%3D%26frmMode%3Dpagebreak%26district_id%3D7%26sort_id%3D-1
{'$oid': '63979e423c1e96c934d548c1'},Kwun Tong,Buddhist Chi King Primary School,佛教慈敬學校,Aided,Primary,"12 Kai Lai Road, Kowloon Bay, Kowloon",27594504,info@bckps.edu.hk,Hong Kong,sch_detail.php?lang_id=1&sch_id=121&return_page=sch_list.php%3Flang_id%3D1%26search_mode%3D%26frmMode%3Dpagebreak%26district_id%3D7%26sort_id%3D-1
{'$oid': '9b77235efd4cdd616b6aebfe'},Kwun Tong,Carmel Leung Sing Tak School,迦密梁省德學校,Aided,Primary,"Estate School No. 2, Shun On Estate, Kwun Tong, Kowloon",23422455,office@clst.edu.hk,Hong Kong,sch_detail.php?lang_id=1&sch_id=120&return_page=sch_list.php%3Flang_id%3D1%26search_mode%3D%26frmMode%3Dpagebreak%26district_id%3D7%26sort_id%3D-1
{'$oid': 'd33017ba5da330ec79d584fb'},Kwun Tong,Conservative Baptist Lui Ming Choi Primary School,浸信宣道會呂明才小學,Aided,Primary,"78 Choi Ha Road, Kowloon Bay, Kowloon.",27547024,mail@apps.lmc.edu.hk,Hong Kong,sch_detail.php?lang_id=1&sch_id=117&return_page=sch_list.php%3Flang_id%3D1%26search_mode%3D%26frmMode%3Dpagebreak%26district_id%3D7%26sort_id%3D-1
{'$oid': 'b07dff84c5dab0a872643d9b'},Kwun Tong,Hong Kong Taoist Association Wun Tsuen School,香港道教聯合會雲泉學校,Aided,Primary,"2 ON YAN STREET, KWUN TONG, KOWLOON",27570854,hktawts@hktawts.edu.hk,Hong Kong,sch_detail.php?lang_id=1&sch_id=118&return_page=sch_list.php%3Flang_id%3D1%26search_mode%3D%26frmMode%3Dpagebreak%26district_id%3D7%26sort_id%3D-1
{'$oid': '7c68839bd2a5dbf5c831b0a9'},Kwun Tong,Jordan Valley St. Joseph's Catholic Primary School,佐敦谷聖若瑟天主教小學,Aided,Primary,"80 Choi Ha Road, Kowloon",23050061,jvsj@jvsj.edu.hk,Hong Kong,sch_detail.php?lang_id=1&sch_id=123&return_page=sch_list.php%3Flang_id%3D1%26search_mode%3D%26frmMode%3Dpagebreak%26district_id%3D7%26sort_id%3D-1
{'$oid': 'fb0a0293c721b395a47df80d'},Kwun Tong,Kowloon Bay St. John The Baptist Catholic Primary School,九龍灣聖若翰天主教小學,Aided,Primary,"23 Kai Yip Road, Kwun Tong, Kowloon",23432311,sch@kbsjb.edu.hk,Hong Kong,sch_detail.php?lang_id=1&sch_id=126&return_page=sch_list.php%3Flang_id%3D1%26search_mode%3D%26frmMode%3Dpagebreak%26district_id%3D7%26sort_id%3D-1
{'$oid': '8ec43dee2cfd3de47281a951'},Kwun Tong,Ping Shek Estate Catholic Primary School,坪石天主教小學,Aided,Primary,"Estate School No. 1, Ping Shek Estate, Kwun Tong, Kowloon",23212988,psec@psec.edu.hk,Hong Kong,sch_detail.php?lang_id=1&sch_id=127&return_page=sch_list.php%3Flang_id%3D1%26search_mode%3D%26frmMode%3Dpagebreak%26district_id%3D7%26sort_id%3D-1
{'$oid': '866f659f518591222d9f558a'},Kwun Tong,S.K.H. Kowloon Bay Kei Lok Primary School,聖公會九龍灣基樂小學,Aided,Primary,"6 Kai Yan Street, Kowloon Bay, Kowloon",27969393,kbkeilok@kbkeilok.edu.hk,Hong Kong,sch_detail.php?lang_id=1&sch_id=128&return_page=sch_list.php%3Flang_id%3D1%26search_mode%3D%26frmMode%3Dpagebreak%26district_id%3D7%26sort_id%3D-1
{'$oid': 'c6b64958b916b1b509d9d951'},Kwun Tong,C.C.C. Kei Faat Primary School,中華基督教會基法小學,Aided,Primary,"34 Yuet Wah Street, Kwun Tong, Kowloon",23418088,info@kfp.edu.hk,Hong Kong,sch_detail.php?lang_id=1&sch_id=145&return_page=sch_list.php%3Flang_id%3D1%26search_mode%3D%26frmMode%3Dpagebreak%26district_id%3D7%26sort_id%3D-1
{'$oid': '748473f7588c9ec284b58c54'},Kwun Tong,C.C.C. Kei Faat Primary School (Yau Tong),中華基督教會基法小學（油塘）,Aided,Primary,"25 Yau Tong Road, Yau Tong, Kowloon (B2 Exit Yau Tong MTR Station)",23895458,enquiry@kfps.edu.hk,Hong Kong,sch_detail.php?lang_id=1&sch_id=130&return_page=sch_list.php%3Flang_id%3D1%26search_mode%3D%26frmMode%3Dpagebreak%26district_id%3D7%26sort_id%3D-1
{'$oid': '87486a8a2cccca38399d385c'},Kwun Tong,H.K.T.A.Y.Y.I. Chan Lui Chung Tak Memorial School,香港道教聯合會圓玄學院陳呂重德紀念學校,Aided,Primary,"5 Ko Chiu Path, Yau Tong, Kowloon",27099978,mail@clcts.edu.hk,Hong Kong,sch_detail.php?lang_id=1&sch_id=131&return_page=sch_list.php%3Flang_id%3D1%26search_mode%3D%26frmMode%3Dpagebreak%26district_id%3D7%26sort_id%3D-1
{'$oid': '11e1860d1ffe99006d4a36b4'},Kwun Tong,Kwun Tong Government Primary School,觀塘官立小學,Gov't,Primary,"240 Ngau Tau Kok Road, Kwun Tong, Kowloon",27560762,ktgps@edb.gov.hk,Hong Kong,sch_detail.php?lang_id=1&sch_id=147&return_page=sch_list.php%3Flang_id%3D1%26search_mode%3D%26frmMode%3Dpagebreak%26district_id%3D7%26sort_id%3D-1
{'$oid': '84271c46d60e1ff3c8a57e77'},Kwun Tong,Kwun Tong Government Primary School (Sau Ming Road),觀塘官立小學（秀明道）,Gov't,Primary,"130 Sau Ming Road, Sau Mau Ping, Kwun Tong, Kowloon",27092220,ktgpssmr@edb.gov.hk,Hong Kong,sch_detail.php?lang_id=1&sch_id=143&return_page=sch_list.php%3Flang_id%3D1%26search_mode%3D%26frmMode%3Dpagebreak%26district_id%3D7%26sort_id%3D-1
{'$oid': 'df1bdab7162861d1e04710c1'},Kwun Tong,Lam Tin Methodist Primary School,藍田循道衞理小學,Aided,Primary,"On Tin Street, Ping Tin Estate, Lam Tin, Kwun Tong, Kowloon",23461033,info@ltmps.edu.hk,Hong Kong,sch_detail.php?lang_id=1&sch_id=125&return_page=sch_list.php%3Flang_id%3D1%26search_mode%3D%26frmMode%3Dpagebreak%26district_id%3D7%26sort_id%3D-1
{'$oid': 'd633c95827e909722286ae49'},Kwun Tong,Lok Wah Catholic Primary School,樂華天主教小學,Aided,Primary,"81 Chun Wah Road, Kwun Tong, Kowloon",27585767,lwcps@lwcps.edu.hk,Hong Kong,sch_detail.php?lang_id=1&sch_id=132&return_page=sch_list.php%3Flang_id%3D1%26search_mode%3D%26frmMode%3Dpagebreak%26district_id%3D7%26sort_id%3D-1
{'$oid': '942d25fd5336fd8a390ae940'},Kwun Tong,L.S.T. Yeung Chung Ming Primary School,樂善堂楊仲明學校,Aided,Primary,"Lok Wah South Estate, Ngau Tau Kok, Kowloon",27559195,info@ycmps.edu.hk,Hong Kong,sch_detail.php?lang_id=1&sch_id=149&return_page=sch_list.php%3Flang_id%3D1%26search_mode%3D%26frmMode%3Dpagebreak%26district_id%3D7%26sort_id%3D-1
{'$oid': '5bbd4f533a122ac86e8a6d10'},Kwun Tong,Man Kiu Association Primary School,閩僑小學,Aided,Primary,"Estate School No. 3, Upper Ngau Tau Kok Estate, Kwun Tong, Kowloon",27570490,mkaps@mkaps.edu.hk,Hong Kong,sch_detail.php?lang_id=1&sch_id=133&return_page=sch_list.php%3Flang_id%3D1%26search_mode%3D%26frmMode%3Dpagebreak%26district_id%3D7%26sort_id%3D-1
{'$oid': 'a3701eff960edfbac2d9275d'},Kwun Tong,Our Lady of China Catholic Primary School,天主教佑華小學,Aided,Primary,"Estate Primary School, Tsui Ping Estate Phase IV, Kwun Tong, Kowloon",23482366,info@oloccps.edu.hk,Hong Kong,sch_detail.php?lang_id=1&sch_id=119&return_page=sch_list.php%3Flang_id%3D1%26search_mode%3D%26frmMode%3Dpagebreak%26district_id%3D7%26sort_id%3D-1
{'$oid': 'e51982f9ec114c081dd1cc1f'},Kwun Tong,Sau Mau Ping Catholic Primary School,秀茂坪天主教小學,Aided,Primary,"Po Tat Estate, Kwun Tong, Kowloon",23484218,sams@smpcps.edu.hk,Hong Kong,sch_detail.php?lang_id=1&sch_id=138&return_page=sch_list.php%3Flang_id%3D1%26search_mode%3D%26frmMode%3Dpagebreak%26district_id%3D7%26sort_id%3D-1
{'$oid': '8396454d845f9c313426af8e'},Kwun Tong,Sau Ming Primary School,秀明小學,Aided,Primary,"5 Sau Fung Street, Sau Mau Ping, Kwun Tong, Kowloon",23493478,smpsmail@gmail.com,Hong Kong,sch_detail.php?lang_id=1&sch_id=139&return_page=sch_list.php%3Flang_id%3D1%26search_mode%3D%26frmMode%3Dpagebreak%26district_id%3D7%26sort_id%3D-1
{'$oid': '0e6269bdef3289581502f45a'},Kwun Tong,S.K.H. Kei Hin Primary School,聖公會基顯小學,Aided,Primary,"On Shin Road, Upper Ngau Tau Kok Estate, Kowloon",27507771,keihin@skhkeihin.edu.hk,Hong Kong,sch_detail.php?lang_id=1&sch_id=144&return_page=sch_list.php%3Flang_id%3D1%26search_mode%3D%26frmMode%3Dpagebreak%26district_id%3D7%26sort_id%3D-1
{'$oid': 'dded53b555bd337014565325'},Kwun Tong,S.K.H. Kei Lok Primary School,聖公會基樂小學,Aided,Primary,"Lok Wah Estate, Ngau Tau Kok, Kowloon",27555611,info@skhklps.edu.hk,Hong Kong,sch_detail.php?lang_id=1&sch_id=134&return_page=sch_list.php%3Flang_id%3D1%26search_mode%3D%26frmMode%3Dpagebreak%26district_id%3D7%26sort_id%3D-1
{'$oid': 'ee057c4ce6106e957659862a'},Kwun Tong,S.K.H. Lee Shiu Keung Primary School,聖公會李兆強小學,Aided,Primary,"School No. 1, On Tin Street, Ping Tin Estate, Lam Tin, Kwun Tong, Kowloon",23408383,info@skhlsk.edu.hk,Hong Kong,sch_detail.php?lang_id=1&sch_id=135&return_page=sch_list.php%3Flang_id%3D1%26search_mode%3D%26frmMode%3Dpagebreak%26district_id%3D7%26sort_id%3D-1
{'$oid': 'b359add5aee37899d3f51251'},Kwun Tong,S.K.H. St. John's Tsang Shiu Tim Primary School,聖公會聖約翰曾肇添小學,Aided,Primary,"11 On Chui Street, Kwun Tong, Kowloon",23226125,info@skhsjtst.edu.hk,Hong Kong,sch_detail.php?lang_id=1&sch_id=129&return_page=sch_list.php%3Flang_id%3D1%26search_mode%3D%26frmMode%3Dpagebreak%26district_id%3D7%26sort_id%3D-1
{'$oid': '18909330d0c407b7b54cf280'},Kwun Tong,S.K.H. Tak Tin Lee Shiu Keung Primary School,聖公會德田李兆強小學,Aided,Primary,"No 3 Hing Tin Street, Lam Tin, Kwun Tong, Kowloon",27759338,info@skhttlsk.edu.hk,Hong Kong,sch_detail.php?lang_id=1&sch_id=136&return_page=sch_list.php%3Flang_id%3D1%26search_mode%3D%26frmMode%3Dpagebreak%26district_id%3D7%26sort_id%3D-1
{'$oid': 'c33128e9c683f2978e1db3d7'},Kwun Tong,S.K.H. Yautong Kei Hin Primary School,聖公會油塘基顯小學,Aided,Primary,"23 Yau Tong Road, Yau Tong, Kowloon",27570322,ykh@skhykh.edu.hk,Hong Kong,sch_detail.php?lang_id=1&sch_id=137&return_page=sch_list.php%3Flang_id%3D1%26search_mode%3D%26frmMode%3Dpagebreak%26district_id%3D7%26sort_id%3D-1
{'$oid': '6c81235207afff0297d6784a'},Kwun Tong,St. Antonius Primary School,聖安當小學,Aided,Primary,"1 Yau Tong Road, Kwun Tong, Kowloon",23484283,info@saps.edu.hk,Hong Kong,sch_detail.php?lang_id=1&sch_id=140&return_page=sch_list.php%3Flang_id%3D1%26search_mode%3D%26frmMode%3Dpagebreak%26district_id%3D7%26sort_id%3D-1
{'$oid': 'bb2bec0104cacab875ebd58b'},Kwun Tong,St. Edward's Catholic Primary School,聖愛德華天主教小學,Aided,Primary,8 Hing Tin Street Lam Tin Kwun Tong Kln,27179585,stedwardcps@stedward.edu.hk,Hong Kong,sch_detail.php?lang_id=1&sch_id=141&return_page=sch_list.php%3Flang_id%3D1%26search_mode%3D%26frmMode%3Dpagebreak%26district_id%3D7%26sort_id%3D-1
{'$oid': '37d9b0c0af634a93917cec0b'},Kwun Tong,St. John The Baptist Catholic Primary School,聖若翰天主教小學,Aided,Primary,"29 Yee On Street, Kwun Tong, Kowloon",23890428,info@sjbcps.edu.hk,Hong Kong,sch_detail.php?lang_id=1&sch_id=146&return_page=sch_list.php%3Flang_id%3D1%26search_mode%3D%26frmMode%3Dpagebreak%26district_id%3D7%26sort_id%3D-1
{'$oid': '11f5a38e40c05203265a76bd'},Kwun Tong,St. Matthew's Lutheran School (Sau Mau Ping),路德會聖馬太學校（秀茂坪）,Aided,Primary,"123 Sau Ming Road, Sau Mau Ping Estate, Kwun Tong, Kowloon",27723797,school@smssmp.edu.hk,Hong Kong,sch_detail.php?lang_id=1&sch_id=142&return_page=sch_list.php%3Flang_id%3D1%26search_mode%3D%26frmMode%3Dpagebreak%26district_id%3D7%26sort_id%3D-1
{'$oid': '3b201e7fb4a496fb616c4a9b'},Kwun Tong,The Mission Covenant Church Holm Glad Primary School,基督教聖約教會堅樂小學,Aided,Primary,"77 Sau Ming Road, Sau Mau Ping, Kwun Tong, Kowloon",27574566,mcchgps@hgps.edu.hk,Hong Kong,sch_detail.php?lang_id=1&sch_id=122&return_page=sch_list.php%3Flang_id%3D1%26search_mode%3D%26frmMode%3Dpagebreak%26district_id%3D7%26sort_id%3D-1
{'$oid': 'c56c1eb68d697df996c7e0db'},Kwun Tong,Fukien Secondary School Affiliated School,福建中學附屬學校,DSS,Primary,"Yau Tong Estate Phase 2, Kwun Tong, Kowloon",26060670,info@fssas.edu.hk,Hong Kong,sch_detail.php?lang_id=1&sch_id=150&return_page=sch_list.php%3Flang_id%3D1%26search_mode%3D%26frmMode%3Dpagebreak%26district_id%3D7%26sort_id%3D-1
{'$oid': '006a9d29269cedabe8c481d6'},Kwun Tong,St. Joseph's Anglo-Chinese Primary School,聖若瑟英文小學,Private,Primary,"57 Kwun Tong Road, Kwun Tong, Kowloon",23255851,info@sjacps.edu.hk,Hong Kong,sch_detail.php?lang_id=1&sch_id=148&return_page=sch_list.php%3Flang_id%3D1%26search_mode%3D%26frmMode%3Dpagebreak%26district_id%3D7%26sort_id%3D-1
{'$oid': '7db279bff0f132665b3306f4'},Sai Kung,Assembly of God Leung Sing Tak Primary School,基督教神召會梁省德小學,Aided,Primary,"2 Man Kuk Lane, Tseung Kwan O, N.T.",21911929,aoglsttko@lsttko.edu.hk,Hong Kong,sch_detail.php?lang_id=1&sch_id=213&return_page=sch_list.php%3Flang_id%3D1%26search_mode%3D%26frmMode%3Dpagebreak%26district_id%3D8%26sort_id%3D-1
{'$oid': 'e5ba4c665d80da1fa3f4dbcf'},Sai Kung,Chi Lin Buddhist Primary School,佛教志蓮小學,Aided,Primary,"1 Tong Chun Street, Tseung Kwan O, N.T.",22463959,office@chilinbps.edu.hk,Hong Kong,sch_detail.php?lang_id=1&sch_id=231&return_page=sch_list.php%3Flang_id%3D1%26search_mode%3D%26frmMode%3Dpagebreak%26district_id%3D8%26sort_id%3D-1
{'$oid': '85c076ebb4190ebf8c01b10b'},Sai Kung,Christian & Missionary Alliance Sun Kei Primary School,基督教宣道會宣基小學,Aided,Primary,"Sheung Tak Estate, Tseung Kwan O, N.T.",21916996,info@sunkei.edu.hk,Hong Kong,sch_detail.php?lang_id=1&sch_id=219&return_page=sch_list.php%3Flang_id%3D1%26search_mode%3D%26frmMode%3Dpagebreak%26district_id%3D8%26sort_id%3D-1
{'$oid': 'afb84e3936d1abe8a48b114c'},Sai Kung,Erudite Government Primary School,安博官立小學,Gov't,Primary,"8 On Hei Street, Sai Kung, New Territories",23661530,egpsinfo@edb.gov.hk,Hong Kong,sch_detail.php?lang_id=1&sch_id=550&return_page=sch_list.php%3Flang_id%3D1%26search_mode%3D%26frmMode%3Dpagebreak%26district_id%3D8%26sort_id%3D-1
{'$oid': '7c1535ee2a16fdee73133cee'},Sai Kung,HHCKLA Buddhist Wong Cho Sum School,香海正覺蓮社佛教黃藻森學校,Aided,Primary,"King Lam Estate, Tseung Kwan O, N.T.",26234773,school@bwcss.edu.hk,Hong Kong,sch_detail.php?lang_id=1&sch_id=236&return_page=sch_list.php%3Flang_id%3D1%26search_mode%3D%26frmMode%3Dpagebreak%26district_id%3D8%26sort_id%3D-1
{'$oid': '284c1e716f147d85461d366b'},Sai Kung,Hong Kong And Macau Lutheran Church Ming Tao Primary School,港澳信義會明道小學,Aided,Primary,"7 Choi Ming Street, Choi Ming Court, Tseung Kwan O, N.T.",31294294,mtps@hkmlc-mtps.edu.hk,Hong Kong,sch_detail.php?lang_id=1&sch_id=220&return_page=sch_list.php%3Flang_id%3D1%26search_mode%3D%26frmMode%3Dpagebreak%26district_id%3D8%26sort_id%3D-1
{'$oid': 'a4e24db82000eec02db11644'},Sai Kung,Hong Kong and Macau Lutheran Church Primary School,港澳信義會小學,Aided,Primary,"4 Chap Fuk Road, Tseung Kwan O, N.T.",27019803,info@hkmlcps.edu.hk,Hong Kong,sch_detail.php?lang_id=1&sch_id=238&return_page=sch_list.php%3Flang_id%3D1%26search_mode%3D%26frmMode%3Dpagebreak%26district_id%3D8%26sort_id%3D-1
{'$oid': 'b231ca1c443b5eb430df061a'},Sai Kung,King Lam Catholic Primary School,景林天主教小學,Aided,Primary,"King Lam Estate, Tseung Kwan O, N.T.",27030499,klcps@klcps.edu.hk,Hong Kong,sch_detail.php?lang_id=1&sch_id=221&return_page=sch_list.php%3Flang_id%3D1%26search_mode%3D%26frmMode%3Dpagebreak%26district_id%3D8%26sort_id%3D-1
{'$oid': 'e5e3b2e5c43e2632bc82b8b8'},Sai Kung,Lok Sin Tong Lau Tak Primary School,樂善堂劉德學校,Aided,Primary,"Po Lam Estate, Tseung Kwan O, N.T.",27013072,mail@lautak.edu.hk,Hong Kong,sch_detail.php?lang_id=1&sch_id=218&return_page=sch_list.php%3Flang_id%3D1%26search_mode%3D%26frmMode%3Dpagebreak%26district_id%3D8%26sort_id%3D-1
{'$oid': '217e1ec956eb032e24d800b2'},Sai Kung,P.L.K. Fung Ching Memorial Primary School,保良局馮晴紀念小學,Aided,Primary,"2 Pui Shing Road, Tseung Kwan O, N.T.",27066620,fcs@plkfcmps.edu.hk,Hong Kong,sch_detail.php?lang_id=1&sch_id=224&return_page=sch_list.php%3Flang_id%3D1%26search_mode%3D%26frmMode%3Dpagebreak%26district_id%3D8%26sort_id%3D-1
{'$oid': '5bd1805f0600e46074dfb67f'},Sai Kung,P.L.K. Wong Wing Shu Primary School,保良局黃永樹小學,Aided,Primary,"2 Tong Yin Street, Tseung Kwan O, N.T.",21770050,info@plkwws.edu.hk,Hong Kong,sch_detail.php?lang_id=1&sch_id=222&return_page=sch_list.php%3Flang_id%3D1%26search_mode%3D%26frmMode%3Dpagebreak%26district_id%3D8%26sort_id%3D-1
{'$oid': '59a4f098850ddd91b33e51d1'},Sai Kung,Pok Oi Hospital Chan Kwok Wai Primary School,博愛醫院陳國威小學,Aided,Primary,"Sheung Tak Estate, Tseung Kwan O, N.T.",21785700,info@pohckwps.edu.hk,Hong Kong,sch_detail.php?lang_id=1&sch_id=215&return_page=sch_list.php%3Flang_id%3D1%26search_mode%3D%26frmMode%3Dpagebreak%26district_id%3D8%26sort_id%3D-1
{'$oid': 'd9f0f809d76a4fa21bb2d1e9'},Sai Kung,Sai Kung Central Lee Siu Yam Memorial School,西貢中心李少欽紀念學校,Aided,Primary,"18 Wai Man Road, Sai Kung, N.T.",27916681,info@lsy.edu.hk,Hong Kong,sch_detail.php?lang_id=1&sch_id=227&return_page=sch_list.php%3Flang_id%3D1%26search_mode%3D%26frmMode%3Dpagebreak%26district_id%3D8%26sort_id%3D-1
{'$oid': 'fc3daf8bf7d76f4397da0423'},Sai Kung,Sai Kung Sung Tsun Catholic School (Primary Section),西貢崇真天主教學校（小學部）,Aided,Primary,"Blocks F & G Ancillary Block, Po Tung Road, Sai Kung, N.T.",27922246,info@stcps.edu.hk,Hong Kong,sch_detail.php?lang_id=1&sch_id=232&return_page=sch_list.php%3Flang_id%3D1%26search_mode%3D%26frmMode%3Dpagebreak%26district_id%3D8%26sort_id%3D-1
{'$oid': '0f2b3071967900a6723967fe'},Sai Kung,S.K.H. Tseung Kwan O Kei Tak Primary School,聖公會將軍澳基德小學,Aided,Primary,"82 Po Hong Road, Tseung Kwan O, N.T.",23206066,tkokt@tkokt.edu.hk,Hong Kong,sch_detail.php?lang_id=1&sch_id=223&return_page=sch_list.php%3Flang_id%3D1%26search_mode%3D%26frmMode%3Dpagebreak%26district_id%3D8%26sort_id%3D-1
{'$oid': 'ac12eb40cec7ca98c2033f19'},Sai Kung,St. Andrew's Catholic Primary School,天主教聖安德肋小學,Aided,Primary,"30 Chui Ling Road, Tseung Kwan O, N.T.",22463313,info@sacps.edu.hk,Hong Kong,sch_detail.php?lang_id=1&sch_id=225&return_page=sch_list.php%3Flang_id%3D1%26search_mode%3D%26frmMode%3Dpagebreak%26district_id%3D8%26sort_id%3D-1
{'$oid': '52ca6dbd41034d0af77f38ad'},Sai Kung,S.T.F.A. Leung Kit Wah Primary School,順德聯誼總會梁潔華小學,Aided,Primary,"2 Mau Tai Road, Tseung Kwan O, N.T.",26233628,stfalkwps@lkw.edu.hk,Hong Kong,sch_detail.php?lang_id=1&sch_id=226&return_page=sch_list.php%3Flang_id%3D1%26search_mode%3D%26frmMode%3Dpagebreak%26district_id%3D8%26sort_id%3D-1
{'$oid': '9b91adff5d6993ed82d2b926'},Sai Kung,Tseung Kwan O Catholic Primary School,將軍澳天主教小學,Aided,Primary,"6 Tong Yin Street, Tseung Kwan O, N.T.",26235679,info@tkocps.edu.hk,Hong Kong,sch_detail.php?lang_id=1&sch_id=229&return_page=sch_list.php%3Flang_id%3D1%26search_mode%3D%26frmMode%3Dpagebreak%26district_id%3D8%26sort_id%3D-1
{'$oid': '147872cdc5c9b468b0c4edf1'},Sai Kung,Tseung Kwan O Government Primary School,將軍澳官立小學,Gov't,Primary,"Hau Tak Estate, Tseung Kwan O, N.T.",27012886,tkogps@edb.gov.hk,Hong Kong,sch_detail.php?lang_id=1&sch_id=233&return_page=sch_list.php%3Flang_id%3D1%26search_mode%3D%26frmMode%3Dpagebreak%26district_id%3D8%26sort_id%3D-1
{'$oid': '1d242d4ad9bb6bd8769658db'},Sai Kung,Tseung Kwan O Methodist Primary School,將軍澳循道衛理小學,Aided,Primary,"15 Tong Chun Street, Tseung Kwan O, N.T.",27060770,email@tkomps.edu.hk,Hong Kong,sch_detail.php?lang_id=1&sch_id=234&return_page=sch_list.php%3Flang_id%3D1%26search_mode%3D%26frmMode%3Dpagebreak%26district_id%3D8%26sort_id%3D-1
{'$oid': 'd24626912a10906b1fad5a33'},Sai Kung,TWGHs Wong Yee Jar Jat Memorial Primary School,東華三院王余家潔紀念小學,Aided,Primary,"8 Hok Lam Lane, Tseung Kwan O, N.T.",27061336,wyjjps@tungwah.org.hk,Hong Kong,sch_detail.php?lang_id=1&sch_id=237&return_page=sch_list.php%3Flang_id%3D1%26search_mode%3D%26frmMode%3Dpagebreak%26district_id%3D8%26sort_id%3D-1
{'$oid': 'cca008932c6ccbf3af252fa2'},Sai Kung,Y.C.H. Chan Iu Seng Primary School,仁濟醫院陳耀星小學,Aided,Primary,"Yuk Ming Court, Tseung Kwan O, N.T.",27061932,info@ychcisps.edu.hk,Hong Kong,sch_detail.php?lang_id=1&sch_id=216&return_page=sch_list.php%3Flang_id%3D1%26search_mode%3D%26frmMode%3Dpagebreak%26district_id%3D8%26sort_id%3D-1
{'$oid': 'e355c13b092bccdf6779b211'},Sai Kung,Y.O.T. Tin Ka Ping Primary School,仁愛堂田家炳小學,Aided,Primary,"3 Tong Chun Street, Tseung Kwan O, N.T.",24571302,office@yottkpps.edu.hk,Hong Kong,sch_detail.php?lang_id=1&sch_id=217&return_page=sch_list.php%3Flang_id%3D1%26search_mode%3D%26frmMode%3Dpagebreak%26district_id%3D8%26sort_id%3D-1
{'$oid': '47b3221a3732b918429fab3e'},Sai Kung,Evangel College,播道書院,DSS,Primary,"No. 7 Chi Shin Street, Tseung Kwan O, N.T.",23661802,admission@evangel.edu.hk,Hong Kong,sch_detail.php?lang_id=1&sch_id=235&return_page=sch_list.php%3Flang_id%3D1%26search_mode%3D%26frmMode%3Dpagebreak%26district_id%3D8%26sort_id%3D-1
{'$oid': '6ac3b85a2763ad4ac0f76213'},Sai Kung,G.T. (Ellen Yeung) College,優才（楊殷有娣）書院,DSS,Primary,"10, Ling Kwong Street, Tseung Kwan O, N.T.",25356869,pri-tko@gtcollege.edu.hk,Hong Kong,sch_detail.php?lang_id=1&sch_id=228&return_page=sch_list.php%3Flang_id%3D1%26search_mode%3D%26frmMode%3Dpagebreak%26district_id%3D8%26sort_id%3D-1
{'$oid': '87d6778751f07e5fd3ba6f22'},Sai Kung,Po Leung Kuk Luk Hing Too Primary School,保良局陸慶濤小學,DSS,Primary,"Po Lam Estate, Tseung Kwan O, N.T.",27010011,info@plklht.edu.hk,Hong Kong,sch_detail.php?lang_id=1&sch_id=214&return_page=sch_list.php%3Flang_id%3D1%26search_mode%3D%26frmMode%3Dpagebreak%26district_id%3D8%26sort_id%3D-1
{'$oid': '351a2ed50bad3102331b9704'},Sai Kung,The HKCCC Union Logos Academy,香港華人基督教聯會真道書院,DSS,Primary,"5 Ling Kwong Street, Tseung Kwan O, N.T.",23372126,info@logosacademy.edu.hk,Hong Kong,sch_detail.php?lang_id=1&sch_id=230&return_page=sch_list.php%3Flang_id%3D1%26search_mode%3D%26frmMode%3Dpagebreak%26district_id%3D8%26sort_id%3D-1
{'$oid': '2a5f210ac197586c3ae1fde1'},Sham Shui Po,"Alliance Primary School, Tai Hang Tung",大坑東宣道小學,Aided,Primary,"13 & 23 Tong Yam Street, Tai Hang Tung, Kowloon",27778949,aps@apstht.edu.hk,Hong Kong,sch_detail.php?lang_id=1&sch_id=262&return_page=sch_list.php%3Flang_id%3D1%26search_mode%3D%26frmMode%3Dpagebreak%26district_id%3D9%26sort_id%3D-1
{'$oid': 'd1b3ba400cd8cade9fdb11aa'},Sham Shui Po,C.C.C. Heep Woh Primary School (Cheung Sha Wan),中華基督教會協和小學（長沙灣）,Aided,Primary,"18 Tonkin Street, Cheung Sha Wan, Kowloon",21119099,email@heepwohcsw.edu.hk,Hong Kong,sch_detail.php?lang_id=1&sch_id=287&return_page=sch_list.php%3Flang_id%3D1%26search_mode%3D%26frmMode%3Dpagebreak%26district_id%3D9%26sort_id%3D-1
{'$oid': 'd87f9d1cfdf110e09d5f6376'},Sham Shui Po,Cheung Sha Wan Catholic Primary School,長沙灣天主教小學,Aided,Primary,"7 Tonkin Street, Cheung Sha Wan, Kowloon",27761423,csw@cswcps.edu.hk,Hong Kong,sch_detail.php?lang_id=1&sch_id=258&return_page=sch_list.php%3Flang_id%3D1%26search_mode%3D%26frmMode%3Dpagebreak%26district_id%3D9%26sort_id%3D-1
{'$oid': 'd9bd3003dd8bdea88dd00205'},Sham Shui Po,Five Districts Business Welfare Association School,五邑工商總會學校,Aided,Primary,"70 Wing Hong Street, Po On Road, Kowloon",23071017,info@fdbwa.edu.hk,Hong Kong,sch_detail.php?lang_id=1&sch_id=285&return_page=sch_list.php%3Flang_id%3D1%26search_mode%3D%26frmMode%3Dpagebreak%26district_id%3D9%26sort_id%3D-1
{'$oid': '61d51f8cb2e62c020f502179'},Sham Shui Po,Fr. Cucchiara Memorial School,郭怡雅神父紀念學校,Aided,Primary,"Estate School No. 2, Cheung Ching Estate Phase I, Tsing Yi, N.T.",24951922,fcms01@fcms.edu.hk,Hong Kong,sch_detail.php?lang_id=1&sch_id=175&return_page=sch_list.php%3Flang_id%3D1%26search_mode%3D%26frmMode%3Dpagebreak%26district_id%3D9%26sort_id%3D-1
{'$oid': '881364c0fdceec5f04870eed'},Sham Shui Po,Fuk Wing Street Government Primary School,福榮街官立小學,Gov't,Primary,"231 Fuk Wing Street, Shamshuipo, Kowloon",23869426,fwsgps@edb.gov.hk,Hong Kong,sch_detail.php?lang_id=1&sch_id=261&return_page=sch_list.php%3Flang_id%3D1%26search_mode%3D%26frmMode%3Dpagebreak%26district_id%3D9%26sort_id%3D-1
{'$oid': '8624e5b44baa4e37a39afbee'},Sham Shui Po,Good Counsel Catholic Primary School,天主教善導小學,Aided,Primary,"9 Kwong Lee Road, Shamshuipo, Kowloon",23865392,info@mail.gccps.edu.hk,Hong Kong,sch_detail.php?lang_id=1&sch_id=267&return_page=sch_list.php%3Flang_id%3D1%26search_mode%3D%26frmMode%3Dpagebreak%26district_id%3D9%26sort_id%3D-1
{'$oid': '1628b37280e6f5b227ea33fa'},Sham Shui Po,HK Sze Yap C&IA San Wui Commercial Society School,香港四邑商工總會新會商會學校,Aided,Primary,"21 Tong Yam Street, Tai Hang Tung, Kowloon",27779515,info@sycias.edu.hk,Hong Kong,sch_detail.php?lang_id=1&sch_id=264&return_page=sch_list.php%3Flang_id%3D1%26search_mode%3D%26frmMode%3Dpagebreak%26district_id%3D9%26sort_id%3D-1
{'$oid': 'f3b80c2429fbc127ca40485e'},Sham Shui Po,Hoi Ping Chamber of Commerce Primary School,旅港開平商會學校,Aided,Primary,"700 Laichikok Road, Kowloon",23875605,hoiping@hpccps.edu.hk,Hong Kong,sch_detail.php?lang_id=1&sch_id=268&return_page=sch_list.php%3Flang_id%3D1%26search_mode%3D%26frmMode%3Dpagebreak%26district_id%3D9%26sort_id%3D-1
{'$oid': 'e5e0dcedd6f175cbdcb7e9c7'},Sham Shui Po,Ka Ling School of The Precious Blood,寶血會嘉靈學校,Aided,Primary,"280 Hai Tan Street, Shamshuipo, Kowloon",23864542,info@kalingpb.edu.hk,Hong Kong,sch_detail.php?lang_id=1&sch_id=269&return_page=sch_list.php%3Flang_id%3D1%26search_mode%3D%26frmMode%3Dpagebreak%26district_id%3D9%26sort_id%3D-1
{'$oid': '2a11becaf8d4dc92cb7670a0'},Sham Shui Po,Laichikok Catholic Primary School,荔枝角天主教小學,Aided,Primary,"6 Hing Wah Street West, Sham Shui Po, Kowloon",27433836,info@lcps.edu.hk,Hong Kong,sch_detail.php?lang_id=1&sch_id=270&return_page=sch_list.php%3Flang_id%3D1%26search_mode%3D%26frmMode%3Dpagebreak%26district_id%3D9%26sort_id%3D-1
{'$oid': '5aca1fd267125a85fb33287b'},Sham Shui Po,Li Cheng Uk Government Primary School,李鄭屋官立小學,Gov't,Primary,"43 Tonkin Street, Shamshuipo, Kowloon",23868049,lcugps@edb.gov.hk,Hong Kong,sch_detail.php?lang_id=1&sch_id=271&return_page=sch_list.php%3Flang_id%3D1%26search_mode%3D%26frmMode%3Dpagebreak%26district_id%3D9%26sort_id%3D-1
{'$oid': '1e3b5e65c6f5e404717c0a10'},Sham Shui Po,Maryknoll Fathers' School (Primary Section),瑪利諾神父教會學校（小學部）,Aided,Primary,"11 Hoi Lai Street, Sham Shui Po, Kowloon",27788235,info@mfsp.edu.hk,Hong Kong,sch_detail.php?lang_id=1&sch_id=265&return_page=sch_list.php%3Flang_id%3D1%26search_mode%3D%26frmMode%3Dpagebreak%26district_id%3D9%26sort_id%3D-1
{'$oid': '18aa2f348219f5291dd8a488'},Sham Shui Po,Sham Shui Po Government Primary School,深水埗官立小學,Gov't,Primary,"101 Sham Mong Road, Sham Shui Po, Kowloon",29590555,email@sspgps.edu.hk,Hong Kong,sch_detail.php?lang_id=1&sch_id=257&return_page=sch_list.php%3Flang_id%3D1%26search_mode%3D%26frmMode%3Dpagebreak%26district_id%3D9%26sort_id%3D-1
{'$oid': '3b511dd9de29b94036060ecc'},Sham Shui Po,Shamshuipo Kaifong Welfare Association Primary School,深水埔街坊福利會小學,Aided,Primary,"88 Yu Chau Street, Shamshuipo, Kowloon",23819504,admin@sspkw.edu.hk,Hong Kong,sch_detail.php?lang_id=1&sch_id=260&return_page=sch_list.php%3Flang_id%3D1%26search_mode%3D%26frmMode%3Dpagebreak%26district_id%3D9%26sort_id%3D-1
{'$oid': '6badf20d536c446b6d26439b'},Sham Shui Po,S.K.H. Kei Fook Primary School,聖公會基福小學,Aided,Primary,"555 Cheung Sha Wan Road, Sham Shui Po, Kowloon",23871121,info@keifook.edu.hk,Hong Kong,sch_detail.php?lang_id=1&sch_id=272&return_page=sch_list.php%3Flang_id%3D1%26search_mode%3D%26frmMode%3Dpagebreak%26district_id%3D9%26sort_id%3D-1
{'$oid': '829fc8247ba78c5f54f57e74'},Sham Shui Po,S.K.H. Kei Oi Primary School,聖公會基愛小學,Aided,Primary,"15 Kwong Lee Road, Li Cheng Uk, Kowloon",23862463,info@keioi.edu.hk,Hong Kong,sch_detail.php?lang_id=1&sch_id=273&return_page=sch_list.php%3Flang_id%3D1%26search_mode%3D%26frmMode%3Dpagebreak%26district_id%3D9%26sort_id%3D-1
{'$oid': 'cea8cdc3cce84aa24cb2aebe'},Sham Shui Po,S.K.H. St. Andrew's Primary School,聖公會聖安德烈小學,Aided,Primary,"No. 3 Hoi Lai Street, Shamshuipo, Kowloon",29591551,andrew@skhstandrews.edu.hk,Hong Kong,sch_detail.php?lang_id=1&sch_id=274&return_page=sch_list.php%3Flang_id%3D1%26search_mode%3D%26frmMode%3Dpagebreak%26district_id%3D9%26sort_id%3D-1
{'$oid': '994d045af9b1b7124fe7539d'},Sham Shui Po,S.K.H. St. Clement's Primary School,聖公會聖紀文小學,Aided,Primary,"5 Fortune Street, Cheung Sha Wan, Kowloon",23615663,info@skhscps.edu.hk,Hong Kong,sch_detail.php?lang_id=1&sch_id=259&return_page=sch_list.php%3Flang_id%3D1%26search_mode%3D%26frmMode%3Dpagebreak%26district_id%3D9%26sort_id%3D-1
{'$oid': 'd3668c12a0fa48c3076eae47'},Sham Shui Po,S.K.H. St. Thomas' Primary School,聖公會聖多馬小學,Aided,Primary,"145 Pratas Street, Shamshuipo, Kowloon",27793076,info@skhstthomas.edu.hk,Hong Kong,sch_detail.php?lang_id=1&sch_id=275&return_page=sch_list.php%3Flang_id%3D1%26search_mode%3D%26frmMode%3Dpagebreak%26district_id%3D9%26sort_id%3D-1
{'$oid': '182e8f83a65ce17727a6bd28'},Sham Shui Po,St. Francis of Assisi's Caritas School,聖方濟愛德小學,Aided,Primary,"7 Wai Chi Street, Shek Kip Mei, Sham Shui Po, Kowloon",27772752,info@sfacs.edu.hk,Hong Kong,sch_detail.php?lang_id=1&sch_id=266&return_page=sch_list.php%3Flang_id%3D1%26search_mode%3D%26frmMode%3Dpagebreak%26district_id%3D9%26sort_id%3D-1
{'$oid': 'fba1965a9bdd78384b0cbc83'},Sham Shui Po,The ELCHK Faith Lutheran School,基督教香港信義會深信學校,Aided,Primary,"8 Pui Tak Street, Shek Kip Mei & 221 Nam Cheong Street, Shek Kip Mei, Kowloon",27790106,info@elchkfls.edu.hk,Hong Kong,sch_detail.php?lang_id=1&sch_id=263&return_page=sch_list.php%3Flang_id%3D1%26search_mode%3D%26frmMode%3Dpagebreak%26district_id%3D9%26sort_id%3D-1
{'$oid': 'a311cde550011818c878d58c'},Sham Shui Po,Chan's Creative School,啟基學校,Private,Primary,"New Wing, 71 Boundary Street, Kowloon",23816228,chanscreative@ccs.edu.hk,Hong Kong,sch_detail.php?lang_id=1&sch_id=277&return_page=sch_list.php%3Flang_id%3D1%26search_mode%3D%26frmMode%3Dpagebreak%26district_id%3D9%26sort_id%3D-1
{'$oid': '784e08abb728aa2a527a5711'},Sham Shui Po,Delia English Primary School & Kindergarten,地利亞英文小學暨幼稚園,Private,Primary,"84-86 Broadway, Mei Foo Sun Chuen, Kowloon",27422027,mp@deliagroup.edu.hk,Hong Kong,sch_detail.php?lang_id=1&sch_id=278&return_page=sch_list.php%3Flang_id%3D1%26search_mode%3D%26frmMode%3Dpagebreak%26district_id%3D9%26sort_id%3D-1
{'$oid': '45cdecc6bddaaa8318d97c13'},Sham Shui Po,Kowloon Rhenish School,九龍禮賢學校,Private,Primary,"2A Dianthus Road, Yau Yat Chuen, Kowloon",23806011,info@krs.edu.hk,Hong Kong,sch_detail.php?lang_id=1&sch_id=279&return_page=sch_list.php%3Flang_id%3D1%26search_mode%3D%26frmMode%3Dpagebreak%26district_id%3D9%26sort_id%3D-1
{'$oid': 'dec0fb7ff61b4142b725b530'},Sham Shui Po,Lingnan University Alumni Association (Hong Kong) Primary School,嶺南大學香港同學會小學,DSS,Primary,"33 Pak Tin Street, Kowloon",27768453,info@luaaps.edu.hk,Hong Kong,sch_detail.php?lang_id=1&sch_id=286&return_page=sch_list.php%3Flang_id%3D1%26search_mode%3D%26frmMode%3Dpagebreak%26district_id%3D9%26sort_id%3D-1
{'$oid': '1725bc6ee61af4c7963490f0'},Sham Shui Po,St. Francis of Assisi's English Primary School,聖方濟各英文小學,Private,Primary,"58 Shek Kip Mei Street, Sham Shui Po, Kowloon",27797654,enquiry@sfaeps.edu.hk,Hong Kong,sch_detail.php?lang_id=1&sch_id=256&return_page=sch_list.php%3Flang_id%3D1%26search_mode%3D%26frmMode%3Dpagebreak%26district_id%3D9%26sort_id%3D-1
{'$oid': 'f4b390d5338ee250c689087f'},Sham Shui Po,St. Margaret's Co-edu English Secondary & Primary School,聖瑪加利男女英文中小學,DSS,Primary,"33 Sham Mong Road, Shamshuipo, Kowloon",23966675,enquiry@smcesps.edu.hk,Hong Kong,sch_detail.php?lang_id=1&sch_id=281&return_page=sch_list.php%3Flang_id%3D1%26search_mode%3D%26frmMode%3Dpagebreak%26district_id%3D9%26sort_id%3D-1
{'$oid': '3676726d8422421d7d6bd545'},Sham Shui Po,Tak Nga Primary School,德雅小學,Private,Primary,"20 Tat Chee Avenue, Yau Yat Chuen, Kowloon",23806581,tnps@eservices.hkedcity.net,Hong Kong,sch_detail.php?lang_id=1&sch_id=282&return_page=sch_list.php%3Flang_id%3D1%26search_mode%3D%26frmMode%3Dpagebreak%26district_id%3D9%26sort_id%3D-1
{'$oid': '0d0e17fcecc3f7eb7e06aebd'},Sham Shui Po,Tsung Tsin Primary School And Kindergarten,崇真小學暨幼稚園,Private,Primary,"58 Tai Po Road, Sham Shui Po, Kowloon",27773679,ttpskg@ttpskg.edu.hk,Hong Kong,sch_detail.php?lang_id=1&sch_id=283&return_page=sch_list.php%3Flang_id%3D1%26search_mode%3D%26frmMode%3Dpagebreak%26district_id%3D9%26sort_id%3D-1
{'$oid': '6ef8cb9808e3d8b60e6bfa3f'},Sham Shui Po,Ying Wa Primary School,英華小學,DSS,Primary,"No 3 Ying Wa Street, Shamshuipo, Kowloon",27283320,school@yingwa.hk,Hong Kong,sch_detail.php?lang_id=1&sch_id=276&return_page=sch_list.php%3Flang_id%3D1%26search_mode%3D%26frmMode%3Dpagebreak%26district_id%3D9%26sort_id%3D-1
{'$oid': 'b95261e93012be60e2edccc8'},Wong Tai Sin,Bishop Ford Memorial School,福德學校,Aided,Primary,"20 Pui Man Street, Tung Tau Tsuen, Kowloon",23360206,info@bfordms.edu.hk,Hong Kong,sch_detail.php?lang_id=1&sch_id=432&return_page=sch_list.php%3Flang_id%3D1%26search_mode%3D%26frmMode%3Dpagebreak%26district_id%3D10%26sort_id%3D-1
{'$oid': '58895e64edad3611bbe1b36c'},Wong Tai Sin,Canossa Primary School,嘉諾撒小學,Aided,Primary,"5 Chun Yan Street, Chuk Yuen, Kowloon",23222445,info@cpswts.edu.hk,Hong Kong,sch_detail.php?lang_id=1&sch_id=445&return_page=sch_list.php%3Flang_id%3D1%26search_mode%3D%26frmMode%3Dpagebreak%26district_id%3D10%26sort_id%3D-1
{'$oid': '108c06e60656cadc1a82ad8f'},Wong Tai Sin,Ng Wah Catholic Primary School,天主教伍華小學,Aided,Primary,"5 Choi Hung Road, San Po Kong, Kowloon",23838079,ngwah@nwcps.edu.hk,Hong Kong,sch_detail.php?lang_id=1&sch_id=446&return_page=sch_list.php%3Flang_id%3D1%26search_mode%3D%26frmMode%3Dpagebreak%26district_id%3D10%26sort_id%3D-1
{'$oid': '1d7e5a9d877204fc38f21eee'},Wong Tai Sin,P.L.K. Mrs. Chan Nam Chong Memorial Primary School,保良局陳南昌夫人小學,Aided,Primary,"30 Hong Keung Street, San Po Kong, Kowloon",27599365,info@plkcnc.edu.hk,Hong Kong,sch_detail.php?lang_id=1&sch_id=451&return_page=sch_list.php%3Flang_id%3D1%26search_mode%3D%26frmMode%3Dpagebreak%26district_id%3D10%26sort_id%3D-1
{'$oid': '6b802762613ccea2bbf740a5'},Wong Tai Sin,S.K.H. Kei Tak Primary School,聖公會基德小學,Aided,Primary,"Tai Shing Street, Wong Tai Sin, Kowloon",23203077,skhkt@skhkt.edu.hk,Hong Kong,sch_detail.php?lang_id=1&sch_id=448&return_page=sch_list.php%3Flang_id%3D1%26search_mode%3D%26frmMode%3Dpagebreak%26district_id%3D10%26sort_id%3D-1
{'$oid': '1c8587de102adf99226338eb'},Wong Tai Sin,St. Patrick's School,聖博德學校,Aided,Primary,"12 Fu Mei Street East, Wang Tau Hom, Kowloon",23370133,email@sps.edu.hk,Hong Kong,sch_detail.php?lang_id=1&sch_id=449&return_page=sch_list.php%3Flang_id%3D1%26search_mode%3D%26frmMode%3Dpagebreak%26district_id%3D10%26sort_id%3D-1
{'$oid': '7f2e1e65c345e6e70e068cdd'},Wong Tai Sin,Wong Tai Sin Catholic Primary School,黃大仙天主教小學,Aided,Primary,"102 Ching Tak Street, Wong Tai Sin, Kowloon",23255316,mail@e-wong.edu.hk,Hong Kong,sch_detail.php?lang_id=1&sch_id=434&return_page=sch_list.php%3Flang_id%3D1%26search_mode%3D%26frmMode%3Dpagebreak%26district_id%3D10%26sort_id%3D-1
{'$oid': 'aded334b8c364c2700c1ae7c'},Wong Tai Sin,Wong Tai Sin Government Primary School,黃大仙官立小學,Gov't,Primary,"100 Ching Tak Street, Wong Tai Sin, Kowloon",23202437,wtsgps@edb.gov.hk,Hong Kong,sch_detail.php?lang_id=1&sch_id=435&return_page=sch_list.php%3Flang_id%3D1%26search_mode%3D%26frmMode%3Dpagebreak%26district_id%3D10%26sort_id%3D-1
{'$oid': '18bf82bbdd58de989d8d1c7b'},Wong Tai Sin,Canossa Primary School (San Po Kong),嘉諾撒小學（新蒲崗）,Aided,Primary,"9 Choi Yee Lane, San Po Kong, Kowloon",23238883,cpsspk@cps.edu.hk,Hong Kong,sch_detail.php?lang_id=1&sch_id=437&return_page=sch_list.php%3Flang_id%3D1%26search_mode%3D%26frmMode%3Dpagebreak%26district_id%3D10%26sort_id%3D-1
{'$oid': '1a9fe7d323fd30153709ba90'},Wong Tai Sin,C.C.C. Kei Wa Primary School,中華基督教會基華小學,Aided,Primary,"3 Wong Kuk Avenue, Choi Hung Estate, Wong Tai Sin, Kowloon",23200683,keiwa@keiwa.edu.hk,Hong Kong,sch_detail.php?lang_id=1&sch_id=436&return_page=sch_list.php%3Flang_id%3D1%26search_mode%3D%26frmMode%3Dpagebreak%26district_id%3D10%26sort_id%3D-1
{'$oid': '32a55e2fe66b410881e52ec9'},Wong Tai Sin,Choi Wan St Joseph's Primary School,彩雲聖若瑟小學,Aided,Primary,"Estate School No. 2, Choi Wan Estate, Kowloon",27557180,info@cwsj.edu.hk,Hong Kong,sch_detail.php?lang_id=1&sch_id=427&return_page=sch_list.php%3Flang_id%3D1%26search_mode%3D%26frmMode%3Dpagebreak%26district_id%3D10%26sort_id%3D-1
{'$oid': '644dd8882864633981d53cbf'},Wong Tai Sin,Chun Tok School,真鐸學校,Aided,Primary,"171 Hammer Hill Road, Diamond Hill, Kowloon",23265111,info@cts.edu.hk,Hong Kong,sch_detail.php?lang_id=1&sch_id=438&return_page=sch_list.php%3Flang_id%3D1%26search_mode%3D%26frmMode%3Dpagebreak%26district_id%3D10%26sort_id%3D-1
{'$oid': '97942347972ac6f0442bf471'},Wong Tai Sin,Ho Lap Primary School (Sponsored by Sik Sik Yuen),嗇色園主辦可立小學,Aided,Primary,"88 Sheung Fung Street, Tsz Wan Shan, Kowloon, Hong Kong",23216003,hlp-mail@holap-p.edu.hk,Hong Kong,sch_detail.php?lang_id=1&sch_id=428&return_page=sch_list.php%3Flang_id%3D1%26search_mode%3D%26frmMode%3Dpagebreak%26district_id%3D10%26sort_id%3D-1
{'$oid': '51202b5f328db4317b30eb97'},Wong Tai Sin,Islamic Dharwood Pau Memorial Primary School,伊斯蘭鮑伯濤紀念小學,Aided,Primary,"Tsz Lok Estate Phase I, Tsz Wan Shan, Kowloon",23201300,idpmps@idpmps.edu.hk,Hong Kong,sch_detail.php?lang_id=1&sch_id=450&return_page=sch_list.php%3Flang_id%3D1%26search_mode%3D%26frmMode%3Dpagebreak%26district_id%3D10%26sort_id%3D-1
{'$oid': '7e7082c9aa3fac0ed857a90b'},Wong Tai Sin,Po Leung Kuk Grandmont Primary School,保良局錦泰小學,Aided,Primary,"180, Po Kong Village Road, Wong Tai Sin, Kowloon",23262886,info@grandmont.edu.hk,Hong Kong,sch_detail.php?lang_id=1&sch_id=452&return_page=sch_list.php%3Flang_id%3D1%26search_mode%3D%26frmMode%3Dpagebreak%26district_id%3D10%26sort_id%3D-1
{'$oid': 'f1821d2acbfc52d6454cba75'},Wong Tai Sin,St. Bonaventure Catholic Primary School,聖文德天主教小學,Aided,Primary,"4 Fung Lai Road, Fung Tak Estate, Diamond Hill, Kowloon",23202727,sch@sbcps.edu.hk,Hong Kong,sch_detail.php?lang_id=1&sch_id=439&return_page=sch_list.php%3Flang_id%3D1%26search_mode%3D%26frmMode%3Dpagebreak%26district_id%3D10%26sort_id%3D-1
{'$oid': '76f591ce048e5a114a8cfd91'},Wong Tai Sin,St. Patrick's Catholic Primary School (Po Kong Village Road),聖博德天主教小學（蒲崗村道）,Aided,Primary,"178 Po Kong Village Road, Wong Tai Sin, Kowloon",22460783,spcps001@spcpspkv.edu.hk,Hong Kong,sch_detail.php?lang_id=1&sch_id=440&return_page=sch_list.php%3Flang_id%3D1%26search_mode%3D%26frmMode%3Dpagebreak%26district_id%3D10%26sort_id%3D-1
{'$oid': '3cbeb12807b95f462cb053ca'},Wong Tai Sin,The Church of Christ in China Kei Tsz Primary School,中華基督教會基慈小學,Aided,Primary,"152 Tsz Wan Shan Road, Kowloon",23225122,info@keitsz.edu.hk,Hong Kong,sch_detail.php?lang_id=1&sch_id=441&return_page=sch_list.php%3Flang_id%3D1%26search_mode%3D%26frmMode%3Dpagebreak%26district_id%3D10%26sort_id%3D-1
{'$oid': '7ebac06ed459dac53b987f95'},Wong Tai Sin,Tsz Wan Shan Catholic Primary School,慈雲山天主教小學,Aided,Primary,"172 Po Kong Village Road, Wong Tai Sin, Kowloon",23273332,mail@twscps.edu.hk,Hong Kong,sch_detail.php?lang_id=1&sch_id=442&return_page=sch_list.php%3Flang_id%3D1%26search_mode%3D%26frmMode%3Dpagebreak%26district_id%3D10%26sort_id%3D-1
{'$oid': '6c89c1490df751abfb266092'},Wong Tai Sin,Tsz Wan Shan St Bonaventure Catholic Primary School,慈雲山聖文德天主教小學,Aided,Primary,"Tsz Ching Estate, Wong Tai Sin, Kowloon",23206226,admin@tsbcps.edu.hk,Hong Kong,sch_detail.php?lang_id=1&sch_id=429&return_page=sch_list.php%3Flang_id%3D1%26search_mode%3D%26frmMode%3Dpagebreak%26district_id%3D10%26sort_id%3D-1
{'$oid': 'bdb78798c58f04d0ab51ef7b'},Wong Tai Sin,Confucian Tai Shing Primary School,孔教學院大成小學,Aided,Primary,"10 Tai Shing Street, Wong Tai Sin, Kowloon",23203301,info@taishingprimary.edu.hk,Hong Kong,sch_detail.php?lang_id=1&sch_id=430&return_page=sch_list.php%3Flang_id%3D1%26search_mode%3D%26frmMode%3Dpagebreak%26district_id%3D10%26sort_id%3D-1
{'$oid': '591a32a034e5299d4507a31f'},Wong Tai Sin,Po Yan Oblate Primary School,獻主會溥仁小學,Aided,Primary,"15 Lok Sin Road, Kowloon",23823474,poyan@poyan.edu.hk,Hong Kong,sch_detail.php?lang_id=1&sch_id=426&return_page=sch_list.php%3Flang_id%3D1%26search_mode%3D%26frmMode%3Dpagebreak%26district_id%3D10%26sort_id%3D-1
{'$oid': '71cf538e5019e5347a2a8da1'},Wong Tai Sin,Price Memorial Catholic Primary School,天主教博智小學,Aided,Primary,"Tin Ma Court, 53 Chuk Yuen Road, Wong Tai Sin, Kowloon",23288033,info@pmcps.edu.hk,Hong Kong,sch_detail.php?lang_id=1&sch_id=433&return_page=sch_list.php%3Flang_id%3D1%26search_mode%3D%26frmMode%3Dpagebreak%26district_id%3D10%26sort_id%3D-1
{'$oid': 'fe03c71c7587536dcaac7bdd'},Wong Tai Sin,Good Hope Primary School cum Kindergarten,德望小學暨幼稚園,Private,Primary,"381-383 Jat's Incline, Kowloon",23275294,ghps@ghsps.edu.hk,Hong Kong,sch_detail.php?lang_id=1&sch_id=443&return_page=sch_list.php%3Flang_id%3D1%26search_mode%3D%26frmMode%3Dpagebreak%26district_id%3D10%26sort_id%3D-1
{'$oid': 'f4298c927eb5a30851726f1a'},Wong Tai Sin,International Christian Quality Music Sec. and Pri. School,國際基督教優質音樂中學暨小學,Private,Primary,"182 Po Kong Village Road, Diamond Hill, Kowloon",27773828,info@icqm.edu.hk,Hong Kong,sch_detail.php?lang_id=1&sch_id=454&return_page=sch_list.php%3Flang_id%3D1%26search_mode%3D%26frmMode%3Dpagebreak%26district_id%3D10%26sort_id%3D-1
{'$oid': '2c5307f3b0f269ab0a188c65'},Wong Tai Sin,Our Lady's Primary School,聖母小學,Private,Primary,"116 Shatin Pass Road, Wong Tai Sin, Kowloon",23201001,admin@olps.edu.hk,Hong Kong,sch_detail.php?lang_id=1&sch_id=455&return_page=sch_list.php%3Flang_id%3D1%26search_mode%3D%26frmMode%3Dpagebreak%26district_id%3D10%26sort_id%3D-1
{'$oid': '8f22111ee5e133210b74eb67'},Yau Tsim Mong,C.C.C. Wanchai Church Kei To Primary School,中華基督教會灣仔堂基道小學,Aided,Primary,"45 Tung Kun Street, Yau Ma Tei, Kowloon",27804455,info@keito.edu.hk,Hong Kong,sch_detail.php?lang_id=1&sch_id=511&return_page=sch_list.php%3Flang_id%3D1%26search_mode%3D%26frmMode%3Dpagebreak%26district_id%3D11%26sort_id%3D-1
{'$oid': '62d1dfe19114c7434c9dc522'},Yau Tsim Mong,Jordan Road Government Primary School,佐敦道官立小學,Gov't,Primary,"1B Nanking Street, Yaumatei, Kowloon",23324249,jrgps@edb.gov.hk,Hong Kong,sch_detail.php?lang_id=1&sch_id=512&return_page=sch_list.php%3Flang_id%3D1%26search_mode%3D%26frmMode%3Dpagebreak%26district_id%3D11%26sort_id%3D-1
{'$oid': '71012c51ee4f9f52098caf0e'},Yau Tsim Mong,Methodist School,循道學校,Aided,Primary,"12 Wylie Road, Kowloon.",39762200,info@kmsch.edu.hk,Hong Kong,sch_detail.php?lang_id=1&sch_id=507&return_page=sch_list.php%3Flang_id%3D1%26search_mode%3D%26frmMode%3Dpagebreak%26district_id%3D11%26sort_id%3D-1
{'$oid': '34904ff7f253af5ac320e3ca'},Yau Tsim Mong,St. Mary's Canossian School,嘉諾撒聖瑪利學校,Aided,Primary,"162 Austin Road, Kowloon",23684204,school@smcs.edu.hk,Hong Kong,sch_detail.php?lang_id=1&sch_id=513&return_page=sch_list.php%3Flang_id%3D1%26search_mode%3D%26frmMode%3Dpagebreak%26district_id%3D11%26sort_id%3D-1
{'$oid': '8e3ad8ffba0d9e0742e9998c'},Yau Tsim Mong,Tak Sun School,德信學校,Aided,Primary,"103 Austin Road, Kowloon",23673446,mail@taksun.edu.hk,Hong Kong,sch_detail.php?lang_id=1&sch_id=515&return_page=sch_list.php%3Flang_id%3D1%26search_mode%3D%26frmMode%3Dpagebreak%26district_id%3D11%26sort_id%3D-1
{'$oid': 'fd9b767153a0cc3750bbd145'},Yau Tsim Mong,Tung Koon District Society Fong Shu Chuen School,東莞同鄉會方樹泉學校,Aided,Primary,"43 Tung Kun Street, Yaumatei, Kowloon",27802296,info@tkfsc-school.edu.hk,Hong Kong,sch_detail.php?lang_id=1&sch_id=516&return_page=sch_list.php%3Flang_id%3D1%26search_mode%3D%26frmMode%3Dpagebreak%26district_id%3D11%26sort_id%3D-1
{'$oid': 'd983f7a92ece65cc38ad5743'},Yau Tsim Mong,TWGHs Lo Yu Chik Primary School,東華三院羅裕積小學,Aided,Primary,"51 Pitt Street, Yaumatei, Kowloon",27800039,lycps@tungwah.org.hk,Hong Kong,sch_detail.php?lang_id=1&sch_id=514&return_page=sch_list.php%3Flang_id%3D1%26search_mode%3D%26frmMode%3Dpagebreak%26district_id%3D11%26sort_id%3D-1
{'$oid': '5e04595ac6c2f5bad1af7a24'},Yau Tsim Mong,Yaumati Catholic Primary School,油蔴地天主教小學,Aided,Primary,"41 Tung Kun Street, Kowloon",27807311,ycps@ymtcps.hktedu.com,Hong Kong,sch_detail.php?lang_id=1&sch_id=517&return_page=sch_list.php%3Flang_id%3D1%26search_mode%3D%26frmMode%3Dpagebreak%26district_id%3D11%26sort_id%3D-1
{'$oid': '95041041ef83c30bed1954a5'},Yau Tsim Mong,Yaumati Catholic Primary School (Hoi Wang Road),油蔴地天主教小學（海泓道）,Aided,Primary,"10 Hoi Wang Road, Yau Ma Tei, Kowloon",26250766,info@ycps.edu.hk,Hong Kong,sch_detail.php?lang_id=1&sch_id=518&return_page=sch_list.php%3Flang_id%3D1%26search_mode%3D%26frmMode%3Dpagebreak%26district_id%3D11%26sort_id%3D-1
{'$oid': '6a8c8b1008b75f2e91120d0e'},Yau Tsim Mong,Yaumati Kaifong Association School,油蔴地街坊會學校,Aided,Primary,"80 Public Square Street, Yaumatei, Kowloon",23888327,ymtkfas@eservices.hkedcity.net,Hong Kong,sch_detail.php?lang_id=1&sch_id=519&return_page=sch_list.php%3Flang_id%3D1%26search_mode%3D%26frmMode%3Dpagebreak%26district_id%3D11%26sort_id%3D-1
{'$oid': 'b8fd20d06e0b83e202b4cb2a'},Yau Tsim Mong,C.C.C. Heep Woh Primary School,中華基督教會協和小學,Aided,Primary,"191B Prince Edward Road, Kowloon",23814343,enquiry@heepwoh.edu.hk,Hong Kong,sch_detail.php?lang_id=1&sch_id=521&return_page=sch_list.php%3Flang_id%3D1%26search_mode%3D%26frmMode%3Dpagebreak%26district_id%3D11%26sort_id%3D-1
{'$oid': 'bec07ba52312c8b7b433c86e'},Yau Tsim Mong,C.C.C. Kei Tsun Primary School,中華基督教會基全小學,Aided,Primary,"150 Tai Kok Tsui Road, Tai Kok Tsui, Kowloon",23928221,kts-mail@cccktps.edu.hk,Hong Kong,sch_detail.php?lang_id=1&sch_id=522&return_page=sch_list.php%3Flang_id%3D1%26search_mode%3D%26frmMode%3Dpagebreak%26district_id%3D11%26sort_id%3D-1
{'$oid': '007369adf465576a690c856d'},Yau Tsim Mong,Fresh Fish Traders' School,鮮魚行學校,Aided,Primary,"33 Sycamore Street, Tai Kok Tsui, Kowloon",23938958,ffts@ffts.edu.hk,Hong Kong,sch_detail.php?lang_id=1&sch_id=523&return_page=sch_list.php%3Flang_id%3D1%26search_mode%3D%26frmMode%3Dpagebreak%26district_id%3D11%26sort_id%3D-1
{'$oid': '6f35eed2152a56ba2a198316'},Yau Tsim Mong,Sharon Lutheran School,路德會沙崙學校,Aided,Primary,"18 Cherry Street, Tai Kok Tsui, Kowloon",23920221,sharon@sharonlu.edu.hk,Hong Kong,sch_detail.php?lang_id=1&sch_id=527&return_page=sch_list.php%3Flang_id%3D1%26search_mode%3D%26frmMode%3Dpagebreak%26district_id%3D11%26sort_id%3D-1
{'$oid': '6656ed072c6c26e5198598e6'},Yau Tsim Mong,S.K.H. Kei Wing Primary School,聖公會基榮小學,Aided,Primary,"23 Lai Chi Kok Road, Tai Kok Tsui, Kowloon",23800349,info@skhkwps.edu.hk,Hong Kong,sch_detail.php?lang_id=1&sch_id=524&return_page=sch_list.php%3Flang_id%3D1%26search_mode%3D%26frmMode%3Dpagebreak%26district_id%3D11%26sort_id%3D-1
{'$oid': '02ad77a0630e2f6425fa653d'},Yau Tsim Mong,Tai Kok Tsui Catholic Primary School,大角嘴天主教小學,Aided,Primary,"148 Tai Kok Tsui Road, Tai Kok Tsui, Kowloon",23952521,sch@tktcps.edu.hk,Hong Kong,sch_detail.php?lang_id=1&sch_id=525&return_page=sch_list.php%3Flang_id%3D1%26search_mode%3D%26frmMode%3Dpagebreak%26district_id%3D11%26sort_id%3D-1
{'$oid': '035bc424cfd9085e5abb1578'},Yau Tsim Mong,Tai Kok Tsui Catholic Primary School (Hoi Fan Road),大角嘴天主教小學（海帆道）,Aided,Primary,"20 Hoi Fan Road, Tai Kok Tsui, Kowloon",21914270,admin@tktcpshfr.edu.hk,Hong Kong,sch_detail.php?lang_id=1&sch_id=510&return_page=sch_list.php%3Flang_id%3D1%26search_mode%3D%26frmMode%3Dpagebreak%26district_id%3D11%26sort_id%3D-1
{'$oid': '327fb9ba874ffaf06f4a7ce9'},Yau Tsim Mong,Tong Mei Road Government Primary School,塘尾道官立小學,Gov't,Primary,"170 Tong Mi Road, Mongkok, Kowloon, H.K.",23930800,info@tmrgps1.edu.hk,Hong Kong,sch_detail.php?lang_id=1&sch_id=526&return_page=sch_list.php%3Flang_id%3D1%26search_mode%3D%26frmMode%3Dpagebreak%26district_id%3D11%26sort_id%3D-1
{'$oid': '52d33748b9a814d5e78a7ecf'},Yau Tsim Mong,Diocesan Girls' Junior School,拔萃女小學,Private,Primary,"1 Jordan Road, Kowloon",22779200,dgjs@dgjs.edu.hk,Hong Kong,sch_detail.php?lang_id=1&sch_id=528&return_page=sch_list.php%3Flang_id%3D1%26search_mode%3D%26frmMode%3Dpagebreak%26district_id%3D11%26sort_id%3D-1
{'$oid': '43da077f62e374586ded4985'},Yau Tsim Mong,Po Leung Kuk Camões Tan Siu Lin Primary School,保良局陳守仁小學,DSS,Primary,"6 Hoi Ting Road, Yau Ma Tei, Kowloon",23673318,info@plkctslps.edu.hk,Hong Kong,sch_detail.php?lang_id=1&sch_id=529&return_page=sch_list.php%3Flang_id%3D1%26search_mode%3D%26frmMode%3Dpagebreak%26district_id%3D11%26sort_id%3D-1
{'$oid': 'd87275fdb24e095176446685'},North,Fung Kai Innovative School,鳳溪創新小學,Aided,Primary,"19A Jockey Club Road, Sheung Shui, N.T.",26392201,info@fkis.edu.hk,Hong Kong,sch_detail.php?lang_id=1&sch_id=206&return_page=sch_list.php%3Flang_id%3D1%26search_mode%3D%26frmMode%3Dpagebreak%26district_id%3D12%26sort_id%3D-1
{'$oid': '3292966345f05ae426c355dd'},North,Fung Kai No.1 Primary School,鳳溪第一小學,Aided,Primary,"15 & 19 Jockey Club Road, Sheung Shui, N.T.",26709353,info@fk1ps.edu.hk,Hong Kong,sch_detail.php?lang_id=1&sch_id=205&return_page=sch_list.php%3Flang_id%3D1%26search_mode%3D%26frmMode%3Dpagebreak%26district_id%3D12%26sort_id%3D-1
{'$oid': 'f1f26f1c0822638d0713ef61'},North,HHCKLA Buddhist Chan Shi Wan Primary School,香海正覺蓮社佛教陳式宏學校,Aided,Primary,"Choi Yuen Estate, Sheung Shui, N.T.",26724813,school@bcsw.edu.hk,Hong Kong,sch_detail.php?lang_id=1&sch_id=197&return_page=sch_list.php%3Flang_id%3D1%26search_mode%3D%26frmMode%3Dpagebreak%26district_id%3D12%26sort_id%3D-1
{'$oid': '849b4e1f1a72fdc22d8431cb'},North,HHCKLA Buddhist Wisdom Primary School,香海正覺蓮社佛教正慧小學,Aided,Primary,"6 Ching Shing Road, Sheung Shui, N.T.",26689088,school@wisdom.edu.hk,Hong Kong,sch_detail.php?lang_id=1&sch_id=185&return_page=sch_list.php%3Flang_id%3D1%26search_mode%3D%26frmMode%3Dpagebreak%26district_id%3D12%26sort_id%3D-1
{'$oid': 'a1c2cac1a4f888cd0c6afe49'},North,Kam Tsin Village Ho Tung School,金錢村何東學校,Aided,Primary,"Kam Tsin Village, Sheung Shui, N.T.",26703849,info@ktvhts.edu.hk,Hong Kong,sch_detail.php?lang_id=1&sch_id=198&return_page=sch_list.php%3Flang_id%3D1%26search_mode%3D%26frmMode%3Dpagebreak%26district_id%3D12%26sort_id%3D-1
{'$oid': '921047e39dc34f29fcc09033'},North,Lee Chi Tat Memorial School,李志達紀念學校,Aided,Primary,"30 Tin Ping Road, Shek Wu Hui, Sheung Shui, N.T.",26738581,lctms@ymail.com,Hong Kong,sch_detail.php?lang_id=1&sch_id=207&return_page=sch_list.php%3Flang_id%3D1%26search_mode%3D%26frmMode%3Dpagebreak%26district_id%3D12%26sort_id%3D-1
{'$oid': '7abe74e8c2ab1671796ceb4f'},North,Shek Wu Hui Public School,石湖墟公立學校,Aided,Primary,"Tin Ping Estate, Sheung Shui, N.T.",26721225,swhps@swhps.edu.hk,Hong Kong,sch_detail.php?lang_id=1&sch_id=190&return_page=sch_list.php%3Flang_id%3D1%26search_mode%3D%26frmMode%3Dpagebreak%26district_id%3D12%26sort_id%3D-1
{'$oid': '2bf3105ceb18b7791c0e6bcf'},North,S.K.H. Wing Chun Primary School,聖公會榮真小學,Aided,Primary,"No.3 Kat Cheung Crescent, Fanling, N.T.",26703338,info@skhwc.edu.hk,Hong Kong,sch_detail.php?lang_id=1&sch_id=199&return_page=sch_list.php%3Flang_id%3D1%26search_mode%3D%26frmMode%3Dpagebreak%26district_id%3D12%26sort_id%3D-1
{'$oid': 'a067f61012fadc37d3b3852f'},North,Tsang Mui Millennium School,曾梅千禧學校,Aided,Primary,"1 Tsing Shing Road, Sheung Shui, N.T.",26703111,office@tmms.edu.hk,Hong Kong,sch_detail.php?lang_id=1&sch_id=200&return_page=sch_list.php%3Flang_id%3D1%26search_mode%3D%26frmMode%3Dpagebreak%26district_id%3D12%26sort_id%3D-1
{'$oid': 'c37be136de332fd0a0092bcd'},North,Tung Koon School,東莞學校,Aided,Primary,"Jockey Club Road, Sheung Shui, N.T.",26700334,mail@tks.edu.hk,Hong Kong,sch_detail.php?lang_id=1&sch_id=208&return_page=sch_list.php%3Flang_id%3D1%26search_mode%3D%26frmMode%3Dpagebreak%26district_id%3D12%26sort_id%3D-1
{'$oid': '69b5ae1434e89d484e1101c6'},North,TWGHs H.K. & KLN. E.A.M.A. Ltd. School,東華三院港九電器商聯會小學,Aided,Primary,"2 Chi Cheong Road, Sheung Shui, N.T.",26723285,emaps@tungwah.org.hk,Hong Kong,sch_detail.php?lang_id=1&sch_id=191&return_page=sch_list.php%3Flang_id%3D1%26search_mode%3D%26frmMode%3Dpagebreak%26district_id%3D12%26sort_id%3D-1
{'$oid': '24ed20f51f3b5ca8d2b2d77f'},North,TWGHs Ma Kam Chan Memorial Primary School,東華三院馬錦燦紀念小學,Aided,Primary,"2 Ching Shing Road, Sheung Shui",26711071,mkcps@tungwah.org.hk,Hong Kong,sch_detail.php?lang_id=1&sch_id=192&return_page=sch_list.php%3Flang_id%3D1%26search_mode%3D%26frmMode%3Dpagebreak%26district_id%3D12%26sort_id%3D-1
{'$oid': '34a4b931830df22a427430d3'},North,Wai Chow Public School (Sheung Shui),上水惠州公立學校,Aided,Primary,"51 Tin Ping Road, Sheung Shui, N.T.",26731183,info@waichow.edu.hk,Hong Kong,sch_detail.php?lang_id=1&sch_id=201&return_page=sch_list.php%3Flang_id%3D1%26search_mode%3D%26frmMode%3Dpagebreak%26district_id%3D12%26sort_id%3D-1
{'$oid': '0ed4ad99a1f822b1ed491679'},North,Yuk Yin School,育賢學校,Aided,Primary,"Jockey Club Road, Sheung Shui, N.T.",26729917,yys@yukyinschool.edu.hk,Hong Kong,sch_detail.php?lang_id=1&sch_id=186&return_page=sch_list.php%3Flang_id%3D1%26search_mode%3D%26frmMode%3Dpagebreak%26district_id%3D12%26sort_id%3D-1
{'$oid': '3bfa75747a57ee55b5ccca23'},North,"Alliance Primary School, Sheung Shui",上水宣道小學,Aided,Primary,"2 Wo Muk Road, Luen Wo Hui, Fanling, N.T.",26702257,apsmail@apsss.edu.hk,Hong Kong,sch_detail.php?lang_id=1&sch_id=209&return_page=sch_list.php%3Flang_id%3D1%26search_mode%3D%26frmMode%3Dpagebreak%26district_id%3D12%26sort_id%3D-1
{'$oid': '13da483fc9f962c2ba992d05'},North,Fanling Assembly of God Church Primary School,基督教粉嶺神召會小學,Aided,Primary,"2 Wo Ming Lane, Fanling, N.T.",29479966,mail@fagps.edu.hk,Hong Kong,sch_detail.php?lang_id=1&sch_id=193&return_page=sch_list.php%3Flang_id%3D1%26search_mode%3D%26frmMode%3Dpagebreak%26district_id%3D12%26sort_id%3D-1
{'$oid': 'db5ac2b824c296764ec341b9'},North,Fanling Government Primary School,粉嶺官立小學,Gov't,Primary,"Cheung Wah Estate, Fanling, N.T.",26692024,fgpsa@edb.gov.hk,Hong Kong,sch_detail.php?lang_id=1&sch_id=189&return_page=sch_list.php%3Flang_id%3D1%26search_mode%3D%26frmMode%3Dpagebreak%26district_id%3D12%26sort_id%3D-1
{'$oid': '48bb352c670d05a5323f0772'},North,Fanling Public School,粉嶺公立學校,Aided,Primary,"Fanling Village, Fanling, N.T.",26702297,office@flps.edu.hk,Hong Kong,sch_detail.php?lang_id=1&sch_id=210&return_page=sch_list.php%3Flang_id%3D1%26search_mode%3D%26frmMode%3Dpagebreak%26district_id%3D12%26sort_id%3D-1
{'$oid': 'aed183d827de4bf5710698a0'},North,F.S.F.T.F. Fong Shu Chuen Primary School,方樹福堂基金方樹泉小學,Aided,Primary,"Wah Ming Estate Phase II, Fanling, N.T.",27082211,fsc@fsc.edu.hk,Hong Kong,sch_detail.php?lang_id=1&sch_id=202&return_page=sch_list.php%3Flang_id%3D1%26search_mode%3D%26frmMode%3Dpagebreak%26district_id%3D12%26sort_id%3D-1
{'$oid': '2be391cc047427ee0623f2f4'},North,Fung Kai Liu Yun Sum Memorial School,鳳溪廖潤琛紀念學校,Aided,Primary,"Wah Ming Estate Phase I, Fanling, N.T.",26772311,lys@fklys.edu.hk,Hong Kong,sch_detail.php?lang_id=1&sch_id=194&return_page=sch_list.php%3Flang_id%3D1%26search_mode%3D%26frmMode%3Dpagebreak%26district_id%3D12%26sort_id%3D-1
{'$oid': '30c60c04f9042ac04ba88374'},North,HHCKLA Buddhist Ching Kok Lin Association School,香海正覺蓮社佛教正覺蓮社學校,Aided,Primary,"12 Yat Ming Road, Fanling, N.T.",26754411,school@bcklas.edu.hk,Hong Kong,sch_detail.php?lang_id=1&sch_id=211&return_page=sch_list.php%3Flang_id%3D1%26search_mode%3D%26frmMode%3Dpagebreak%26district_id%3D12%26sort_id%3D-1
{'$oid': '314495aec27b3af96fa87156'},North,Pentecostal Gin Mao Sheng Primary School,五旬節靳茂生小學,Aided,Primary,"4 Pik Fung Road, Fanling, N.T.",26700103,pgms_off@yahoo.com.hk,Hong Kong,sch_detail.php?lang_id=1&sch_id=187&return_page=sch_list.php%3Flang_id%3D1%26search_mode%3D%26frmMode%3Dpagebreak%26district_id%3D12%26sort_id%3D-1
{'$oid': '0be3646013605efab0053ff6'},North,Pentecostal Yu Leung Fat Primary School,五旬節于良發小學,Aided,Primary,"16 Fai Ming Road, Fanling, N.T.",26795626,info@pylfps.edu.hk,Hong Kong,sch_detail.php?lang_id=1&sch_id=204&return_page=sch_list.php%3Flang_id%3D1%26search_mode%3D%26frmMode%3Dpagebreak%26district_id%3D12%26sort_id%3D-1
{'$oid': 'ac036418290a523460090ad5'},North,Pui Ling School of The Precious Blood,寶血會培靈學校,Aided,Primary,"13 On Lok Mun Street, On Lok Tsuen, Fanling, N.T.",26756617,office@plpb.edu.hk,Hong Kong,sch_detail.php?lang_id=1&sch_id=212&return_page=sch_list.php%3Flang_id%3D1%26search_mode%3D%26frmMode%3Dpagebreak%26district_id%3D12%26sort_id%3D-1
{'$oid': '083c78efae90b1e8197bfa49'},North,S.K.H. Ka Fuk Wing Chun Primary School,聖公會嘉福榮真小學,Aided,Primary,"Ka Fuk Estate, Fanling, N.T.",29476888,admin@skhkfwc.edu.hk,Hong Kong,sch_detail.php?lang_id=1&sch_id=188&return_page=sch_list.php%3Flang_id%3D1%26search_mode%3D%26frmMode%3Dpagebreak%26district_id%3D12%26sort_id%3D-1
{'$oid': 'b3019f60341d2e1e6f44f907'},North,Ta Ku Ling Ling Ying Public School,打鼓嶺嶺英公立學校,Aided,Primary,"Chow Tin Village, Ta Ku Ling, North District, N.T.",26740538,info@lyps.edu.hk,Hong Kong,sch_detail.php?lang_id=1&sch_id=195&return_page=sch_list.php%3Flang_id%3D1%26search_mode%3D%26frmMode%3Dpagebreak%26district_id%3D12%26sort_id%3D-1
{'$oid': '625276b1e7c629209e86bed7'},North,TWGHs Tseng Hin Pei Primary School,東華三院曾憲備小學,Aided,Primary,"53 Lung Ma Road, Fanling, New Territories",23709811,info-thpps@thpps.edu.hk,Hong Kong,sch_detail.php?lang_id=1&sch_id=545&return_page=sch_list.php%3Flang_id%3D1%26search_mode%3D%26frmMode%3Dpagebreak%26district_id%3D12%26sort_id%3D-1
{'$oid': '7123d3d47729d8950577c38d'},North,The Salvation Army Centaline Charity Fund Queen's Hill School,救世軍中原慈善基金皇后山學校,Aided,Primary,"2 Lung Chun Road, Fanling, New Territories",31510323,QHS@hkm.salvationarmy.org,Hong Kong,sch_detail.php?lang_id=1&sch_id=546&return_page=sch_list.php%3Flang_id%3D1%26search_mode%3D%26frmMode%3Dpagebreak%26district_id%3D12%26sort_id%3D-1
{'$oid': 'fb7cb442776c4601ffa2e2e1'},North,Fuk Tak Education Society Primary School,福德學社小學,Aided,Primary,"Shan Tsui Village, Shataukok, N.T.",26742120,school@ftesps.edu.hk,Hong Kong,sch_detail.php?lang_id=1&sch_id=196&return_page=sch_list.php%3Flang_id%3D1%26search_mode%3D%26frmMode%3Dpagebreak%26district_id%3D12%26sort_id%3D-1
{'$oid': '09bd372f5b03620b51ae8382'},North,Sha Tau Kok Central Primary School,沙頭角中心小學,Aided,Primary,"Sha Tau Kok Hui, Sha Tau Kok, N.T.",26749080,office@stkcps.edu.hk,Hong Kong,sch_detail.php?lang_id=1&sch_id=203&return_page=sch_list.php%3Flang_id%3D1%26search_mode%3D%26frmMode%3Dpagebreak%26district_id%3D12%26sort_id%3D-1
{'$oid': 'd9b7b4339f2166eeff2e0722'},Sha Tin,Carmel Alison Lam Primary School,迦密愛禮信小學,Aided,Primary,"Hin Keng Estate, Shatin, N.T.",26996945,info@calps.edu.hk,Hong Kong,sch_detail.php?lang_id=1&sch_id=290&return_page=sch_list.php%3Flang_id%3D1%26search_mode%3D%26frmMode%3Dpagebreak%26district_id%3D13%26sort_id%3D-1
{'$oid': '623bfa6fc4e73c917b225d29'},Sha Tin,Christian Alliance H.C. Chan Primary School,香港九龍塘基督教中華宣道會陳元喜小學,Aided,Primary,"Mei Lam Estate, Sha Tin, N.T.",26998030,mail@cahcc.edu.hk,Hong Kong,sch_detail.php?lang_id=1&sch_id=291&return_page=sch_list.php%3Flang_id%3D1%26search_mode%3D%26frmMode%3Dpagebreak%26district_id%3D13%26sort_id%3D-1
{'$oid': 'ed249520a0888d8ea0050eed'},Sha Tin,C.U.H.K. F.A.A. Thomas Cheung School,香港中文大學校友會聯會張煊昌學校,Aided,Primary,"Ka Tin Court, Hin Keng Estate, Shatin, N.T.",26931898,info@tcps.edu.hk,Hong Kong,sch_detail.php?lang_id=1&sch_id=289&return_page=sch_list.php%3Flang_id%3D1%26search_mode%3D%26frmMode%3Dpagebreak%26district_id%3D13%26sort_id%3D-1
{'$oid': '957f0a4ec833c5aea8f9ff07'},Sha Tin,F.M.B. Chun Lei Primary School,循理會白普理基金循理小學,Aided,Primary,"Sun Chui Estate, Shatin, N.T.",26057755,info@clam.edu.hk,Hong Kong,sch_detail.php?lang_id=1&sch_id=292&return_page=sch_list.php%3Flang_id%3D1%26search_mode%3D%26frmMode%3Dpagebreak%26district_id%3D13%26sort_id%3D-1
{'$oid': '2a49d31bb39de91e1a1d746d'},Sha Tin,Free Methodist Mei Lam Primary School,循理會美林小學,Aided,Primary,"Mei Shing Court, Tai Wai, Shatin, N.T.",26052868,fmml@netvigator.com,Hong Kong,sch_detail.php?lang_id=1&sch_id=293&return_page=sch_list.php%3Flang_id%3D1%26search_mode%3D%26frmMode%3Dpagebreak%26district_id%3D13%26sort_id%3D-1
{'$oid': '93c9a92eff95c43ae9374ae3'},Sha Tin,G.C.C.I.T.K.D. Cheong Wong Wai Primary School,東莞工商總會張煌偉小學,Aided,Primary,"Sun Chui Estate, Shatin, N.T.",25163000,cwwps@cwwps.edu.hk,Hong Kong,sch_detail.php?lang_id=1&sch_id=317&return_page=sch_list.php%3Flang_id%3D1%26search_mode%3D%26frmMode%3Dpagebreak%26district_id%3D13%26sort_id%3D-1
{'$oid': '7b269f14014f982e14615e06'},Sha Tin,Immaculate Heart of Mary School,聖母無玷聖心學校,Aided,Primary,"No.1 Mei Tin Road, Shatin, N.T.",26912171,info@ihms.edu.hk,Hong Kong,sch_detail.php?lang_id=1&sch_id=318&return_page=sch_list.php%3Flang_id%3D1%26search_mode%3D%26frmMode%3Dpagebreak%26district_id%3D13%26sort_id%3D-1
{'$oid': '603cc1c22128c1243c5a8f5c'},Sha Tin,Kowloon City Baptist Church Hay Nien (Yan Ping) Primary School,九龍城浸信會禧年（恩平）小學,Aided,Primary,"Sun Chui Estate, Shatin, N.T.",26053811,enquiry@hnyp.edu.hk,Hong Kong,sch_detail.php?lang_id=1&sch_id=319&return_page=sch_list.php%3Flang_id%3D1%26search_mode%3D%26frmMode%3Dpagebreak%26district_id%3D13%26sort_id%3D-1
{'$oid': 'bc95c525f99f90a8161ede8b'},Sha Tin,P.L.K. Dr. Jimmy Wong Chi-Ho (Tin Sum Valley) Primary School,保良局王賜豪（田心谷）小學,Aided,Primary,"Estate Primary School, Lung Hang Estate, Shatin Area 2A, New Territories",26062363,school@plkwch.edu.hk,Hong Kong,sch_detail.php?lang_id=1&sch_id=288&return_page=sch_list.php%3Flang_id%3D1%26search_mode%3D%26frmMode%3Dpagebreak%26district_id%3D13%26sort_id%3D-1
{'$oid': '431a43a6283dbd2bf5a2b30b'},Sha Tin,Shatin Government Primary School,沙田官立小學,Gov't,Primary,"Sun Tin Wai Estate, Shatin, N.T.",26053304,stgps@edb.gov.hk,Hong Kong,sch_detail.php?lang_id=1&sch_id=294&return_page=sch_list.php%3Flang_id%3D1%26search_mode%3D%26frmMode%3Dpagebreak%26district_id%3D13%26sort_id%3D-1
{'$oid': 'f90582416d975e46a220120e'},Sha Tin,TWGHs Sin Chu Wan Primary School,東華三院冼次雲小學,Aided,Primary,"Annex Block, 38 Chik Fuk Street, Tai Wai, Shatin, N.T.",26949272,scwps@tungwah.org.hk,Hong Kong,sch_detail.php?lang_id=1&sch_id=295&return_page=sch_list.php%3Flang_id%3D1%26search_mode%3D%26frmMode%3Dpagebreak%26district_id%3D13%26sort_id%3D-1
{'$oid': '1b72433332b13ba8423f2798'},Sha Tin,Christian Alliance Toi Shan H. C. Chan Primary School,香港九龍塘基督教中華宣道會台山陳元喜小學,Aided,Primary,"Chung On Estate, Ma On Shan, Shatin, N.T.",26339277,mail@catshcc.edu.hk,Hong Kong,sch_detail.php?lang_id=1&sch_id=303&return_page=sch_list.php%3Flang_id%3D1%26search_mode%3D%26frmMode%3Dpagebreak%26district_id%3D13%26sort_id%3D-1
{'$oid': 'c663362e020ca4999b2addf2'},Sha Tin,ELCHK Ma On Shan Lutheran Primary School,基督教香港信義會馬鞍山信義學校,Aided,Primary,"Heng On Estate, Ma On Shan, Shatin, N.T.",26429118,info@mluthps.edu.hk,Hong Kong,sch_detail.php?lang_id=1&sch_id=298&return_page=sch_list.php%3Flang_id%3D1%26search_mode%3D%26frmMode%3Dpagebreak%26district_id%3D13%26sort_id%3D-1
{'$oid': 'ba292229fdf39d3822f93e11'},Sha Tin,H.K.T.A. Shun Yeung Primary School,香港道教聯合會純陽小學,Aided,Primary,"30 On Chun Street, Ma On Shan, Shatin, N.T.",26422355,syps@syps.edu.hk,Hong Kong,sch_detail.php?lang_id=1&sch_id=296&return_page=sch_list.php%3Flang_id%3D1%26search_mode%3D%26frmMode%3Dpagebreak%26district_id%3D13%26sort_id%3D-1
{'$oid': '0fe7a78830a252bafe7f9f15'},Sha Tin,Kowloon City Baptist Church Hay Nien Primary School,九龍城浸信會禧年小學,Aided,Primary,"Chevalier Garden, Ma On Shan, Shatin, N.T.",26411213,info@haynien.edu.hk,Hong Kong,sch_detail.php?lang_id=1&sch_id=297&return_page=sch_list.php%3Flang_id%3D1%26search_mode%3D%26frmMode%3Dpagebreak%26district_id%3D13%26sort_id%3D-1
{'$oid': '9146e9cfd52d30b22cacf663'},Sha Tin,Ma On Shan Ling Liang Primary School,馬鞍山靈糧小學,Aided,Primary,"Lee On Estate, Ma On Shan, Shatin, N.T.",26430707,school@mosllps.edu.hk,Hong Kong,sch_detail.php?lang_id=1&sch_id=320&return_page=sch_list.php%3Flang_id%3D1%26search_mode%3D%26frmMode%3Dpagebreak%26district_id%3D13%26sort_id%3D-1
{'$oid': '37838824a07e9b04abf4cd73'},Sha Tin,Ma On Shan Methodist Primary School,馬鞍山循道衛理小學,Aided,Primary,"11 Hang Ming Street, Ma On Shan, Shatin, N.T.",26309219,mail@mosmps.edu.hk,Hong Kong,sch_detail.php?lang_id=1&sch_id=299&return_page=sch_list.php%3Flang_id%3D1%26search_mode%3D%26frmMode%3Dpagebreak%26district_id%3D13%26sort_id%3D-1
{'$oid': 'ab847ab9f94e495561292687'},Sha Tin,Ma On Shan St. Joseph's Primary School,馬鞍山聖若瑟小學,Aided,Primary,"Heng On Estate, Ma On Shan, Shatin, N.T.",26429186,info@mossjps.edu.hk,Hong Kong,sch_detail.php?lang_id=1&sch_id=300&return_page=sch_list.php%3Flang_id%3D1%26search_mode%3D%26frmMode%3Dpagebreak%26district_id%3D13%26sort_id%3D-1
{'$oid': '767c93b703bab69e5731c404'},Sha Tin,Ng Clan's Association Tai Pak Memorial School,吳氏宗親總會泰伯紀念學校,Aided,Primary,"Kam Ying Court, Ma On Shan, Shatin, N.T.",26404033,info@taipak.edu.hk,Hong Kong,sch_detail.php?lang_id=1&sch_id=301&return_page=sch_list.php%3Flang_id%3D1%26search_mode%3D%26frmMode%3Dpagebreak%26district_id%3D13%26sort_id%3D-1
{'$oid': '4ee4234ff9722f115d298c76'},Sha Tin,P.L.K. Chong Kee Ting Primary School,保良局莊啟程小學,Aided,Primary,"Yiu On Estate, Ma On Shan, Shatin, N.T.",26410221,mail@plkcktps.edu.hk,Hong Kong,sch_detail.php?lang_id=1&sch_id=302&return_page=sch_list.php%3Flang_id%3D1%26search_mode%3D%26frmMode%3Dpagebreak%26district_id%3D13%26sort_id%3D-1
{'$oid': '336efd6ffa8e7a49c4d3eca4'},Sha Tin,P.L.K. Riverain Primary School,保良局雨川小學,Aided,Primary,"28 On Chun Street, Ma On Shan, Shatin, N.T.",26333170,contact@plkrps.edu.hk,Hong Kong,sch_detail.php?lang_id=1&sch_id=315&return_page=sch_list.php%3Flang_id%3D1%26search_mode%3D%26frmMode%3Dpagebreak%26district_id%3D13%26sort_id%3D-1
{'$oid': '3df482e5302b1663471feccd'},Sha Tin,S.K.H. Ma On Shan Holy Spirit Primary School,聖公會馬鞍山主風小學,Aided,Primary,"35 Ning Tai Road, Ma On Shan, Shatin, N.T.",26048487,info@skhmoshs.edu.hk,Hong Kong,sch_detail.php?lang_id=1&sch_id=316&return_page=sch_list.php%3Flang_id%3D1%26search_mode%3D%26frmMode%3Dpagebreak%26district_id%3D13%26sort_id%3D-1
{'$oid': '8623d8e85d8c4c153c194a7f'},Sha Tin,Baptist Lui Ming Choi Primary School,浸信會呂明才小學,Aided,Primary,"2 Tak Wing Street, City One Shatin, N.T.",26483132,info@blmcps.edu.hk,Hong Kong,sch_detail.php?lang_id=1&sch_id=304&return_page=sch_list.php%3Flang_id%3D1%26search_mode%3D%26frmMode%3Dpagebreak%26district_id%3D13%26sort_id%3D-1
{'$oid': 'fc6ad0056abe4d49d536f1ca'},Sha Tin,Baptist (Sha Tin Wai) Lui Ming Choi Primary School,浸信會沙田圍呂明才小學,Aided,Primary,"8 Yuen Chau Kok Road, Shatin, N.T.",26476242,info@bstwlmc.edu.hk,Hong Kong,sch_detail.php?lang_id=1&sch_id=325&return_page=sch_list.php%3Flang_id%3D1%26search_mode%3D%26frmMode%3Dpagebreak%26district_id%3D13%26sort_id%3D-1
{'$oid': 'fc476056136fd653e5b9c242'},Sha Tin,Chi Hong Primary School,慈航學校,Aided,Primary,"1 Yuen Cheong Lane, Shatin, N.T.",26486834,info@chihong.edu.hk,Hong Kong,sch_detail.php?lang_id=1&sch_id=321&return_page=sch_list.php%3Flang_id%3D1%26search_mode%3D%26frmMode%3Dpagebreak%26district_id%3D13%26sort_id%3D-1
{'$oid': '99c5dc617c4f44e3afec24c6'},Sha Tin,Dr. Catherine F. Woo Memorial School,胡素貞博士紀念學校,Aided,Primary,"8 Tak Po Street, City One Shatin, N.T.",26468902,info@dcfwms.edu.hk,Hong Kong,sch_detail.php?lang_id=1&sch_id=305&return_page=sch_list.php%3Flang_id%3D1%26search_mode%3D%26frmMode%3Dpagebreak%26district_id%3D13%26sort_id%3D-1
{'$oid': 'a200b11da3693c018461d93a'},Sha Tin,Leung Kui Kau Lutheran Primary School,路德會梁鉅鏐小學,Aided,Primary,"5 On King Street, Shatin, N.T.",26379023,lkklps@eservices.hkedcity.net,Hong Kong,sch_detail.php?lang_id=1&sch_id=308&return_page=sch_list.php%3Flang_id%3D1%26search_mode%3D%26frmMode%3Dpagebreak%26district_id%3D13%26sort_id%3D-1
{'$oid': 'aea8cf8b8e573e6257b6c208'},Sha Tin,L.K.W.F.S.L. Wong Yiu Nam Primary School,世界龍岡學校黃耀南小學,Aided,Primary,"Kwong Yuen Estate,  Sha Tin, New Territories",26378637,info@wynps.edu.hk,Hong Kong,sch_detail.php?lang_id=1&sch_id=307&return_page=sch_list.php%3Flang_id%3D1%26search_mode%3D%26frmMode%3Dpagebreak%26district_id%3D13%26sort_id%3D-1
{'$oid': '927aacfb1b0047dc0e02f5ad'},Sha Tin,P.L.K. Siu Hon Sum Primary School,保良局蕭漢森小學,Aided,Primary,"3 Au Pui Wan Street, Fotan, Shatin, N.T.",26041966,info@plkshs.edu.hk,Hong Kong,sch_detail.php?lang_id=1&sch_id=309&return_page=sch_list.php%3Flang_id%3D1%26search_mode%3D%26frmMode%3Dpagebreak%26district_id%3D13%26sort_id%3D-1
{'$oid': 'abcfe553c1d2a0e9cf0b827c'},Sha Tin,Po Leung Kuk Chee Jing Yin Primary School,保良局朱正賢小學,Aided,Primary,"6D Sha Kok Street, Pok Hong Estate, Shatin, N.T.",26469181,saryue@netvigator.com,Hong Kong,sch_detail.php?lang_id=1&sch_id=310&return_page=sch_list.php%3Flang_id%3D1%26search_mode%3D%26frmMode%3Dpagebreak%26district_id%3D13%26sort_id%3D-1
{'$oid': '0fcafbb9508b42ac5dd743ef'},Sha Tin,Sha Tin Methodist Primary School,沙田循道衛理小學,Aided,Primary,"Kwong Yuen Estate, Shatin, N.T.",26366533,smps@smps.edu.hk,Hong Kong,sch_detail.php?lang_id=1&sch_id=312&return_page=sch_list.php%3Flang_id%3D1%26search_mode%3D%26frmMode%3Dpagebreak%26district_id%3D13%26sort_id%3D-1
{'$oid': '8ba4d35e8cb544c1b4f4815a'},Sha Tin,Sha Tin Wai Dr. Catherine F. Woo Memorial School,沙田圍胡素貞博士紀念學校,Aided,Primary,"2 Jat Min Chuen Street, Shatin, New Territories",26468926,info@stwdcfwms.edu.hk,Hong Kong,sch_detail.php?lang_id=1&sch_id=306&return_page=sch_list.php%3Flang_id%3D1%26search_mode%3D%26frmMode%3Dpagebreak%26district_id%3D13%26sort_id%3D-1
{'$oid': '0e18164bad418c8d412011f7'},Sha Tin,Shatin Tsung Tsin School,沙田崇真學校,Aided,Primary,"Lek Yuen Estate, Shatin, N.T.",35763344,info@stts.edu.hk,Hong Kong,sch_detail.php?lang_id=1&sch_id=322&return_page=sch_list.php%3Flang_id%3D1%26search_mode%3D%26frmMode%3Dpagebreak%26district_id%3D13%26sort_id%3D-1
{'$oid': '750ca00ef94c108104717d1c'},Sha Tin,S.K.H. Holy Spirit Primary School,聖公會主風小學,Aided,Primary,"Lek Yuen Estate, Shatin, N.T.",26048987,info@skhhsps.edu.hk,Hong Kong,sch_detail.php?lang_id=1&sch_id=311&return_page=sch_list.php%3Flang_id%3D1%26search_mode%3D%26frmMode%3Dpagebreak%26district_id%3D13%26sort_id%3D-1
{'$oid': 'a512134fc85f85d6dd89b157'},Sha Tin,Stewards Pooi Kei Primary School,培基小學,Aided,Primary,"Standard Primary School at Area 43, Lok Ha Square, Fo Tan, Shatin, N.T.",26025353,admin@pooikei.edu.hk,Hong Kong,sch_detail.php?lang_id=1&sch_id=323&return_page=sch_list.php%3Flang_id%3D1%26search_mode%3D%26frmMode%3Dpagebreak%26district_id%3D13%26sort_id%3D-1
{'$oid': '8cc430828f9b466024fc03db'},Sha Tin,The ELCHK Wo Che Lutheran School,基督教香港信義會禾輋信義學校,Aided,Primary,"School No. 3, Wo Che Estate, Shatin, New Territories",26911426,wcl@wcl.edu.hk,Hong Kong,sch_detail.php?lang_id=1&sch_id=314&return_page=sch_list.php%3Flang_id%3D1%26search_mode%3D%26frmMode%3Dpagebreak%26district_id%3D13%26sort_id%3D-1
{'$oid': 'accd79c9431803be51b147f7'},Sha Tin,The Little Flower's Catholic Primary School,天主教聖華學校,Aided,Primary,"11 Wo Che Street, Wo Che Estate, Shatin, N.T.",26924593,001@littleflowerschool.edu.hk,Hong Kong,sch_detail.php?lang_id=1&sch_id=324&return_page=sch_list.php%3Flang_id%3D1%26search_mode%3D%26frmMode%3Dpagebreak%26district_id%3D13%26sort_id%3D-1
{'$oid': 'ffd8e43a4fecac428e62679b'},Sha Tin,The Salvation Army Tin Ka Ping School,救世軍田家炳學校,Aided,Primary,"Pok Hong Estate, Shatin, N.T.",26489283,tkpps@hkm.salvationarmy.org,Hong Kong,sch_detail.php?lang_id=1&sch_id=313&return_page=sch_list.php%3Flang_id%3D1%26search_mode%3D%26frmMode%3Dpagebreak%26district_id%3D13%26sort_id%3D-1
{'$oid': '90eefe43d6758a24278993f7'},Sha Tin,TWGHs Tsoi Wing Sing Primary School,東華三院蔡榮星小學,Aided,Primary,"19 Pok Chuen Street, Shatin, N.T.",29593606,twsps@tungwah.org.hk,Hong Kong,sch_detail.php?lang_id=1&sch_id=541&return_page=sch_list.php%3Flang_id%3D1%26search_mode%3D%26frmMode%3Dpagebreak%26district_id%3D13%26sort_id%3D-1
{'$oid': '531042a8ce3b4f639c2452ee'},Sha Tin,HKBUAS Wong Kam Fai Secondary and Primary School,香港浸會大學附屬學校王錦輝中小學,DSS,Primary,"6 On Muk Lane, Shek Mun, Shatin, N.T.",26372277,a-school-ps@hkbuas.edu.hk,Hong Kong,sch_detail.php?lang_id=1&sch_id=326&return_page=sch_list.php%3Flang_id%3D1%26search_mode%3D%26frmMode%3Dpagebreak%26district_id%3D13%26sort_id%3D-1
{'$oid': '5f66f34a2a0dc2c58e234a24'},Sha Tin,Pui Kiu College,培僑書院,DSS,Primary,"1 Tai Wai New Village Road, Tai Wai, Shatin, N.T.",26023166,-,Hong Kong,sch_detail.php?lang_id=1&sch_id=327&return_page=sch_list.php%3Flang_id%3D1%26search_mode%3D%26frmMode%3Dpagebreak%26district_id%3D13%26sort_id%3D-1
{'$oid': '795ae32041063faa0ffd9a04'},Tai Po,HKKKWA Sun Fong Chung Primary School,港九街坊婦女會孫方中小學,Aided,Primary,"Estate Primary School No. 3, Fu Shin Estate, Phase III, Area 17, Tai Po, N.T.",26618896,info@sfc.edu.hk,Hong Kong,sch_detail.php?lang_id=1&sch_id=379&return_page=sch_list.php%3Flang_id%3D1%26search_mode%3D%26frmMode%3Dpagebreak%26district_id%3D14%26sort_id%3D-1
{'$oid': 'be8135ac864de8c0d0164553'},Tai Po,HKTA Wun Tsuen Ng Lai Wo Memorial School,香港道教聯合會雲泉吳禮和紀念學校,Aided,Primary,"Estate Primary School No.3, Tai Yuen Estate, Area 16, Tai Po, N.T.",26672111,mail@nlw.edu.hk,Hong Kong,sch_detail.php?lang_id=1&sch_id=372&return_page=sch_list.php%3Flang_id%3D1%26search_mode%3D%26frmMode%3Dpagebreak%26district_id%3D14%26sort_id%3D-1
{'$oid': 'f459782834625c0694901318'},Tai Po,Lam Tsuen Public Wong Fook Luen Memorial School,林村公立黃福鑾紀念學校,Aided,Primary,"Tai Wo Estate, Tai Po, N.T.",26503355,wfl@wfl.edu.hk,Hong Kong,sch_detail.php?lang_id=1&sch_id=383&return_page=sch_list.php%3Flang_id%3D1%26search_mode%3D%26frmMode%3Dpagebreak%26district_id%3D14%26sort_id%3D-1
{'$oid': '30217912bb438aeb84315c61'},Tai Po,NTWJWA Ltd. Leung Sing Tak Primary School,新界婦孺福利會梁省德學校,Aided,Primary,"Tai Yuen Estate, Tai Po, N.T.",26641223,info@taipolst.edu.hk,Hong Kong,sch_detail.php?lang_id=1&sch_id=373&return_page=sch_list.php%3Flang_id%3D1%26search_mode%3D%26frmMode%3Dpagebreak%26district_id%3D14%26sort_id%3D-1
{'$oid': '32e6f5e94807057c6a7033a3'},Tai Po,Po Leung Kuk Tin Ka Ping Millennium Primary School,保良局田家炳千禧小學,Aided,Primary,"4641 Tai Po Road, Tai Po Kau, Tai Po, N.T.",26505551,info@plktkpmps.edu.hk,Hong Kong,sch_detail.php?lang_id=1&sch_id=366&return_page=sch_list.php%3Flang_id%3D1%26search_mode%3D%26frmMode%3Dpagebreak%26district_id%3D14%26sort_id%3D-1
{'$oid': '8f05495057ea080c0236c88c'},Tai Po,Po Leung Kuk Tin Ka Ping Primary School,保良局田家炳小學,Aided,Primary,"Area 6, Wan Tau Tong Estate, Tai Po, N.T.",26521222,info@plktkp.edu.hk,Hong Kong,sch_detail.php?lang_id=1&sch_id=374&return_page=sch_list.php%3Flang_id%3D1%26search_mode%3D%26frmMode%3Dpagebreak%26district_id%3D14%26sort_id%3D-1
{'$oid': 'e780a9a941081c8f9340b8a6'},Tai Po,Sacred Heart of Mary Catholic Primary School,天主教聖母聖心小學,Aided,Primary,"Fu Heng Estate Phase I, Tai Po, N.T.",26606161,office@shmcps.edu.hk,Hong Kong,sch_detail.php?lang_id=1&sch_id=377&return_page=sch_list.php%3Flang_id%3D1%26search_mode%3D%26frmMode%3Dpagebreak%26district_id%3D14%26sort_id%3D-1
{'$oid': '65da6d97676a9e1206ff0343'},Tai Po,Sam Shui Natives Association Huen King Wing School,三水同鄉會禤景榮學校,Aided,Primary,"Estate Primary School No. 1, Fu Shin Estate, Tai Po, N.T.",26619383,ssnahkws@yahoo.com.hk,Hong Kong,sch_detail.php?lang_id=1&sch_id=378&return_page=sch_list.php%3Flang_id%3D1%26search_mode%3D%26frmMode%3Dpagebreak%26district_id%3D14%26sort_id%3D-1
{'$oid': '7370fb936cc4729be1ea9871'},Tai Po,S.K.H. Yuen Chen Maun Chen Jubilee Primary School,聖公會阮鄭夢芹銀禧小學,Aided,Primary,"Fu Heng Estate, Tai Po, N.T.",26660606,info@skhycmcj.edu.hk,Hong Kong,sch_detail.php?lang_id=1&sch_id=376&return_page=sch_list.php%3Flang_id%3D1%26search_mode%3D%26frmMode%3Dpagebreak%26district_id%3D14%26sort_id%3D-1
{'$oid': 'd6dc1249c416db3513ceac2c'},Tai Po,S.K.H. Yuen Chen Maun Chen Primary School,聖公會阮鄭夢芹小學,Aided,Primary,"Kwong Fuk Estate, Tai Po, N.T.",26589183,info@skhycmcps.edu.hk,Hong Kong,sch_detail.php?lang_id=1&sch_id=375&return_page=sch_list.php%3Flang_id%3D1%26search_mode%3D%26frmMode%3Dpagebreak%26district_id%3D14%26sort_id%3D-1
{'$oid': '10a2eb087abe7b53d1cc416d'},Tai Po,Sung Tak Wong Kin Sheung Memorial School,大埔崇德黃建常紀念學校,Aided,Primary,"Tung Cheong Street, Tai Po, N.T.",26535565,wksama@netvigator.com,Hong Kong,sch_detail.php?lang_id=1&sch_id=367&return_page=sch_list.php%3Flang_id%3D1%26search_mode%3D%26frmMode%3Dpagebreak%26district_id%3D14%26sort_id%3D-1
{'$oid': 'b3458513e021fc425132ee26'},Tai Po,Tai Po Baptist Public School,大埔浸信會公立學校,Aided,Primary,"Kwong Fuk Estate, Tai Po, N.T.",26563933,tpbps@tpbps.edu.hk,Hong Kong,sch_detail.php?lang_id=1&sch_id=381&return_page=sch_list.php%3Flang_id%3D1%26search_mode%3D%26frmMode%3Dpagebreak%26district_id%3D14%26sort_id%3D-1
{'$oid': '81e80c7cb41cff5eb6fba122'},Tai Po,Tai Po Government Primary School,大埔官立小學,Gov't,Primary,"8 Tai Wo Road, Tai Po, N.T.",26584062,tpgps@edb.gov.hk,Hong Kong,sch_detail.php?lang_id=1&sch_id=380&return_page=sch_list.php%3Flang_id%3D1%26search_mode%3D%26frmMode%3Dpagebreak%26district_id%3D14%26sort_id%3D-1
{'$oid': '8e15a4bf0ea278e6214cf84f'},Tai Po,Tai Po Methodist School,大埔循道衛理小學,Aided,Primary,"10 Tung Lung Road, Tai Po, N.T.",26622011,tpms@mail.tpms.edu.hk,Hong Kong,sch_detail.php?lang_id=1&sch_id=382&return_page=sch_list.php%3Flang_id%3D1%26search_mode%3D%26frmMode%3Dpagebreak%26district_id%3D14%26sort_id%3D-1
{'$oid': '02629c6da73c04c02cd05be7'},Tai Po,Tai Po Old Market Public School,大埔舊墟公立學校,Aided,Primary,"10 On Cheung Road, Tai Po, N.T.",26654610,tpomps@hotmail.com,Hong Kong,sch_detail.php?lang_id=1&sch_id=368&return_page=sch_list.php%3Flang_id%3D1%26search_mode%3D%26frmMode%3Dpagebreak%26district_id%3D14%26sort_id%3D-1
{'$oid': '78dcfda49b92dfbd24b054ea'},Tai Po,Tai Po Old Market Public School (Plover Cove),大埔舊墟公立學校（寶湖道）,Aided,Primary,"7 Plover Cove Road, Tai Po, N.T.",26652333,tpompspc@tpompspc.edu.hk,Hong Kong,sch_detail.php?lang_id=1&sch_id=369&return_page=sch_list.php%3Flang_id%3D1%26search_mode%3D%26frmMode%3Dpagebreak%26district_id%3D14%26sort_id%3D-1
{'$oid': 'e95f76c5f271b22131922812'},Tai Po,The Education University of Hong Kong Jockey Club Primary School,香港教育大學賽馬會小學,Aided,Primary,"10 Lo Ping Road, Tai Po, N.T.",29481122,admin@edujcps.edu.hk,Hong Kong,sch_detail.php?lang_id=1&sch_id=370&return_page=sch_list.php%3Flang_id%3D1%26search_mode%3D%26frmMode%3Dpagebreak%26district_id%3D14%26sort_id%3D-1
{'$oid': 'fe59a243d6e1a9e5a4109154'},Tai Po,The Pentecostal Holiness Church Wing Kwong Junior School,五旬節聖潔會永光小學,Aided,Primary,"10 Choi Tip Street, Tai Po, New Territories",26275600,info@wkjs.edu.hk,Hong Kong,sch_detail.php?lang_id=1&sch_id=549&return_page=sch_list.php%3Flang_id%3D1%26search_mode%3D%26frmMode%3Dpagebreak%26district_id%3D14%26sort_id%3D-1
{'$oid': '8af8e9445a584dafe02b367c'},Tai Po,Y.C.H. Choi Hin To Primary School,仁濟醫院蔡衍濤小學,Aided,Primary,"Wan Tau Tong Estate, Area 6, Tai Po, N.T.",26566116,admin@ychchtps.edu.hk,Hong Kong,sch_detail.php?lang_id=1&sch_id=371&return_page=sch_list.php%3Flang_id%3D1%26search_mode%3D%26frmMode%3Dpagebreak%26district_id%3D14%26sort_id%3D-1
{'$oid': '226668f36494265a6dc3a054'},Tai Po,NTWJWA Christian Remembrance of Grace Primary School,新界婦孺福利會基督教銘恩小學,Aided,Primary,"Tai Yuen Estate, Tai Po, N. T.",26686112,info@taipocrgps.edu.hk,Hong Kong,sch_detail.php?lang_id=1&sch_id=540&return_page=sch_list.php%3Flang_id%3D1%26search_mode%3D%26frmMode%3Dpagebreak%26district_id%3D14%26sort_id%3D-1
{'$oid': '26af9a8e2ca4ee74c7fdcdac'},Kwai Tsing,Ho Shun Primary School (Sponsored by Sik Sik Yuen),嗇色園主辦可信學校,Aided,Primary,"Estate School No. 3, Lei Muk Shue Estate, N.T.",24248861,hsps@hoshun.edu.hk,Hong Kong,sch_detail.php?lang_id=1&sch_id=401&return_page=sch_list.php%3Flang_id%3D1%26search_mode%3D%26frmMode%3Dpagebreak%26district_id%3D15%26sort_id%3D-1
{'$oid': 'd3d21c4bcc5820552223095c'},Kwai Tsing,Lei Muk Shue Catholic Primary School,梨木樹天主教小學,Aided,Primary,"Estate School No. 2, Lei Muk Shue Estate, Tsuen Wan, N.T.",24263333,lmscps@lmscps.edu.hk,Hong Kong,sch_detail.php?lang_id=1&sch_id=400&return_page=sch_list.php%3Flang_id%3D1%26search_mode%3D%26frmMode%3Dpagebreak%26district_id%3D15%26sort_id%3D-1
{'$oid': 'a392de3f78dd2e6bbafc0177'},Kwai Tsing,Salesian Yip Hon Millennium Primary School,慈幼葉漢千禧小學,Aided,Primary,"9 Shek Pai Street, Kwai Chung, N.T.",24291177,email@syh.edu.hk,Hong Kong,sch_detail.php?lang_id=1&sch_id=157&return_page=sch_list.php%3Flang_id%3D1%26search_mode%3D%26frmMode%3Dpagebreak%26district_id%3D15%26sort_id%3D-1
{'$oid': '26eeaf79e3771dcd7f232ca9'},Kwai Tsing,Salesian Yip Hon Primary School,慈幼葉漢小學,Aided,Primary,"On Yam Estate, Kwai Chung, N.T.",24202727,enquiry@syhps.edu.hk,Hong Kong,sch_detail.php?lang_id=1&sch_id=165&return_page=sch_list.php%3Flang_id%3D1%26search_mode%3D%26frmMode%3Dpagebreak%26district_id%3D15%26sort_id%3D-1
{'$oid': '4cde43a3bbb36f1feebeff70'},Kwai Tsing,Shek Lei Catholic Primary School,石籬天主教小學,Aided,Primary,"11 Shek Pai Street, Kwai Chung, New Territories",24203186,sheklei@sheklei.edu.hk,Hong Kong,sch_detail.php?lang_id=1&sch_id=163&return_page=sch_list.php%3Flang_id%3D1%26search_mode%3D%26frmMode%3Dpagebreak%26district_id%3D15%26sort_id%3D-1
{'$oid': 'b28e93bd9cc0e5c9c0e0e843'},Kwai Tsing,Shek Lei St. John's Catholic Primary School,石籬聖若望天主教小學,Aided,Primary,"99 Tai Pak Tin Street, Kwai Chung, N.T.",35950036,slsj@slsj.edu.hk,Hong Kong,sch_detail.php?lang_id=1&sch_id=166&return_page=sch_list.php%3Flang_id%3D1%26search_mode%3D%26frmMode%3Dpagebreak%26district_id%3D15%26sort_id%3D-1
{'$oid': 'd3b6680bf1afba6596d37ffa'},Kwai Tsing,S.K.H. Chu Oi Primary School,聖公會主愛小學,Aided,Primary,"45 Tung Chi Street, Shek Yam, Kwai Chung, N.T.",24267424,email@chuoi.edu.hk,Hong Kong,sch_detail.php?lang_id=1&sch_id=164&return_page=sch_list.php%3Flang_id%3D1%26search_mode%3D%26frmMode%3Dpagebreak%26district_id%3D15%26sort_id%3D-1
{'$oid': 'd4cc106632a9e23b5ca6e50d'},Kwai Tsing,S.K.H. Chu Oi Primary School (Lei Muk Shue),聖公會主愛小學（梨木樹）,Aided,Primary,"Lei Muk Shue Estate, Tsuen Wan, N.T.",24011985,chuoi@chuoi-lms.edu.hk,Hong Kong,sch_detail.php?lang_id=1&sch_id=402&return_page=sch_list.php%3Flang_id%3D1%26search_mode%3D%26frmMode%3Dpagebreak%26district_id%3D15%26sort_id%3D-1
{'$oid': '37c85cf62f2ffe0ac8ce3ece'},Kwai Tsing,Asbury Methodist Primary School,亞斯理衞理小學,Aided,Primary,"Estate School No. 2, Lai King Estate, Kwai Chung, N.T.",27429499,mail@asbury.edu.hk,Hong Kong,sch_detail.php?lang_id=1&sch_id=167&return_page=sch_list.php%3Flang_id%3D1%26search_mode%3D%26frmMode%3Dpagebreak%26district_id%3D15%26sort_id%3D-1
{'$oid': 'ef20b6c37382808f6c90efc3'},Kwai Tsing,Buddhist Lam Bing Yim Memorial School (SPSD by HKBA),佛教林炳炎紀念學校（香港佛教聯合會主辦）,Aided,Primary,"33 Tai Ha Street, Tsuen Wan, N.T.",24220125,info@blbyms.edu.hk,Hong Kong,sch_detail.php?lang_id=1&sch_id=151&return_page=sch_list.php%3Flang_id%3D1%26search_mode%3D%26frmMode%3Dpagebreak%26district_id%3D15%26sort_id%3D-1
{'$oid': 'cc68b187ff9e0e67d34d75ff'},Kwai Tsing,Buddhist Lim Kim Tian Memorial Primary School,佛教林金殿紀念小學,Aided,Primary,"Phase 5, Kwai Fong Estate, Kwai Chung, N.T.",24221747,info@lkt.edu.hk,Hong Kong,sch_detail.php?lang_id=1&sch_id=155&return_page=sch_list.php%3Flang_id%3D1%26search_mode%3D%26frmMode%3Dpagebreak%26district_id%3D15%26sort_id%3D-1
{'$oid': '84f47002b87211a0e3847059'},Kwai Tsing,C.C.C. Chuen Yuen Second Primary School,中華基督教會全完第二小學,Aided,Primary,"3 Sheung Kok Street, Tai Wo Hau, Tsuen Wan, N.T.",24201220,info@cy2.edu.hk,Hong Kong,sch_detail.php?lang_id=1&sch_id=168&return_page=sch_list.php%3Flang_id%3D1%26search_mode%3D%26frmMode%3Dpagebreak%26district_id%3D15%26sort_id%3D-1
{'$oid': '885d984f3a168fd9b1b6243f'},Kwai Tsing,C.C.C. Kei Chun Primary School,中華基督教會基真小學,Aided,Primary,"11 Wa Lai Path, Kwai Chung, N.T.",27419907,info@keichun.edu.hk,Hong Kong,sch_detail.php?lang_id=1&sch_id=170&return_page=sch_list.php%3Flang_id%3D1%26search_mode%3D%26frmMode%3Dpagebreak%26district_id%3D15%26sort_id%3D-1
{'$oid': '450e2e4da1a0e5d1110b88d3'},Kwai Tsing,Cho Yiu Catholic Primary School,祖堯天主教小學,Aided,Primary,"10 King Cho Road, Cho Yiu Chuen, Kwai Chung, N.T.",27423701,info@cycps.edu.hk,Hong Kong,sch_detail.php?lang_id=1&sch_id=153&return_page=sch_list.php%3Flang_id%3D1%26search_mode%3D%26frmMode%3Dpagebreak%26district_id%3D15%26sort_id%3D-1
{'$oid': '18da724fee114a14205417a4'},Kwai Tsing,C.N.E.C. Ta Tung School,中華傳道會許大同學校,Aided,Primary,"Estate School No. 1, Kwai Hing Estate, Kwai Chung, N.T.",24219159,info@cnectt.edu.hk,Hong Kong,sch_detail.php?lang_id=1&sch_id=169&return_page=sch_list.php%3Flang_id%3D1%26search_mode%3D%26frmMode%3Dpagebreak%26district_id%3D15%26sort_id%3D-1
{'$oid': '84a9d6b528b0633d14d83e3a'},Kwai Tsing,E.L.C.H.K. Kwai Shing Lutheran Primary School,基督教香港信義會葵盛信義學校,Aided,Primary,"Kwai Shing East Estate, Kwai Chung, N.T.",24225187,kslps@kslps.edu.hk,Hong Kong,sch_detail.php?lang_id=1&sch_id=171&return_page=sch_list.php%3Flang_id%3D1%26search_mode%3D%26frmMode%3Dpagebreak%26district_id%3D15%26sort_id%3D-1
{'$oid': '485f2bf0d20a6f83f79ab8df'},Kwai Tsing,S.K.H. Chu Yan Primary School,聖公會主恩小學,Aided,Primary,"Estate School No. 2, Kwai Shing Estate, Kwai Shing, N.T.",24201915,info@chuyan.edu.hk,Hong Kong,sch_detail.php?lang_id=1&sch_id=152&return_page=sch_list.php%3Flang_id%3D1%26search_mode%3D%26frmMode%3Dpagebreak%26district_id%3D15%26sort_id%3D-1
{'$oid': 'd02bd6a6fdde78d640cf2ea7'},Kwai Tsing,S.K.H. Yan Laap Memorial Primary School,聖公會仁立紀念小學,Aided,Primary,"13 Sheung Kok Street, Kwai Chung, N.T.",24286600,mail@ylm.edu.hk,Hong Kong,sch_detail.php?lang_id=1&sch_id=154&return_page=sch_list.php%3Flang_id%3D1%26search_mode%3D%26frmMode%3Dpagebreak%26district_id%3D15%26sort_id%3D-1
{'$oid': '8f25d33f3262756be1685eaa'},Kwai Tsing,S.K.H. Yan Laap Primary School,聖公會仁立小學,Aided,Primary,"399 Kwai Shing Circuit, Kwai Chung, N.T.",24207986,ylp-mail@yanlaap.edu.hk,Hong Kong,sch_detail.php?lang_id=1&sch_id=173&return_page=sch_list.php%3Flang_id%3D1%26search_mode%3D%26frmMode%3Dpagebreak%26district_id%3D15%26sort_id%3D-1
{'$oid': '37a5b8319e83ada986911dcf'},Kwai Tsing,S.R.B.C.E.P.S.A. Lu Kwong Fai Memorial School,柏立基教育學院校友會盧光輝紀念學校,Aided,Primary,"221 Kwai Shing Circuit, Kwai Chung, N.T.",24290452,info@lkfms.edu.hk,Hong Kong,sch_detail.php?lang_id=1&sch_id=172&return_page=sch_list.php%3Flang_id%3D1%26search_mode%3D%26frmMode%3Dpagebreak%26district_id%3D15%26sort_id%3D-1
{'$oid': 'efbe4fb831324c6174fcd737'},Kwai Tsing,C.N.E.C. Lui Ming Choi Primary School,中華傳道會呂明才小學,Aided,Primary,"Cheung Fat Estate, Tsing Yi, N.T.",24977557,email@cneclmc.edu.hk,Hong Kong,sch_detail.php?lang_id=1&sch_id=156&return_page=sch_list.php%3Flang_id%3D1%26search_mode%3D%26frmMode%3Dpagebreak%26district_id%3D15%26sort_id%3D-1
{'$oid': '08e5206f927347838c6f3493'},Kwai Tsing,Po Leung Kuk Castar Primary School,保良局世德小學,Aided,Primary,"Tsing Luk Street, Tsing Yi, N.T.",24363923,info@plkcastar.edu.hk,Hong Kong,sch_detail.php?lang_id=1&sch_id=176&return_page=sch_list.php%3Flang_id%3D1%26search_mode%3D%26frmMode%3Dpagebreak%26district_id%3D15%26sort_id%3D-1
{'$oid': 'd496a8f09fc0d8f8d2f7a1d5'},Kwai Tsing,Po Leung Kuk Chan Yat Primary School,保良局陳溢小學,Aided,Primary,"Estate Primary School No.2, Cheung Hong Estate, Tsing Yi, N.T.",24976073,cy@plkcy.edu.hk,Hong Kong,sch_detail.php?lang_id=1&sch_id=158&return_page=sch_list.php%3Flang_id%3D1%26search_mode%3D%26frmMode%3Dpagebreak%26district_id%3D15%26sort_id%3D-1
{'$oid': 'dedc050aad7bdbd2f0c2dc8f'},Kwai Tsing,S.K.H. Ho Chak Wan Primary School,聖公會何澤芸小學,Aided,Primary,"Cheung Hang Estate, Tsing Yi, N.T.",24322789,info@skhhcw.edu.hk,Hong Kong,sch_detail.php?lang_id=1&sch_id=159&return_page=sch_list.php%3Flang_id%3D1%26search_mode%3D%26frmMode%3Dpagebreak%26district_id%3D15%26sort_id%3D-1
{'$oid': '80e174f39b0f48fa3deb15a1'},Kwai Tsing,S.K.H. Tsing Yi Chu Yan Primary School,聖公會青衣主恩小學,Aided,Primary,"Cheung Wang Estate, Tsing Yi, N.T.",24332225,info@tycy.edu.hk,Hong Kong,sch_detail.php?lang_id=1&sch_id=160&return_page=sch_list.php%3Flang_id%3D1%26search_mode%3D%26frmMode%3Dpagebreak%26district_id%3D15%26sort_id%3D-1
{'$oid': '3900d4a557f068548d26df97'},Kwai Tsing,S.K.H. Tsing Yi Estate Ho Chak Wan Primary School,聖公會青衣邨何澤芸小學,Aided,Primary,"3 Tsing Luk Street, Tsing Yi, N.T.",24327331,info@tyehcw.edu.hk,Hong Kong,sch_detail.php?lang_id=1&sch_id=177&return_page=sch_list.php%3Flang_id%3D1%26search_mode%3D%26frmMode%3Dpagebreak%26district_id%3D15%26sort_id%3D-1
{'$oid': '7194f58953b76170e9a0b4af'},Kwai Tsing,Tsing Yi Trade Association Primary School,青衣商會小學,Aided,Primary,"12 Ching Hong Road, Cheung Hong Estate, Tsing Yi, N.T.",24979288,info@tytaps.edu.hk,Hong Kong,sch_detail.php?lang_id=1&sch_id=161&return_page=sch_list.php%3Flang_id%3D1%26search_mode%3D%26frmMode%3Dpagebreak%26district_id%3D15%26sort_id%3D-1
{'$oid': 'c6aab74948129dd3253e0635'},Kwai Tsing,Tsuen Wan Trade Association Primary School,荃灣商會學校,Aided,Primary,"Phase 1, Tsing Yi Estate, Tsing Yi, N.T.",24977911,schoolmail@twtaps.edu.hk,Hong Kong,sch_detail.php?lang_id=1&sch_id=180&return_page=sch_list.php%3Flang_id%3D1%26search_mode%3D%26frmMode%3Dpagebreak%26district_id%3D15%26sort_id%3D-1
{'$oid': '16e4223954ccf13454fe7917'},Kwai Tsing,TWGHs Chow Yin Sum Primary School,東華三院周演森小學,Aided,Primary,"8 Tsing Chin Street, Tsing Yi, N.T.",24331081,cysps@tungwah.org.hk,Hong Kong,sch_detail.php?lang_id=1&sch_id=178&return_page=sch_list.php%3Flang_id%3D1%26search_mode%3D%26frmMode%3Dpagebreak%26district_id%3D15%26sort_id%3D-1
{'$oid': 'c0486c3ad56da8924e7cf41b'},Kwai Tsing,TWGHs Wong See Sum Primary School,東華三院黃士心小學,Aided,Primary,"Cheung On Estate, Tsing Yi, N.T.",24978784,wssps@tungwah.org.hk,Hong Kong,sch_detail.php?lang_id=1&sch_id=179&return_page=sch_list.php%3Flang_id%3D1%26search_mode%3D%26frmMode%3Dpagebreak%26district_id%3D15%26sort_id%3D-1
{'$oid': 'b2c900385ae7bf22df1d79af'},Kwai Tsing,Y.C.H. Chiu Tsang Hok Wan Primary School,仁濟醫院趙曾學韞小學,Aided,Primary,"Estate Primary School, Tsing Yi Estate Phase II, Tsing Yi, N.T.",24331788,info@ychcthwps.edu.hk,Hong Kong,sch_detail.php?lang_id=1&sch_id=181&return_page=sch_list.php%3Flang_id%3D1%26search_mode%3D%26frmMode%3Dpagebreak%26district_id%3D15%26sort_id%3D-1
{'$oid': 'd90cfa03cab5c5ec9551706b'},Kwai Tsing,TWGHs Ko Ho Ning Memorial Primary School,東華三院高可寧紀念小學,Aided,Primary,"Lai Yiu Estate, Kwai Chung, N.T.",27450511,mail@twghkhnmp.edu.hk,Hong Kong,sch_detail.php?lang_id=1&sch_id=174&return_page=sch_list.php%3Flang_id%3D1%26search_mode%3D%26frmMode%3Dpagebreak%26district_id%3D15%26sort_id%3D-1
{'$oid': '00ab2ddbd18dfa5aea3b6c2b'},Kwai Tsing,Delia (Man Kiu) English Primary School,地利亞（閩僑）英文小學,DSS,Primary,"Estate Primary School No. 2, Cheung On Estate Phase II, Tsing Yi, N.T.",24325123,ty@deliagroup.edu.hk,Hong Kong,sch_detail.php?lang_id=1&sch_id=162&return_page=sch_list.php%3Flang_id%3D1%26search_mode%3D%26frmMode%3Dpagebreak%26district_id%3D15%26sort_id%3D-1
{'$oid': 'ea0aadc4ad96c5d3e68f60fa'},Tsuen Wan,C.C.C. Chuen Yuen First Primary School,中華基督教會全完第一小學,Aided,Primary,"36 WING SHUN STREET, TSUEN WAN, N.T. (EXCLUDING 2/F VISUAL ARTS ROOM)",24900336,info@cyf.edu.hk,Hong Kong,sch_detail.php?lang_id=1&sch_id=388&return_page=sch_list.php%3Flang_id%3D1%26search_mode%3D%26frmMode%3Dpagebreak%26district_id%3D16%26sort_id%3D-1
{'$oid': '0cee70251afb7a1e8efecbd1'},Tsuen Wan,C.C.C. Kei Wai Primary School,中華基督教會基慧小學,Aided,Primary,"167-185 Tsuen King Circuit, Tsuen Wan, N.T.",24980383,info@kws.edu.hk,Hong Kong,sch_detail.php?lang_id=1&sch_id=389&return_page=sch_list.php%3Flang_id%3D1%26search_mode%3D%26frmMode%3Dpagebreak%26district_id%3D16%26sort_id%3D-1
{'$oid': '374b748b1df5c9f9d5a019d2'},Tsuen Wan,C.C.C. Kei Wai Primary School (Ma Wan),中華基督教會基慧小學（馬灣）,Aided,Primary,"12 Pak Lam Road, Ma Wan, Tsuen Wan, N.T.",29863111,info@kwmwps.edu.hk,Hong Kong,sch_detail.php?lang_id=1&sch_id=390&return_page=sch_list.php%3Flang_id%3D1%26search_mode%3D%26frmMode%3Dpagebreak%26district_id%3D16%26sort_id%3D-1
{'$oid': 'd8353e8f6d7b140829af25be'},Tsuen Wan,Chai Wan Kok Catholic Primary School,柴灣角天主教小學,Aided,Primary,"2-10 On Yin Street, Tsuen Wan, N.T.",24903490,cwk@cwk.edu.hk,Hong Kong,sch_detail.php?lang_id=1&sch_id=392&return_page=sch_list.php%3Flang_id%3D1%26search_mode%3D%26frmMode%3Dpagebreak%26district_id%3D16%26sort_id%3D-1
{'$oid': '379d2e5055520b8b3da4e3bb'},Tsuen Wan,Emmanuel Primary School,靈光小學,Aided,Primary,"13 Miles, Castle Peak Road, Sham Tseng, N.T.",24910256,info2us@emm.edu.hk,Hong Kong,sch_detail.php?lang_id=1&sch_id=393&return_page=sch_list.php%3Flang_id%3D1%26search_mode%3D%26frmMode%3Dpagebreak%26district_id%3D16%26sort_id%3D-1
{'$oid': '133fac1b7d1c8e5b552ddb15'},Tsuen Wan,H.K.T.A. The Yuen Yuen Institute Shek Wai Kok Primary School,香港道教聯合會圓玄學院石圍角小學,Aided,Primary,"Estate Primary School No. 2, Shek Wai Kok Estate, Tsuen Wan, N.T.",24165447,swk@mail.swk.edu.hk,Hong Kong,sch_detail.php?lang_id=1&sch_id=394&return_page=sch_list.php%3Flang_id%3D1%26search_mode%3D%26frmMode%3Dpagebreak%26district_id%3D16%26sort_id%3D-1
{'$oid': 'd911fcf1192dc70375d5a5e7'},Tsuen Wan,Hoi Pa Street Government Primary School,海壩街官立小學,Gov't,Primary,"1 Kai Chi Close, Tsuen Wan, N.T.",24902828,hoipa@hpsgps.edu.hk,Hong Kong,sch_detail.php?lang_id=1&sch_id=384&return_page=sch_list.php%3Flang_id%3D1%26search_mode%3D%26frmMode%3Dpagebreak%26district_id%3D16%26sort_id%3D-1
{'$oid': 'a74b7116c2bc8e44c9a60ecc'},Tsuen Wan,Holy Cross Lutheran School,路德會聖十架學校,Aided,Primary,"31 Lo Tak Court, Tsuen Wan, N.T.",24157878,hcls@hcls.edu.hk,Hong Kong,sch_detail.php?lang_id=1&sch_id=395&return_page=sch_list.php%3Flang_id%3D1%26search_mode%3D%26frmMode%3Dpagebreak%26district_id%3D16%26sort_id%3D-1
{'$oid': 'fdd589665522b0fddeefe9dd'},Tsuen Wan,Hong Kong Baptist Convention Primary School,香港浸信會聯會小學,Aided,Primary,"Belvedere Garden, 2 Lai Shun Road, Tsuen Wan, N.T.",24932494,school@hkbcps.edu.hk,Hong Kong,sch_detail.php?lang_id=1&sch_id=385&return_page=sch_list.php%3Flang_id%3D1%26search_mode%3D%26frmMode%3Dpagebreak%26district_id%3D16%26sort_id%3D-1
{'$oid': 'a949699e5a8ca6cc8a3da0f2'},Tsuen Wan,Kwai-ming Wu Memorial School of The Precious Blood,寶血會伍季明紀念學校,Aided,Primary,"Luk Yeung Sun Chuen, 22-66 Wai Tsuen Road, Tsuen Wan, N.T.",24988911,info@kmw.edu.hk,Hong Kong,sch_detail.php?lang_id=1&sch_id=403&return_page=sch_list.php%3Flang_id%3D1%26search_mode%3D%26frmMode%3Dpagebreak%26district_id%3D16%26sort_id%3D-1
{'$oid': '5853675b01375d9006f079b9'},Tsuen Wan,Mary of Providence Primary School,天佑小學,Aided,Primary,"68 Ho Pui Street, Tsuen Wan, N.T.",24922929,info@mpschool.edu.hk,Hong Kong,sch_detail.php?lang_id=1&sch_id=404&return_page=sch_list.php%3Flang_id%3D1%26search_mode%3D%26frmMode%3Dpagebreak%26district_id%3D16%26sort_id%3D-1
{'$oid': '0795d5d184a51a565722e002'},Tsuen Wan,Shak Chung Shan Memorial Catholic Primary School,天主教石鐘山紀念小學,Aided,Primary,"39 Wing Shun Street, Riviera Gardens, Tsuen Wan, New Territories.",24086373,info@scs.edu.hk,Hong Kong,sch_detail.php?lang_id=1&sch_id=396&return_page=sch_list.php%3Flang_id%3D1%26search_mode%3D%26frmMode%3Dpagebreak%26district_id%3D16%26sort_id%3D-1
{'$oid': '218cc30d535afe558f8adfb2'},Tsuen Wan,Sham Tseng Catholic Primary School,深井天主教小學,Aided,Primary,"37 Castle Peak Road, Sham Tseng, Tsuen Wan, New Territories",24903912,sch@stcpri.edu.hk,Hong Kong,sch_detail.php?lang_id=1&sch_id=391&return_page=sch_list.php%3Flang_id%3D1%26search_mode%3D%26frmMode%3Dpagebreak%26district_id%3D16%26sort_id%3D-1
{'$oid': '92a68c9ae432d8bfab3b4897'},Tsuen Wan,Si Yuan School of the Precious Blood,寶血會思源學校,Aided,Primary,"2 Shing Mun Road,Tsuen Wan, N.T.",35906061,sys@sys.edu.hk,Hong Kong,sch_detail.php?lang_id=1&sch_id=386&return_page=sch_list.php%3Flang_id%3D1%26search_mode%3D%26frmMode%3Dpagebreak%26district_id%3D16%26sort_id%3D-1
{'$oid': '6f2d55b861655b393d7dbfd4'},Tsuen Wan,Tsuen Wan Catholic Primary School,荃灣天主教小學,Aided,Primary,"37-41 Tak Wah Street, Tsuen Wan, N.T.",24923460,info@twcps.edu.hk,Hong Kong,sch_detail.php?lang_id=1&sch_id=397&return_page=sch_list.php%3Flang_id%3D1%26search_mode%3D%26frmMode%3Dpagebreak%26district_id%3D16%26sort_id%3D-1
{'$oid': '52560df75741246fd8aa86e8'},Tsuen Wan,Tsuen Wan Chiu Chow Public School,荃灣潮州公學,Aided,Primary,"80 Hoi Pa Street, Tsuen Wan, N.T.",24905410,info@twccps.edu.hk,Hong Kong,sch_detail.php?lang_id=1&sch_id=387&return_page=sch_list.php%3Flang_id%3D1%26search_mode%3D%26frmMode%3Dpagebreak%26district_id%3D16%26sort_id%3D-1
{'$oid': '12d35bf67589e40a2d99a5b5'},Tsuen Wan,Tsuen Wan Government Primary School,荃灣官立小學,Gov't,Primary,"600 Castle Peak Road, Area 2, Tsuen Wan, N.T.",24156313,twgps@edb.gov.hk,Hong Kong,sch_detail.php?lang_id=1&sch_id=398&return_page=sch_list.php%3Flang_id%3D1%26search_mode%3D%26frmMode%3Dpagebreak%26district_id%3D16%26sort_id%3D-1
{'$oid': '5d7514528f4f8df6e60de6fd'},Tsuen Wan,Tsuen Wan Public Ho Chuen Yiu Memorial Primary School,荃灣公立何傳耀紀念小學,Aided,Primary,"Estate Primary School No. 1, Shek Wai Kok Estate, Tsuen Wan, N.T.",24169596,info@hcy.edu.hk,Hong Kong,sch_detail.php?lang_id=1&sch_id=399&return_page=sch_list.php%3Flang_id%3D1%26search_mode%3D%26frmMode%3Dpagebreak%26district_id%3D16%26sort_id%3D-1
{'$oid': 'b1fee944b932d06c4410574a'},Tuen Mun,C.C.C. Hoh Fuk Tong Primary School,中華基督教會何福堂小學,Aided,Primary,"41 Lung Mun Road, Tuen Mun, N.T.",24597156,info@hft.edu.hk,Hong Kong,sch_detail.php?lang_id=1&sch_id=334&return_page=sch_list.php%3Flang_id%3D1%26search_mode%3D%26frmMode%3Dpagebreak%26district_id%3D17%26sort_id%3D-1
{'$oid': 'eafc6af62ed9e1e199b66409'},Tuen Mun,C.C.C. Mong Wong Far Yok Memorial Primary School,中華基督教會蒙黃花沃紀念小學,Aided,Primary,"Estate School, Tin King Estate, Area 1, Tuen Mun, N.T.",24563678,info@cccmwfys.edu.hk,Hong Kong,sch_detail.php?lang_id=1&sch_id=335&return_page=sch_list.php%3Flang_id%3D1%26search_mode%3D%26frmMode%3Dpagebreak%26district_id%3D17%26sort_id%3D-1
{'$oid': '6128313871455d7c86aadedf'},Tuen Mun,F.D.B.W.A. Chow Chin Yau School,五邑鄒振猷學校,Aided,Primary,"Siu Shan Court, Butterfly Estate, Tuen Mun, N.T.",24671882,mail@fdccys.edu.hk,Hong Kong,sch_detail.php?lang_id=1&sch_id=336&return_page=sch_list.php%3Flang_id%3D1%26search_mode%3D%26frmMode%3Dpagebreak%26district_id%3D17%26sort_id%3D-1
{'$oid': 'a6aabc5b8f691b9ef7868829'},Tuen Mun,H.K.E.C.A. Wu Si Chong Memorial School,僑港伍氏宗親會伍時暢紀念學校,Aided,Primary,"Estate Primary School, Kin Sang Estate, Tuen Mun, N.T.",24544122,hkeca@wusichong.edu.hk,Hong Kong,sch_detail.php?lang_id=1&sch_id=337&return_page=sch_list.php%3Flang_id%3D1%26search_mode%3D%26frmMode%3Dpagebreak%26district_id%3D17%26sort_id%3D-1
{'$oid': 'a419b7221b2156794eebb5e7'},Tuen Mun,H.K.R.S.S. Tuen Mun Primary School,香港紅卍字會屯門卍慈小學,Aided,Primary,"Leung King Estate, Area 1, Tuen Mun, N.T.",24611968,mail@hkrsstmps.edu.hk,Hong Kong,sch_detail.php?lang_id=1&sch_id=338&return_page=sch_list.php%3Flang_id%3D1%26search_mode%3D%26frmMode%3Dpagebreak%26district_id%3D17%26sort_id%3D-1
{'$oid': 'c1725bef05acede0059d6da8'},Tuen Mun,L.K.W.F.S. Ltd. Lau Tak Yung Memorial Primary School,世界龍岡學校劉德容紀念小學,Aided,Primary,"Standard Primary School, 263 Wu Chui Road, Tuen Mun, N.T.",24045333,office@ltyschool.edu.hk,Hong Kong,sch_detail.php?lang_id=1&sch_id=339&return_page=sch_list.php%3Flang_id%3D1%26search_mode%3D%26frmMode%3Dpagebreak%26district_id%3D17%26sort_id%3D-1
{'$oid': '2adffb4b26883a8426393c5c'},Tuen Mun,Lok Sin Tong Leung Wong Wai Fong Memorial School,樂善堂梁黃蕙芳紀念學校,Aided,Primary,"Shan King Estate, Area 7 & 8, Tuen Mun",24666712,info@lstlwwf.edu.hk,Hong Kong,sch_detail.php?lang_id=1&sch_id=330&return_page=sch_list.php%3Flang_id%3D1%26search_mode%3D%26frmMode%3Dpagebreak%26district_id%3D17%26sort_id%3D-1
{'$oid': '0d84ada00b1db5ad90692e51'},Tuen Mun,Lutheran Tsang Shing Siu Leun School,香港路德會增城兆霖學校,Aided,Primary,"Estate Primary School No. 5, Phase III, Butterfly Estate, Area 28, Tuen Mun, N.T.",24665885,info@siuleunsch.edu.hk,Hong Kong,sch_detail.php?lang_id=1&sch_id=359&return_page=sch_list.php%3Flang_id%3D1%26search_mode%3D%26frmMode%3Dpagebreak%26district_id%3D17%26sort_id%3D-1
{'$oid': '8209f47d5c45ef59d7caa437'},Tuen Mun,P.L.K. Fong Wong Kam Chuen Primary School,保良局方王錦全小學,Aided,Primary,"Leung King Estate, Tuen Mun, N.T.",24661882,general@eclass.plkfwkc.edu.hk,Hong Kong,sch_detail.php?lang_id=1&sch_id=360&return_page=sch_list.php%3Flang_id%3D1%26search_mode%3D%26frmMode%3Dpagebreak%26district_id%3D17%26sort_id%3D-1
{'$oid': 'e65a5955ae3d8e75b488ba32'},Tuen Mun,P.L.K. Leung Chow Shun Kam Primary School,保良局梁周順琴小學,Aided,Primary,"No. 1, Wu Fai Street, Wu King Estate, Tuen Mun, N.T.",24678107,plklcskoffice@plklcsk.edu.hk,Hong Kong,sch_detail.php?lang_id=1&sch_id=340&return_page=sch_list.php%3Flang_id%3D1%26search_mode%3D%26frmMode%3Dpagebreak%26district_id%3D17%26sort_id%3D-1
{'$oid': '736329f19979768d37f88e5c'},Tuen Mun,P.L.K. Vicwood K.T. Chong No. 2 Primary School,保良局莊啟程第二小學,Aided,Primary,"2 Leung Choi Lane, Tuen Mun, New Territories",24621722,mail@plkvktc2.edu.hk,Hong Kong,sch_detail.php?lang_id=1&sch_id=332&return_page=sch_list.php%3Flang_id%3D1%26search_mode%3D%26frmMode%3Dpagebreak%26district_id%3D17%26sort_id%3D-1
{'$oid': 'db71488fb7ce696b258990d4'},Tuen Mun,Po Leung Kuk Horizon East Primary School,保良局志豪小學,Aided,Primary,"3 Hing Fu Street, Tuen Mun",27020707,plkheps@plkheps.edu.hk,Hong Kong,sch_detail.php?lang_id=1&sch_id=342&return_page=sch_list.php%3Flang_id%3D1%26search_mode%3D%26frmMode%3Dpagebreak%26district_id%3D17%26sort_id%3D-1
{'$oid': '7c038c3274e7b39d47414560'},Tuen Mun,S.R.B.C.E.P.S.A. Ho Sau Ki School,柏立基教育學院校友會何壽基學校,Aided,Primary,"Estate School No. 1, Tin King Estate, Tuen Mun, N.T.",24556111,info@hosauki.edu.hk,Hong Kong,sch_detail.php?lang_id=1&sch_id=343&return_page=sch_list.php%3Flang_id%3D1%26search_mode%3D%26frmMode%3Dpagebreak%26district_id%3D17%26sort_id%3D-1
{'$oid': 'c98e676a10d01d0b959f24b4'},Tuen Mun,Taoist Ching Chung Primary School,道教青松小學,Aided,Primary,"Shan King Estate, Tuen Mun, N.T.",24651222,email@tccps.edu.hk,Hong Kong,sch_detail.php?lang_id=1&sch_id=328&return_page=sch_list.php%3Flang_id%3D1%26search_mode%3D%26frmMode%3Dpagebreak%26district_id%3D17%26sort_id%3D-1
{'$oid': 'ce3cef21c63a527f8da5f6aa'},Tuen Mun,Taoist Ching Chung Primary School (Wu King Estate),道教青松小學（湖景邨）,Aided,Primary,"Estate Primary School No. 1, Phase 1, Wu King Estate Area 28, Tuen Mun, N.T.",24652881,office@tccpswke.edu.hk,Hong Kong,sch_detail.php?lang_id=1&sch_id=329&return_page=sch_list.php%3Flang_id%3D1%26search_mode%3D%26frmMode%3Dpagebreak%26district_id%3D17%26sort_id%3D-1
{'$oid': 'dbf8092ca63baf58284eeeae'},Tuen Mun,Toi Shan Association Primary School,台山商會學校,Aided,Primary,"14 Shek Pai Tau Road, Tuen Mun, N.T.",24622855,info@ts.edu.hk,Hong Kong,sch_detail.php?lang_id=1&sch_id=344&return_page=sch_list.php%3Flang_id%3D1%26search_mode%3D%26frmMode%3Dpagebreak%26district_id%3D17%26sort_id%3D-1
{'$oid': '15cfde153bb502701a1a2da7'},Tuen Mun,Tuen Mun Government Primary School,屯門官立小學,Gov't,Primary,"Siu Hong Court, Tuen Mun, N.T.",24651662,tmgps@edb.gov.hk,Hong Kong,sch_detail.php?lang_id=1&sch_id=345&return_page=sch_list.php%3Flang_id%3D1%26search_mode%3D%26frmMode%3Dpagebreak%26district_id%3D17%26sort_id%3D-1
{'$oid': 'cb3b0c7a6299546e7cfcdabc'},Tuen Mun,Yan Chai Hospital Law Chan Chor Si Primary School,仁濟醫院羅陳楚思小學,Aided,Primary,"29 Wu King Road, Tuen Mun, N.T.",24413366,office@lccs.edu.hk,Hong Kong,sch_detail.php?lang_id=1&sch_id=361&return_page=sch_list.php%3Flang_id%3D1%26search_mode%3D%26frmMode%3Dpagebreak%26district_id%3D17%26sort_id%3D-1
{'$oid': '28c4a5735b82dd34c8259400'},Tuen Mun,Yan Tak Catholic Primary School,仁德天主教小學,Aided,Primary,"Estate Primary School No. 2, Phase II, Butterfly Estate, Tuen Mun, N.T.",24636171,info@yantak.edu.hk,Hong Kong,sch_detail.php?lang_id=1&sch_id=346&return_page=sch_list.php%3Flang_id%3D1%26search_mode%3D%26frmMode%3Dpagebreak%26district_id%3D17%26sort_id%3D-1
{'$oid': '728c0381fcd06c00afaf2e40'},Tuen Mun,A.D.&F.D. of Pok Oi Hospital Mrs. Cheng Yam On Millennium Sch.,博愛醫院歷屆總理聯誼會鄭任安夫人千禧小學,Aided,Primary,"111 So Kwun Wat Road, Tuen Mun, N.T.",24510088,info@mcyoms.edu.hk,Hong Kong,sch_detail.php?lang_id=1&sch_id=348&return_page=sch_list.php%3Flang_id%3D1%26search_mode%3D%26frmMode%3Dpagebreak%26district_id%3D17%26sort_id%3D-1
{'$oid': '3d68f55d4bb4e8c42c5f4b77'},Tuen Mun,A.D. & F.D. of Pok Oi Hospital Mrs Cheng Yam On School,博愛醫院歷屆總理聯誼會鄭任安夫人學校,Aided,Primary,"No. 3 Tuen Lee Street, Tuen Mun, N.T.",24512333,info@mcyos.edu.hk,Hong Kong,sch_detail.php?lang_id=1&sch_id=347&return_page=sch_list.php%3Flang_id%3D1%26search_mode%3D%26frmMode%3Dpagebreak%26district_id%3D17%26sort_id%3D-1
{'$oid': '344b18f1e3c5f765002a1ef5'},Tuen Mun,Castle Peak Catholic Primary School,青山天主教小學,Aided,Primary,"2 Tuen Mun Heung Sze Wui Road, Tuen Mun, N.T.",24574634,cpcps@cpcps.edu.hk,Hong Kong,sch_detail.php?lang_id=1&sch_id=349&return_page=sch_list.php%3Flang_id%3D1%26search_mode%3D%26frmMode%3Dpagebreak%26district_id%3D17%26sort_id%3D-1
{'$oid': 'cb37f49463fcda0bf42dfc6a'},Tuen Mun,C.C.C. But San Primary School,中華基督教會拔臣小學,Aided,Primary,"28 Castle Peak Road, San Hui, Tuen Mun, N.T.",24596221,cccbs@butsan.edu.hk,Hong Kong,sch_detail.php?lang_id=1&sch_id=364&return_page=sch_list.php%3Flang_id%3D1%26search_mode%3D%26frmMode%3Dpagebreak%26district_id%3D17%26sort_id%3D-1
{'$oid': '4739568ed1deaac1ad27dfe3'},Tuen Mun,Islamic Primary School,伊斯蘭學校,Aided,Primary,"2 Oi Tak Lane, Yau Oi Estate, Tuen Mun, N.T.",24502270,mail@islamps.edu.hk,Hong Kong,sch_detail.php?lang_id=1&sch_id=351&return_page=sch_list.php%3Flang_id%3D1%26search_mode%3D%26frmMode%3Dpagebreak%26district_id%3D17%26sort_id%3D-1
{'$oid': 'ff4a29a33b2f298aca0cffab'},Tuen Mun,Lui Cheung Kwong Lutheran Primary School,路德會呂祥光小學,Aided,Primary,"On Ting Estate, Tuen Mun, N.T.",24503128,info@lckps.edu.hk,Hong Kong,sch_detail.php?lang_id=1&sch_id=362&return_page=sch_list.php%3Flang_id%3D1%26search_mode%3D%26frmMode%3Dpagebreak%26district_id%3D17%26sort_id%3D-1
{'$oid': 'be6394ce9b7150497c7c8fd9'},Tuen Mun,P.L.K. Women's Welfare Club (WD) Fung Lee Pui Yiu Pri. Sch.,保良局西區婦女福利會馮李佩瑤小學,Aided,Primary,"11 Kwun Tsing Road, So Kwun Wat, Tuen Mun, N.T.",24112208,info@plkflpy.edu.hk,Hong Kong,sch_detail.php?lang_id=1&sch_id=341&return_page=sch_list.php%3Flang_id%3D1%26search_mode%3D%26frmMode%3Dpagebreak%26district_id%3D17%26sort_id%3D-1
{'$oid': '7d79857333e12ab817022d5c'},Tuen Mun,S.K.H. Mung Yan Primary School,聖公會蒙恩小學,Aided,Primary,"1 King Fung Path, Tuen Mun, N.T.",24598909,info@skhmungyanps.edu.hk,Hong Kong,sch_detail.php?lang_id=1&sch_id=363&return_page=sch_list.php%3Flang_id%3D1%26search_mode%3D%26frmMode%3Dpagebreak%26district_id%3D17%26sort_id%3D-1
{'$oid': '75b2f6c844695f2fc774bb8a'},Tuen Mun,S.T.F.A. Ho Yat Tung Primary School,順德聯誼總會何日東小學,Aided,Primary,"Estate Primary School No. 5, Yau Oi Estate, Area 15, Tuen Mun, N.T.",24586111,hytps@hytps.edu.hk,Hong Kong,sch_detail.php?lang_id=1&sch_id=352&return_page=sch_list.php%3Flang_id%3D1%26search_mode%3D%26frmMode%3Dpagebreak%26district_id%3D17%26sort_id%3D-1
{'$oid': '258b2f1397748f60f509a791'},Tuen Mun,S.T.F.A. Lee Kam Primary School,順德聯誼總會李金小學,Aided,Primary,"23 So Kwun Wat Road, Tuen Mun, N.T.",24411222,email@leekamps.edu.hk,Hong Kong,sch_detail.php?lang_id=1&sch_id=353&return_page=sch_list.php%3Flang_id%3D1%26search_mode%3D%26frmMode%3Dpagebreak%26district_id%3D17%26sort_id%3D-1
{'$oid': 'e7246e4b2d8609fe15bcea3f'},Tuen Mun,S.T.F.A. Wu Siu Kui Memorial Primary School,順德聯誼總會胡少渠紀念小學,Aided,Primary,"Estate Primary School No. 3, On Ting Estate, Tuen Mun, N.T.",24503833,info@wsk.edu.hk,Hong Kong,sch_detail.php?lang_id=1&sch_id=354&return_page=sch_list.php%3Flang_id%3D1%26search_mode%3D%26frmMode%3Dpagebreak%26district_id%3D17%26sort_id%3D-1
{'$oid': 'f7fbe6c4b657546857563b8c'},Tuen Mun,The Yuen Yuen Institute Chan Kwok Chiu Hing Tak Primary School,圓玄學院陳國超興德小學,Aided,Primary,"1 Hing Ping Road, Tuen Mun, N.T.",24482211,info@ckcps.edu.hk,Hong Kong,sch_detail.php?lang_id=1&sch_id=350&return_page=sch_list.php%3Flang_id%3D1%26search_mode%3D%26frmMode%3Dpagebreak%26district_id%3D17%26sort_id%3D-1
{'$oid': '4f654f19e88a748fc3162bfe'},Tuen Mun,TWGHs Tang Shiu Kin Primary School,東華三院鄧肇堅小學,Aided,Primary,"On Ting Estate, Tuen Mun, N.T.",24030311,tskps@tungwah.org.hk,Hong Kong,sch_detail.php?lang_id=1&sch_id=365&return_page=sch_list.php%3Flang_id%3D1%26search_mode%3D%26frmMode%3Dpagebreak%26district_id%3D17%26sort_id%3D-1
{'$oid': '4a307145245092c9d8a548cb'},Tuen Mun,Y.C.H. Ho Sik Nam Primary School,仁濟醫院何式南小學,Aided,Primary,"Standard Primary School Area 16, Tuen Mun, N.T.",24510325,mail@hosiknam.edu.hk,Hong Kong,sch_detail.php?lang_id=1&sch_id=356&return_page=sch_list.php%3Flang_id%3D1%26search_mode%3D%26frmMode%3Dpagebreak%26district_id%3D17%26sort_id%3D-1
{'$oid': '0757f0983940d62964deaab6'},Tuen Mun,Y.O.T. Madam Lau Wong Fat Primary School,仁愛堂劉皇發夫人小學,Aided,Primary,"Estate Primary School No. 6, On Ting Estate, Tuen Mun, N.T.",24510372,mlwf@yotps.edu.hk,Hong Kong,sch_detail.php?lang_id=1&sch_id=357&return_page=sch_list.php%3Flang_id%3D1%26search_mode%3D%26frmMode%3Dpagebreak%26district_id%3D17%26sort_id%3D-1
{'$oid': '37d21b5d5af5cdee042223ba'},Tuen Mun,Po Leung Kuk Hong Kong Taoist Association Yuen Yuen Primary School,保良局香港道教聯合會圓玄小學,DSS,Primary,"26 Tsing Hoi Circuit, Castle Peak Road, Tuen Mun, N.T.",24501588,info@yyps.edu.hk,Hong Kong,sch_detail.php?lang_id=1&sch_id=333&return_page=sch_list.php%3Flang_id%3D1%26search_mode%3D%26frmMode%3Dpagebreak%26district_id%3D17%26sort_id%3D-1
{'$oid': 'bd9f8af3173eef206b22c608'},Yuen Long,Chinese Y.M.C.A. Primary School,中華基督教青年會小學,Aided,Primary,"Tin Fu Court, Tin Shui Wai, Yuen Long, N.T.",24450580,info@cymcaps.edu.hk,Hong Kong,sch_detail.php?lang_id=1&sch_id=468&return_page=sch_list.php%3Flang_id%3D1%26search_mode%3D%26frmMode%3Dpagebreak%26district_id%3D18%26sort_id%3D-1
{'$oid': '2cddec4d11962fbe74316165'},Yuen Long,Chiu Yang Por Yen Primary School,潮陽百欣小學,Aided,Primary,"55 Tin Wah Road, Tin Shui Wai, Yuen Long, N.T.",24451666,mail@cypy.edu.hk,Hong Kong,sch_detail.php?lang_id=1&sch_id=469&return_page=sch_list.php%3Flang_id%3D1%26search_mode%3D%26frmMode%3Dpagebreak%26district_id%3D18%26sort_id%3D-1
{'$oid': '6d9ac4c02065c7d0668cefb7'},Yuen Long,Chiu Yang Primary School of Hong Kong,香港潮陽小學,Aided,Primary,"Tin Yiu Estate, Phase III, Tin Shui Wai, Yuen Long, N.T.",24463018,cyps@ms.cyps.edu.hk,Hong Kong,sch_detail.php?lang_id=1&sch_id=470&return_page=sch_list.php%3Flang_id%3D1%26search_mode%3D%26frmMode%3Dpagebreak%26district_id%3D18%26sort_id%3D-1
{'$oid': '4e59b6a8654c2d111bdf78e0'},Yuen Long,Christian Alliance S.Y. Yeh Memorial Primary School,宣道會葉紹蔭紀念小學,Aided,Primary,"Tin Chak Estate, Tin Shui Wai, Yuen Long, N.T.",31522973,syy@casyymps.edu.hk,Hong Kong,sch_detail.php?lang_id=1&sch_id=493&return_page=sch_list.php%3Flang_id%3D1%26search_mode%3D%26frmMode%3Dpagebreak%26district_id%3D18%26sort_id%3D-1
{'$oid': '91b3793f11ef5223384cc33c'},Yuen Long,Christian Pui Yan Primary School,基督教培恩小學,Aided,Primary,"2 Tin Yip Road, Tin Shui Wai, Yuen Long, N.T",23420555,info@cpyps.edu.hk,Hong Kong,sch_detail.php?lang_id=1&sch_id=473&return_page=sch_list.php%3Flang_id%3D1%26search_mode%3D%26frmMode%3Dpagebreak%26district_id%3D18%26sort_id%3D-1
{'$oid': '3db86df263a906c33f70f082'},Yuen Long,C.P.C. Yao Dao Primary School,金巴崙長老會耀道小學,Aided,Primary,"Tin Fu Court, Tin Shui Wai, Yuen Long, N.T.",26177926,info@cpcyd.edu.hk,Hong Kong,sch_detail.php?lang_id=1&sch_id=467&return_page=sch_list.php%3Flang_id%3D1%26search_mode%3D%26frmMode%3Dpagebreak%26district_id%3D18%26sort_id%3D-1
{'$oid': '28958ebcc81b68342cd504ef'},Yuen Long,HKFYG Lee Shau Kee Primary School,香港青年協會李兆基小學,Aided,Primary,"11 Tin Wing Road, Tin Shui Wai, Yuen Long, N.T.",24481011,lskps@hkfyg.org.hk,Hong Kong,sch_detail.php?lang_id=1&sch_id=471&return_page=sch_list.php%3Flang_id%3D1%26search_mode%3D%26frmMode%3Dpagebreak%26district_id%3D18%26sort_id%3D-1
{'$oid': '9183f6c01d1c9e8fdcc25c80'},Yuen Long,Ho Ming Primary School (Sponsored by Sik Sik Yuen),嗇色園主辦可銘學校,Aided,Primary,"2 Tin Pak Road, Tin Shui Wai, Yuen Long, N.T.",24450101,info@homing.edu.hk,Hong Kong,sch_detail.php?lang_id=1&sch_id=472&return_page=sch_list.php%3Flang_id%3D1%26search_mode%3D%26frmMode%3Dpagebreak%26district_id%3D18%26sort_id%3D-1
{'$oid': '15699c17ebe08fcb191b3224'},Yuen Long,Lions Clubs International Ho Tak Sum Primary School,獅子會何德心小學,Aided,Primary,"Area 3 (PS2), Phase 4, Tin Shui Wai, Yuen Long, N.T.",26179682,info@htsps.edu.hk,Hong Kong,sch_detail.php?lang_id=1&sch_id=474&return_page=sch_list.php%3Flang_id%3D1%26search_mode%3D%26frmMode%3Dpagebreak%26district_id%3D18%26sort_id%3D-1
{'$oid': '43630516e5d765068338dc47'},Yuen Long,Lok Sin Tong Leung Kau Kui Primary School,樂善堂梁銶琚學校,Aided,Primary,"Estate Primary School, Tin Shui Estate, Phase IV, Tin Shui Wai, Yuen Long, N.T.",24486022,info@gg.lst-lkkps.edu.hk,Hong Kong,sch_detail.php?lang_id=1&sch_id=475&return_page=sch_list.php%3Flang_id%3D1%26search_mode%3D%26frmMode%3Dpagebreak%26district_id%3D18%26sort_id%3D-1
{'$oid': '0f9e691004e7b9e2ad564023'},Yuen Long,L.S.T. Leung Kau Kui Primary School (Branch),樂善堂梁銶琚學校（分校）,Aided,Primary,"Second Primary School, Area 101, Tin Shui Wai, Yuen Long, N.T.",24456880,info@lst-lkkb.edu.hk,Hong Kong,sch_detail.php?lang_id=1&sch_id=498&return_page=sch_list.php%3Flang_id%3D1%26search_mode%3D%26frmMode%3Dpagebreak%26district_id%3D18%26sort_id%3D-1
{'$oid': '18fbf27fe9c37869b5876da5'},Yuen Long,Q.E.S. Old Students' Association Branch Primary School,伊利沙伯中學舊生會小學分校,Aided,Primary,"Area 3, Phase 4, Tin Shui Wai, Yuen Long, N.T.",24478686,info@qbps.edu.hk,Hong Kong,sch_detail.php?lang_id=1&sch_id=476&return_page=sch_list.php%3Flang_id%3D1%26search_mode%3D%26frmMode%3Dpagebreak%26district_id%3D18%26sort_id%3D-1
{'$oid': '834756707a69c7643840ff63'},Yuen Long,Q.E.S. Old Students' Association Primary School,伊利沙伯中學舊生會小學,Aided,Primary,"Phase 1, Tin Yiu Estate, Tin Shui Wai, NT",24480889,qps-mail@qesosaps.edu.hk,Hong Kong,sch_detail.php?lang_id=1&sch_id=477&return_page=sch_list.php%3Flang_id%3D1%26search_mode%3D%26frmMode%3Dpagebreak%26district_id%3D18%26sort_id%3D-1
{'$oid': '32dee7c909edb2d37f68cddb'},Yuen Long,Shap Pat Heung Rural Committee Kung Yik She Primary School,十八鄉鄉事委員會公益社小學,Aided,Primary,"22 Tin Shing Road, Tin Shui Wai, N.T.",24486623,info@kysps.edu.hk,Hong Kong,sch_detail.php?lang_id=1&sch_id=495&return_page=sch_list.php%3Flang_id%3D1%26search_mode%3D%26frmMode%3Dpagebreak%26district_id%3D18%26sort_id%3D-1
{'$oid': '9616ed980e0f13679b40f3b6'},Yuen Long,S.K.H. Tin Shui Wai Ling Oi Primary School,聖公會天水圍靈愛小學,Aided,Primary,"82 Tin Shui Road, Tin Shui Wai, Yuen Long, N.T.",24461633,info@skhtswlo.edu.hk,Hong Kong,sch_detail.php?lang_id=1&sch_id=478&return_page=sch_list.php%3Flang_id%3D1%26search_mode%3D%26frmMode%3Dpagebreak%26district_id%3D18%26sort_id%3D-1
{'$oid': '6a94e2c23caa5dd0114484fa'},Yuen Long,S.T.F.A. Wu Mien Tuen Primary School,順德聯誼總會伍冕端小學,Aided,Primary,"Tin Heng Estate, Tin Shui Wai, Yuen Long, N.T.",31570630,stfawmtps@eservices.hkedcity.net,Hong Kong,sch_detail.php?lang_id=1&sch_id=494&return_page=sch_list.php%3Flang_id%3D1%26search_mode%3D%26frmMode%3Dpagebreak%26district_id%3D18%26sort_id%3D-1
{'$oid': '95494f697e902274bd882f8a'},Yuen Long,Tin Shui Wai Catholic Primary School,天水圍天主教小學,Aided,Primary,"28 Tin Pak Road, Tin Shui Wai, Yuen Long, N.T.",26178212,sch@tswcps.edu.hk,Hong Kong,sch_detail.php?lang_id=1&sch_id=481&return_page=sch_list.php%3Flang_id%3D1%26search_mode%3D%26frmMode%3Dpagebreak%26district_id%3D18%26sort_id%3D-1
{'$oid': '0ed6691e7950ca94b0678eac'},Yuen Long,Tin Shui Wai Government Primary School,天水圍官立小學,Gov't,Primary,"10 Tin Shui Road, Tin Shui  Wai, Yuen Long, N.T.",24474288,tswgps@edb.gov.hk,Hong Kong,sch_detail.php?lang_id=1&sch_id=482&return_page=sch_list.php%3Flang_id%3D1%26search_mode%3D%26frmMode%3Dpagebreak%26district_id%3D18%26sort_id%3D-1
{'$oid': 'd4289109190e09639d850b3d'},Yuen Long,Tin Shui Wai Methodist Primary School,天水圍循道衞理小學,Aided,Primary,"Phase 1 Area 31, Tin Shui Wai, N.T.",24480373,email@campus.tswmps.edu.hk,Hong Kong,sch_detail.php?lang_id=1&sch_id=461&return_page=sch_list.php%3Flang_id%3D1%26search_mode%3D%26frmMode%3Dpagebreak%26district_id%3D18%26sort_id%3D-1
{'$oid': 'f4a6a91f5a4e820dd4baee48'},Yuen Long,TWGHs Leo Tung-hai LEE Primary School,東華三院李東海小學,Aided,Primary,"19 Tin Tan Street, Tin Shui Wai, Yuen Long, N.T.",24461188,lthps@tungwah.org.hk,Hong Kong,sch_detail.php?lang_id=1&sch_id=479&return_page=sch_list.php%3Flang_id%3D1%26search_mode%3D%26frmMode%3Dpagebreak%26district_id%3D18%26sort_id%3D-1
{'$oid': '13d641efd040eab2498422db'},Yuen Long,TWGHs Yiu Dak Chi Memorial Primary School (Yuen Long),東華三院姚達之紀念小學（元朗）,Aided,Primary,"Estate Primary School, Phase I, Tin Shui Estate, Tin Shui Wai, N.T.",24451168,ydcps@tungwah.org.hk,Hong Kong,sch_detail.php?lang_id=1&sch_id=480&return_page=sch_list.php%3Flang_id%3D1%26search_mode%3D%26frmMode%3Dpagebreak%26district_id%3D18%26sort_id%3D-1
{'$oid': '6f3e480c3501cbc6400a1f83'},Yuen Long,Xianggang Putonghua Yanxishe Pri. Sch. of Science and Creativity,香港普通話研習社科技創意小學,Aided,Primary,"Tin Fu Court, 25 Tin Sau Road, Tin Shui Wai, N.T.",24708080,info@xpypssc.edu.hk,Hong Kong,sch_detail.php?lang_id=1&sch_id=496&return_page=sch_list.php%3Flang_id%3D1%26search_mode%3D%26frmMode%3Dpagebreak%26district_id%3D18%26sort_id%3D-1
{'$oid': 'a059e3529cfd0bd9978b754e'},Yuen Long,Y.L.P.M.S. Alumni Association Tang Ying Yip Primary School,元朗公立中學校友會鄧英業小學,Aided,Primary,"86 Tin Shui Road, Tin Shui Wai, Yuen Long, N.T.",26178200,mailbox@alu.edu.hk,Hong Kong,sch_detail.php?lang_id=1&sch_id=483&return_page=sch_list.php%3Flang_id%3D1%26search_mode%3D%26frmMode%3Dpagebreak%26district_id%3D18%26sort_id%3D-1
{'$oid': '49f61bb0fa8ad38da93743ee'},Yuen Long,Yuen Long Po Kok Primary School,元朗寶覺小學,Aided,Primary,"55 Tan Kwai Tsuen Road, Hung Shui Kiu, Yuen Long, N.T.",24762258,ylpokok@ylpokok.edu.hk,Hong Kong,sch_detail.php?lang_id=1&sch_id=459&return_page=sch_list.php%3Flang_id%3D1%26search_mode%3D%26frmMode%3Dpagebreak%26district_id%3D18%26sort_id%3D-1
{'$oid': '179914dac4396eace3046c4f'},Yuen Long,A.D. & F.D. of POHL Leung Sing Tak School,博愛醫院歷屆總理聯誼會梁省德學校,Aided,Primary,"Estate Primary School, Long Ping Estate, Phase 3, Yuen Long, N.T.",24745566,am@yuenlonglsts.edu.hk,Hong Kong,sch_detail.php?lang_id=1&sch_id=499&return_page=sch_list.php%3Flang_id%3D1%26search_mode%3D%26frmMode%3Dpagebreak%26district_id%3D18%26sort_id%3D-1
{'$oid': '236edc99273cc097a9204e1c'},Yuen Long,Buddhist Chan Wing Kan Memorial School,佛教陳榮根紀念學校,Aided,Primary,"23 Lam Hau Tsuen Road, Ma Tin, Yuen Long",24753663,info@bcwkms.edu.hk,Hong Kong,sch_detail.php?lang_id=1&sch_id=486&return_page=sch_list.php%3Flang_id%3D1%26search_mode%3D%26frmMode%3Dpagebreak%26district_id%3D18%26sort_id%3D-1
{'$oid': 'f1ab0cfbfa17f6c5893a92a4'},Yuen Long,Kwong Ming School,光明學校,Aided,Primary,"Shui Pin Wai Estate, Yuen Long, N.T.",24762616,info@kms.edu.hk,Hong Kong,sch_detail.php?lang_id=1&sch_id=462&return_page=sch_list.php%3Flang_id%3D1%26search_mode%3D%26frmMode%3Dpagebreak%26district_id%3D18%26sort_id%3D-1
{'$oid': '720ec927cd01d64566c3cd12'},Yuen Long,S.K.H. Ling Oi Primary School,聖公會靈愛小學,Aided,Primary,"15 Ma Miu Road, Yuen Long, N.T.",24774109,info@lingoi.edu.hk,Hong Kong,sch_detail.php?lang_id=1&sch_id=484&return_page=sch_list.php%3Flang_id%3D1%26search_mode%3D%26frmMode%3Dpagebreak%26district_id%3D18%26sort_id%3D-1
{'$oid': '224014d5d5d77180b0b278ad'},Yuen Long,South Yuen Long Government Primary School,南元朗官立小學,Gov't,Primary,"21 Lam Hau Tsuen Road, Yuen Long, New Territories",24781230,sylgps@edb.gov.hk,Hong Kong,sch_detail.php?lang_id=1&sch_id=505&return_page=sch_list.php%3Flang_id%3D1%26search_mode%3D%26frmMode%3Dpagebreak%26district_id%3D18%26sort_id%3D-1
{'$oid': 'ee61d724dde58f6f9fb57c21'},Yuen Long,Yuen Long Long Ping Estate Tung Koon Primary School,元朗朗屏邨東莞學校,Aided,Primary,"Phase 1, Long Ping Estate, Yuen Long, N.T.",24762433,tkps@tkps.edu.hk,Hong Kong,sch_detail.php?lang_id=1&sch_id=460&return_page=sch_list.php%3Flang_id%3D1%26search_mode%3D%26frmMode%3Dpagebreak%26district_id%3D18%26sort_id%3D-1
{'$oid': 'aaaf831f3ea658cc002d4fab'},Yuen Long,Yuen Long Long Ping Estate Wai Chow School,元朗朗屏邨惠州學校,Aided,Primary,"Phase II, Long Ping Estate, Yuen Long, N.T.",24763903,info@hzit.edu.hk,Hong Kong,sch_detail.php?lang_id=1&sch_id=500&return_page=sch_list.php%3Flang_id%3D1%26search_mode%3D%26frmMode%3Dpagebreak%26district_id%3D18%26sort_id%3D-1
{'$oid': '6ba04ba38ed76a19bd0e234a'},Yuen Long,Yuen Long Merchants Association Primary School,元朗商會小學,Aided,Primary,"244 Castle Peak Road, Yuen Long, N.T.",24762268,school@ylmaps.edu.hk,Hong Kong,sch_detail.php?lang_id=1&sch_id=463&return_page=sch_list.php%3Flang_id%3D1%26search_mode%3D%26frmMode%3Dpagebreak%26district_id%3D18%26sort_id%3D-1
{'$oid': '84409f9f88a3efcedb43de79'},Yuen Long,Yuen Long Public Middle School Alumni Association Primary School,元朗公立中學校友會小學,Aided,Primary,"2 Town Park Road North, Yuen Long, N.T.",24750328,info@ylaps.edu.hk,Hong Kong,sch_detail.php?lang_id=1&sch_id=485&return_page=sch_list.php%3Flang_id%3D1%26search_mode%3D%26frmMode%3Dpagebreak%26district_id%3D18%26sort_id%3D-1
{'$oid': '019e9136f81efdc5b01c3821'},Yuen Long,Buddhist Wing Yan School,佛教榮茵學校,Aided,Primary,"6 Fung Yau Street South, Yuen Long, N.T.",24750433,wy@bwys.edu.hk,Hong Kong,sch_detail.php?lang_id=1&sch_id=501&return_page=sch_list.php%3Flang_id%3D1%26search_mode%3D%26frmMode%3Dpagebreak%26district_id%3D18%26sort_id%3D-1
{'$oid': '62c5a37a62a726ee73eb36a9'},Yuen Long,C.C.C. Chun Kwong Primary School,中華基督教會元朗真光小學,Aided,Primary,"5 Chung Sing Path, Yuen Long, N.T.",24762696,info@ckps.edu.hk,Hong Kong,sch_detail.php?lang_id=1&sch_id=465&return_page=sch_list.php%3Flang_id%3D1%26search_mode%3D%26frmMode%3Dpagebreak%26district_id%3D18%26sort_id%3D-1
{'$oid': '35e00aee5377518c6ad93e62'},Yuen Long,Chung Sing School,鐘聲學校,Aided,Primary,"29 Kau Hui Road, Yuen Long, N.T.",24762505,css_info@chungsing.edu.hk,Hong Kong,sch_detail.php?lang_id=1&sch_id=487&return_page=sch_list.php%3Flang_id%3D1%26search_mode%3D%26frmMode%3Dpagebreak%26district_id%3D18%26sort_id%3D-1
{'$oid': 'd781bc08948aa74d2c8d9796'},Yuen Long,C.&M.A. Chui Chak Lam Memorial School,基督教宣道會徐澤林紀念小學,Aided,Primary,"68 Kin Tak Street, Yuen Long, N.T.",23813904,mail@ccl.edu.hk,Hong Kong,sch_detail.php?lang_id=1&sch_id=464&return_page=sch_list.php%3Flang_id%3D1%26search_mode%3D%26frmMode%3Dpagebreak%26district_id%3D18%26sort_id%3D-1
{'$oid': '9b020ad4b02da2b9657dacee'},Yuen Long,HKMLC Wong Chan Sook Ying Memorial School,港澳信義會黃陳淑英紀念學校,Aided,Primary,"Fairview Park D D 104 Lot 4665, Orchid Road East,Tai Shang Wai, Yuen Long, N.T.",24718502,hkmlc@wcsy.edu.hk,Hong Kong,sch_detail.php?lang_id=1&sch_id=502&return_page=sch_list.php%3Flang_id%3D1%26search_mode%3D%26frmMode%3Dpagebreak%26district_id%3D18%26sort_id%3D-1
{'$oid': '9e471305c6e3fc7dea3584b4'},Yuen Long,Kam Tin Mung Yeung Public School,錦田公立蒙養學校,Aided,Primary,"Kam Tin, Yuen Long, N.T.",24762414,ktmy@ktmy.edu.hk,Hong Kong,sch_detail.php?lang_id=1&sch_id=503&return_page=sch_list.php%3Flang_id%3D1%26search_mode%3D%26frmMode%3Dpagebreak%26district_id%3D18%26sort_id%3D-1
{'$oid': 'f507903e245e7a74ad2fcdd3'},Yuen Long,Kwong Ming Ying Loi School,光明英來學校,Aided,Primary,"12 Yuen Ching Road, Yuen Long, New Territories",24762610,info@kmyls.edu.hk,Hong Kong,sch_detail.php?lang_id=1&sch_id=497&return_page=sch_list.php%3Flang_id%3D1%26search_mode%3D%26frmMode%3Dpagebreak%26district_id%3D18%26sort_id%3D-1
{'$oid': '10e529dba0033a8e34cde64d'},Yuen Long,Pat Heung Central Primary School,八鄉中心小學,Aided,Primary,"199 Lin Fa Tei, Kam Tin Pat Heung, Yuen Long, New Territories.",24881520,info@phcps.edu.hk,Hong Kong,sch_detail.php?lang_id=1&sch_id=488&return_page=sch_list.php%3Flang_id%3D1%26search_mode%3D%26frmMode%3Dpagebreak%26district_id%3D18%26sort_id%3D-1
{'$oid': 'f24cb8d5fe58b1ac86a739f5'},Yuen Long,S.K.H. St. Joseph's Primary School,聖公會聖約瑟小學,Aided,Primary,"12 Po Tei Road, Kam Tin, Yuen Long, N.T.",24764962,welcome@skhsjs.edu.hk,Hong Kong,sch_detail.php?lang_id=1&sch_id=489&return_page=sch_list.php%3Flang_id%3D1%26search_mode%3D%26frmMode%3Dpagebreak%26district_id%3D18%26sort_id%3D-1
{'$oid': 'd77d7b9660e212315dfd85bb'},Yuen Long,Tun Yu School,惇裕學校,Aided,Primary,"San Tin, Yuen Long, N.T.",24711915,info@tys.edu.hk,Hong Kong,sch_detail.php?lang_id=1&sch_id=458&return_page=sch_list.php%3Flang_id%3D1%26search_mode%3D%26frmMode%3Dpagebreak%26district_id%3D18%26sort_id%3D-1
{'$oid': 'cfff1d4ef90dfa1ef6de2991'},Yuen Long,Tung Tak School,通德學校,Aided,Primary,"Shing Mun San Tsuen, Kam Tin, Yuen Long, N.T.",24761101,tungtak@ttsch.edu.hk,Hong Kong,sch_detail.php?lang_id=1&sch_id=490&return_page=sch_list.php%3Flang_id%3D1%26search_mode%3D%26frmMode%3Dpagebreak%26district_id%3D18%26sort_id%3D-1
{'$oid': 'ab265838fafe6afa3ed69154'},Yuen Long,Yuen Long Government Primary School,元朗官立小學,Gov't,Primary,"Yau Chuen Street, Au Tau, Yuen Long, N.T.",24761160,ylgps@edb.gov.hk,Hong Kong,sch_detail.php?lang_id=1&sch_id=491&return_page=sch_list.php%3Flang_id%3D1%26search_mode%3D%26frmMode%3Dpagebreak%26district_id%3D18%26sort_id%3D-1
{'$oid': '0f9263238b3284cdf17a988f'},Yuen Long,Anchors Academy,安基司學校,Private,Primary,"1 Ko Po Path, Kam Tin North, Yuen Long, New Territories, Hong Kong.",38605605,AAPSInfo@anchorsacademy.edu.hk,Hong Kong,sch_detail.php?lang_id=1&sch_id=551&return_page=sch_list.php%3Flang_id%3D1%26search_mode%3D%26frmMode%3Dpagebreak%26district_id%3D18%26sort_id%3D-1
{'$oid': '6266eacbd1f36f5a7163a16e'},Yuen Long,ELCHK Lutheran Academy,基督教香港信義會宏信書院,DSS,Primary,"Lutheran Academy, 25 Lam Hau Tsuen Road, Yuen Long, New Territories",82082092,info@luac.edu.hk,Hong Kong,sch_detail.php?lang_id=1&sch_id=506&return_page=sch_list.php%3Flang_id%3D1%26search_mode%3D%26frmMode%3Dpagebreak%26district_id%3D18%26sort_id%3D-1
{'$oid': 'b526c4fe668305e6c01c87dc'},Yuen Long,ELCHK Lutheran School,基督教香港信義會啟信學校,Private,Primary,"No. 10, On Shun Street, Yuen Long, New Territories",24791830,elchkles2015@elchkls.edu.hk,Hong Kong,sch_detail.php?lang_id=1&sch_id=543&return_page=sch_list.php%3Flang_id%3D1%26search_mode%3D%26frmMode%3Dpagebreak%26district_id%3D18%26sort_id%3D-1
{'$oid': '91d7b50f22d5aa0a84ac6fba'},Yuen Long,Gigamind English Primary School,激活英文小學,Private,Primary,"School Block A, Maywood Court, Kingswood Villas, 9 Tin Lung Rd., Tin Shui Wai, N.T.",24469883,info@gigamind.edu.hk,Hong Kong,sch_detail.php?lang_id=1&sch_id=504&return_page=sch_list.php%3Flang_id%3D1%26search_mode%3D%26frmMode%3Dpagebreak%26district_id%3D18%26sort_id%3D-1
{'$oid': '844f5852bb1a1ece81f0859f'},Yuen Long,W F Joseph Lee Primary School,和富慈善基金李宗德小學,DSS,Primary,"9 Tin Fai Road, Tin Shui Wai, Yuen Long, N.T.",34014995,info@web.wfjlps.edu.hk,Hong Kong,sch_detail.php?lang_id=1&sch_id=492&return_page=sch_list.php%3Flang_id%3D1%26search_mode%3D%26frmMode%3Dpagebreak%26district_id%3D18%26sort_id%3D-1
{'$oid': '9cb94b305f91fd62c1988db6'},Yuen Long,Zenith English Primary School,英藝英文小學,Private,Primary,"Sherwood Court, Kingswood Villas, Tin Shui Wai, Yuen Long, New Territories",26901828,zenithsw@zenith.edu.hk,Hong Kong,sch_detail.php?lang_id=1&sch_id=542&return_page=sch_list.php%3Flang_id%3D1%26search_mode%3D%26frmMode%3Dpagebreak%26district_id%3D18%26sort_id%3D-1
