_id,District,Name (English),Name (Chinese),School Type,Level,Address,Phone,Email,Country,Link
{'$oid': '521e64b759606e56aaa979f1'},Central & Western,King's College,英皇書院,Gov't,Secondary,63A Bonham Road,25470310,kings@edb.gov.hk,Hong Kong,sch_detail.php?li_id=2&lang_id=1&chg_district_id=1&sch_id=419&return_page=sch_list.php%3Flang_id%3D1%26chg_district_id%3D1%26search_mode%3D%26frmMode%3Dpagebreak%26sort_id%3D-1%26district_id%3D1
{'$oid': '9d982ea811c45ea3fb35ec67'},Central & Western,Lok Sin Tong Leung Kau Kui College,樂善堂梁銶琚書院,Aided,Secondary,28 Hospital Road Sai Ying Poon,28587002,office@lstlkkc.edu.hk,Hong Kong,sch_detail.php?li_id=2&lang_id=1&chg_district_id=1&sch_id=182&return_page=sch_list.php%3Flang_id%3D1%26chg_district_id%3D1%26search_mode%3D%26frmMode%3Dpagebreak%26sort_id%3D-1%26district_id%3D1
{'$oid': '5a83a4dd2904ddfd6a192cf2'},Central & Western,Raimondi College,高主教書院,Aided,Secondary,2 Robinson Road Mid-Level,25222159,rcss@raimondi.edu.hk,Hong Kong,sch_detail.php?li_id=2&lang_id=1&chg_district_id=1&sch_id=116&return_page=sch_list.php%3Flang_id%3D1%26chg_district_id%3D1%26search_mode%3D%26frmMode%3Dpagebreak%26sort_id%3D-1%26district_id%3D1
{'$oid': 'aab8b2be74652ef014f3aff0'},Central & Western,St. Clare's Girls' School,聖嘉勒女書院,Aided,Secondary,"50 Mount Davis Road, Hong Kong",28171764,info@stclare.hk,Hong Kong,sch_detail.php?li_id=2&lang_id=1&chg_district_id=1&sch_id=298&return_page=sch_list.php%3Flang_id%3D1%26chg_district_id%3D1%26search_mode%3D%26frmMode%3Dpagebreak%26sort_id%3D-1%26district_id%3D1
{'$oid': '239101e98e533c46ca726ed7'},Central & Western,St. Joseph's College,聖若瑟書院,Aided,Secondary,7 Kennedy Road Central,36524888,info@sjc.edu.hk,Hong Kong,sch_detail.php?li_id=2&lang_id=1&chg_district_id=1&sch_id=309&return_page=sch_list.php%3Flang_id%3D1%26chg_district_id%3D1%26search_mode%3D%26frmMode%3Dpagebreak%26sort_id%3D-1%26district_id%3D1
{'$oid': '84157c3250631a540e1c9a61'},Central & Western,St. Louis School,聖類斯中學,Aided,Secondary,"179 Third Street, Hong Kong",25460117,mailbox@stlouis.edu.hk,Hong Kong,sch_detail.php?li_id=2&lang_id=1&chg_district_id=1&sch_id=301&return_page=sch_list.php%3Flang_id%3D1%26chg_district_id%3D1%26search_mode%3D%26frmMode%3Dpagebreak%26sort_id%3D-1%26district_id%3D1
{'$oid': '88f14e91639df1d7a7467842'},Central & Western,St. Paul's Co-educational College,聖保羅男女中學,DSS,Secondary,33 MacDonnell Road,25231187,adminoffice@spcc.edu.hk,Hong Kong,sch_detail.php?li_id=2&lang_id=1&chg_district_id=1&sch_id=275&return_page=sch_list.php%3Flang_id%3D1%26chg_district_id%3D1%26search_mode%3D%26frmMode%3Dpagebreak%26sort_id%3D-1%26district_id%3D1
{'$oid': '93e037ed272f05fca7cc9b4b'},Central & Western,St. Paul's College,聖保羅書院,DSS,Secondary,67-69 Bonham Road Hong Kong,25462241,mail@spc.edu.hk,Hong Kong,sch_detail.php?li_id=2&lang_id=1&chg_district_id=1&sch_id=276&return_page=sch_list.php%3Flang_id%3D1%26chg_district_id%3D1%26search_mode%3D%26frmMode%3Dpagebreak%26sort_id%3D-1%26district_id%3D1
{'$oid': '6b66202ec1f0a9f3a4a29746'},Central & Western,St. Stephen's Church College,聖士提反堂中學,Aided,Secondary,"62 Pokfulam Road, Hong Kong",25466111,info@sscc.edu.hk,Hong Kong,sch_detail.php?li_id=2&lang_id=1&chg_district_id=1&sch_id=313&return_page=sch_list.php%3Flang_id%3D1%26chg_district_id%3D1%26search_mode%3D%26frmMode%3Dpagebreak%26sort_id%3D-1%26district_id%3D1
{'$oid': '6df2e72778e7d39bb12484cc'},Central & Western,St. Stephen's Girls' College,聖士提反女子中學,Aided,Secondary,2 Lyttelton Road,25492521,ssgc@ssgc.edu.hk,Hong Kong,sch_detail.php?li_id=2&lang_id=1&chg_district_id=1&sch_id=311&return_page=sch_list.php%3Flang_id%3D1%26chg_district_id%3D1%26search_mode%3D%26frmMode%3Dpagebreak%26sort_id%3D-1%26district_id%3D1
{'$oid': 'e02430f8c6b2ee37bb74e8c2'},Central & Western,Ying Wa Girls' School,英華女學校,Aided,Secondary,"76 Robinson Road, Hong Kong",25463151,school@ywgs.edu.hk,Hong Kong,sch_detail.php?li_id=2&lang_id=1&chg_district_id=1&sch_id=417&return_page=sch_list.php%3Flang_id%3D1%26chg_district_id%3D1%26search_mode%3D%26frmMode%3Dpagebreak%26sort_id%3D-1%26district_id%3D1
{'$oid': '348e2daf79bddca0f02c41bf'},Southern,Aberdeen Baptist Lui Ming Choi College,香港仔浸信會呂明才書院,Aided,Secondary,18 Lei Tung Estate Rd Ap Lei Chau,25526875,info@ablmcc.edu.hk,Hong Kong,sch_detail.php?li_id=2&lang_id=1&chg_district_id=1&sch_id=395&return_page=sch_list.php%3Flang_id%3D1%26chg_district_id%3D1%26search_mode%3D%26frmMode%3Dpagebreak%26sort_id%3D-1%26district_id%3D1
{'$oid': '34960888d63c70c512616018'},Southern,Aberdeen Technical School,香港仔工業學校,Aided,Secondary,"1 Wong Chuk Hang Road, Aberdeen",25524141,office@ats.edu.hk,Hong Kong,sch_detail.php?li_id=2&lang_id=1&chg_district_id=1&sch_id=394&return_page=sch_list.php%3Flang_id%3D1%26chg_district_id%3D1%26search_mode%3D%26frmMode%3Dpagebreak%26sort_id%3D-1%26district_id%3D1
{'$oid': 'ed0df732cfe3dc2879ba2edc'},Eastern,Belilios Public School,庇理羅士女子中學,Gov't,Secondary,51 Tin Hau Temple Road,25718018,bps@edb.gov.hk,Hong Kong,sch_detail.php?li_id=2&lang_id=1&chg_district_id=1&sch_id=27&return_page=sch_list.php%3Flang_id%3D1%26chg_district_id%3D1%26search_mode%3D%26frmMode%3Dpagebreak%26sort_id%3D-1%26district_id%3D1
{'$oid': 'f67b5cb9c1bf98bb9f92a34d'},Wan Chai,Buddhist Wong Fung Ling College,佛教黃鳳翎中學,Aided,Secondary,"11 Eastern Hospital Road, Causeway Bay, Hong Kong",25779485,bwc-mail@bwflc.edu.hk,Hong Kong,sch_detail.php?li_id=2&lang_id=1&chg_district_id=1&sch_id=95&return_page=sch_list.php%3Flang_id%3D1%26chg_district_id%3D1%26search_mode%3D%26frmMode%3Dpagebreak%26sort_id%3D-1%26district_id%3D1
{'$oid': '13c7f6820f4e2f6548deff14'},Southern,Caritas Chong Yuet Ming Secondary School,明愛莊月明中學,Aided,Secondary,53 Wah Fu Road Wah Fu Estate Pok Fu Lam HK,25510200,cym@ccym.edu.hk,Hong Kong,sch_detail.php?li_id=2&lang_id=1&chg_district_id=1&sch_id=229&return_page=sch_list.php%3Flang_id%3D1%26chg_district_id%3D1%26search_mode%3D%26frmMode%3Dpagebreak%26sort_id%3D-1%26district_id%3D1
{'$oid': 'd64bbf5d1701bae71f4c6112'},Sha Tin,Caritas Ma On Shan Secondary School,明愛馬鞍山中學,Aided,Secondary,2 Kam Ying Road Ma On Shan Shatin,26419733,mail@cmos.edu.hk,Hong Kong,sch_detail.php?li_id=2&lang_id=1&chg_district_id=1&sch_id=225&return_page=sch_list.php%3Flang_id%3D1%26chg_district_id%3D1%26search_mode%3D%26frmMode%3Dpagebreak%26sort_id%3D-1%26district_id%3D1
{'$oid': '8296114f6751b04c92a64cdc'},Eastern,CCC Kwei Wah Shan College,中華基督教會桂華山中學,Aided,Secondary,62 Cloud View Road North Point,25711285,mail@ccckws.edu.hk,Hong Kong,sch_detail.php?li_id=2&lang_id=1&chg_district_id=1&sch_id=439&return_page=sch_list.php%3Flang_id%3D1%26chg_district_id%3D1%26search_mode%3D%26frmMode%3Dpagebreak%26sort_id%3D-1%26district_id%3D1
{'$oid': 'f6e4a913f138bcf01e049ad1'},Eastern,Chong Gene Hang College,張振興伉儷書院,Aided,Secondary,12 Cheung Man Road Chai Wan,25566081,info@cghc.edu.hk,Hong Kong,sch_detail.php?li_id=2&lang_id=1&chg_district_id=1&sch_id=428&return_page=sch_list.php%3Flang_id%3D1%26chg_district_id%3D1%26search_mode%3D%26frmMode%3Dpagebreak%26sort_id%3D-1%26district_id%3D1
{'$oid': '2ff2266321d0c33399b9a80f'},Eastern,Clementi Secondary School,金文泰中學,Gov't,Secondary,30 Fortress Hill Road North Point,25706411,css@edb.gov.hk,Hong Kong,sch_detail.php?li_id=2&lang_id=1&chg_district_id=1&sch_id=160&return_page=sch_list.php%3Flang_id%3D1%26chg_district_id%3D1%26search_mode%3D%26frmMode%3Dpagebreak%26sort_id%3D-1%26district_id%3D1
{'$oid': 'fc3f4d6b17c502613262cd29'},Eastern,Cognitio College (HK),文理書院（香港）,Aided,Secondary,4 Sui Man Road Chai Wan,25567413,cognitiohk@cognitiohk.edu.hk,Hong Kong,sch_detail.php?li_id=2&lang_id=1&chg_district_id=1&sch_id=351&return_page=sch_list.php%3Flang_id%3D1%26chg_district_id%3D1%26search_mode%3D%26frmMode%3Dpagebreak%26sort_id%3D-1%26district_id%3D1
{'$oid': 'dc243dc13204ad723f099b9c'},Wan Chai,Concordia Lutheran School - North Point,北角協同中學,Aided,Secondary,20 Cloud View Road Hong Kong,25700331,office@clsnp.edu.hk,Hong Kong,sch_detail.php?li_id=2&lang_id=1&chg_district_id=1&sch_id=26&return_page=sch_list.php%3Flang_id%3D1%26chg_district_id%3D1%26search_mode%3D%26frmMode%3Dpagebreak%26sort_id%3D-1%26district_id%3D1
{'$oid': '4d6eb76d5986757f8f656380'},Eastern,Fortress Hill Methodist Secondary School,炮台山循道衛理中學,Aided,Secondary,19 Fortress Hill Road North Point HK,25107688,info@fhms.edu.hk,Hong Kong,sch_detail.php?li_id=2&lang_id=1&chg_district_id=1&sch_id=235&return_page=sch_list.php%3Flang_id%3D1%26chg_district_id%3D1%26search_mode%3D%26frmMode%3Dpagebreak%26sort_id%3D-1%26district_id%3D1
{'$oid': '96dd445973ad7dcdb64552db'},Eastern,Hon Wah College,漢華中學,DSS,Secondary,3 Harmony Road Siu Sai Wan HK,28171746,info@honwah.edu.hk,Hong Kong,sch_detail.php?li_id=2&lang_id=1&chg_district_id=1&sch_id=121&return_page=sch_list.php%3Flang_id%3D1%26chg_district_id%3D1%26search_mode%3D%26frmMode%3Dpagebreak%26sort_id%3D-1%26district_id%3D1
{'$oid': '85933b9380ca0c14c2787eb8'},Southern,Hong Kong Sea School,香港航海學校,Aided,Secondary,13-15 Tung Tau Wan Road Stanley,28131561,email@hkss.edu.hk,Hong Kong,sch_detail.php?li_id=2&lang_id=1&chg_district_id=1&sch_id=369&return_page=sch_list.php%3Flang_id%3D1%26chg_district_id%3D1%26search_mode%3D%26frmMode%3Dpagebreak%26sort_id%3D-1%26district_id%3D1
{'$oid': 'bdd1227adbd56c84a20e0bb5'},Southern,Hong Kong True Light College,香港真光書院,Aided,Secondary,1 Lei Tung Estate Road Apleichau,28711214,hktlcoff@hkstar.com,Hong Kong,sch_detail.php?li_id=2&lang_id=1&chg_district_id=1&sch_id=388&return_page=sch_list.php%3Flang_id%3D1%26chg_district_id%3D1%26search_mode%3D%26frmMode%3Dpagebreak%26sort_id%3D-1%26district_id%3D1
{'$oid': '44b807153c202e7b88e9ea88'},Wan Chai,Hotung Secondary School,何東中學,Gov't,Secondary,1 Ka Ning Path Causeway Bay,25775433,hotungss@hotungss.edu.hk,Hong Kong,sch_detail.php?li_id=2&lang_id=1&chg_district_id=1&sch_id=122&return_page=sch_list.php%3Flang_id%3D1%26chg_district_id%3D1%26search_mode%3D%26frmMode%3Dpagebreak%26sort_id%3D-1%26district_id%3D1
{'$oid': '5c9f3ea45365ab39a199fe05'},Eastern,Islamic Kasim Tuet Memorial College,伊斯蘭脫維善紀念中學,Aided,Secondary,22 Tsui Wan Street Chai Wan,25709066,iktmc@learn.iktmc.edu.hk,Hong Kong,sch_detail.php?li_id=2&lang_id=1&chg_district_id=1&sch_id=416&return_page=sch_list.php%3Flang_id%3D1%26chg_district_id%3D1%26search_mode%3D%26frmMode%3Dpagebreak%26sort_id%3D-1%26district_id%3D1
{'$oid': '7628a6d07f7cdb69dd58d25e'},Eastern,Kiangsu-Chekiang College,蘇浙公學,DSS,Secondary,"20 Braemar Hill Road, North Point, Hong Kong",25702261,kcc@m.kcc.edu.hk,Hong Kong,sch_detail.php?li_id=2&lang_id=1&chg_district_id=1&sch_id=329&return_page=sch_list.php%3Flang_id%3D1%26chg_district_id%3D1%26search_mode%3D%26frmMode%3Dpagebreak%26sort_id%3D-1%26district_id%3D1
{'$oid': '726fc845ecbbe35eee437663'},Eastern,Lingnan Hang Yee Memorial Secondary School,嶺南衡怡紀念中學,Aided,Secondary,31 Siu Sai Wan Road Chai Wan,25764852,info@lhymss.net,Hong Kong,sch_detail.php?li_id=2&lang_id=1&chg_district_id=1&sch_id=197&return_page=sch_list.php%3Flang_id%3D1%26chg_district_id%3D1%26search_mode%3D%26frmMode%3Dpagebreak%26sort_id%3D-1%26district_id%3D1
{'$oid': '44dcc6830b73b2e93af9586e'},Eastern,Lingnan Secondary School,嶺南中學,Aided,Secondary,6 Shing Hong Lane Heng Fa Chuen,28916966,info@lingnan.edu.hk,Hong Kong,sch_detail.php?li_id=2&lang_id=1&chg_district_id=1&sch_id=198&return_page=sch_list.php%3Flang_id%3D1%26chg_district_id%3D1%26search_mode%3D%26frmMode%3Dpagebreak%26sort_id%3D-1%26district_id%3D1
{'$oid': '75c4e9d23a0e9f01eabef644'},Eastern,Precious Blood Secondary School,寶血女子中學,Aided,Secondary,338 San Ha Street Chai Wan,25704172,contact@pbss.edu.hk,Hong Kong,sch_detail.php?li_id=2&lang_id=1&chg_district_id=1&sch_id=25&return_page=sch_list.php%3Flang_id%3D1%26chg_district_id%3D1%26search_mode%3D%26frmMode%3Dpagebreak%26sort_id%3D-1%26district_id%3D1
{'$oid': 'ceb222f87b691e9dc770f8a5'},Eastern,Pui Kiu Middle School,培僑中學,DSS,Secondary,190 Tin Hau Temple Road North Point,25662317,info@pkms.edu.hk,Hong Kong,sch_detail.php?li_id=2&lang_id=1&chg_district_id=1&sch_id=237&return_page=sch_list.php%3Flang_id%3D1%26chg_district_id%3D1%26search_mode%3D%26frmMode%3Dpagebreak%26sort_id%3D-1%26district_id%3D1
{'$oid': 'f0626d4ba65deae26a6016cc'},Southern,Pui Tak Canossian College,嘉諾撒培德書院,Aided,Secondary,200 Peel Rise Aberdeen Hong Kong,25540780,ptcc@ptcc.edu.hk,Hong Kong,sch_detail.php?li_id=2&lang_id=1&chg_district_id=1&sch_id=150&return_page=sch_list.php%3Flang_id%3D1%26chg_district_id%3D1%26search_mode%3D%26frmMode%3Dpagebreak%26sort_id%3D-1%26district_id%3D1
{'$oid': '98b69315d8611a803c5777ab'},Southern,Pui Ying Secondary School,培英中學,Aided,Secondary,"55 Wah Fu Road, Wah Fu Estate, Pokfulam, HK",25503632,info@puiying.edu.hk,Hong Kong,sch_detail.php?li_id=2&lang_id=1&chg_district_id=1&sch_id=238&return_page=sch_list.php%3Flang_id%3D1%26chg_district_id%3D1%26search_mode%3D%26frmMode%3Dpagebreak%26sort_id%3D-1%26district_id%3D1
{'$oid': '9b9a073d51671f6bddb2499f'},Wan Chai,Queen's College,皇仁書院,Gov't,Secondary,120 Causeway Road Causeway Bay,25761992,info@qc.edu.hk,Hong Kong,sch_detail.php?li_id=2&lang_id=1&chg_district_id=1&sch_id=128&return_page=sch_list.php%3Flang_id%3D1%26chg_district_id%3D1%26search_mode%3D%26frmMode%3Dpagebreak%26sort_id%3D-1%26district_id%3D1
{'$oid': '880ce763997dcb022c0c2a05'},Southern,Sacred Heart Canossian College,嘉諾撒聖心書院,Aided,Secondary,2 Chi Fu Close Chi Fu Fa Yuen Pok Fu Lam HK,25506111,office@shcc.edu.hk,Hong Kong,sch_detail.php?li_id=2&lang_id=1&chg_district_id=1&sch_id=154&return_page=sch_list.php%3Flang_id%3D1%26chg_district_id%3D1%26search_mode%3D%26frmMode%3Dpagebreak%26sort_id%3D-1%26district_id%3D1
{'$oid': '26b67f876092e21f1e6b6c51'},Southern,San Wui Commercial Soc. Chan Pak Sha School,新會商會陳白沙紀念中學,Aided,Secondary,1 Shum Wan Road Aberdeen,25535324,school@cpss.edu.hk,Hong Kong,sch_detail.php?li_id=2&lang_id=1&chg_district_id=1&sch_id=400&return_page=sch_list.php%3Flang_id%3D1%26chg_district_id%3D1%26search_mode%3D%26frmMode%3Dpagebreak%26sort_id%3D-1%26district_id%3D1
{'$oid': 'e65faa53c54a5975b762777b'},Yau Tsim Mong,Sir Ellis Kadoorie Secondary School (West Kowloon),官立嘉道理爵士中學（西九龍）,Gov't,Secondary,"22 Hoi Fan Road, Tai Kok Tsui, Kowloon",25761871,sekss100@edb.gov.hk,Hong Kong,sch_detail.php?li_id=2&lang_id=1&chg_district_id=1&sch_id=117&return_page=sch_list.php%3Flang_id%3D1%26chg_district_id%3D1%26search_mode%3D%26frmMode%3Dpagebreak%26sort_id%3D-1%26district_id%3D1
{'$oid': 'f2163fae1ca950a32f9f2d9a'},Southern,S.K.H. Lui Ming Choi Secondary School,聖公會呂明才中學,Aided,Secondary,"2nd Lower G/F Fl - 6th Fls Wah Fu Estate 57 Wah Fu Road, Pokfulam, H. K.",25514121,contact@skhlmc.edu.hk,Hong Kong,sch_detail.php?li_id=2&lang_id=1&chg_district_id=1&sch_id=290&return_page=sch_list.php%3Flang_id%3D1%26chg_district_id%3D1%26search_mode%3D%26frmMode%3Dpagebreak%26sort_id%3D-1%26district_id%3D1
{'$oid': 'c11bd2bbb9f6b314ed84ba8d'},Wan Chai,S.K.H. Tang Shiu Kin Secondary School,聖公會鄧肇堅中學,Aided,Secondary,9 Oi Kwan Road Wanchai,25742326,enquiry@tsk.edu.hk,Hong Kong,sch_detail.php?li_id=2&lang_id=1&chg_district_id=1&sch_id=283&return_page=sch_list.php%3Flang_id%3D1%26chg_district_id%3D1%26search_mode%3D%26frmMode%3Dpagebreak%26sort_id%3D-1%26district_id%3D1
{'$oid': 'e2e9348420053fc5a6e0a1a7'},Eastern,St. Joan of Arc Secondary School,聖貞德中學,Aided,Secondary,"55 Braemar Hill Road, North Point, Hong Kong",25785984,info@sja.edu.hk,Hong Kong,sch_detail.php?li_id=2&lang_id=1&chg_district_id=1&sch_id=316&return_page=sch_list.php%3Flang_id%3D1%26chg_district_id%3D1%26search_mode%3D%26frmMode%3Dpagebreak%26sort_id%3D-1%26district_id%3D1
{'$oid': '0ad780ba4ec590e6ad2b3667'},Southern,St. Peter's Secondary School,聖伯多祿中學,Aided,Secondary,"21 Aberdeen Reservoir Road, Aberdeen, Hong Kong",25520080,email@stpeter.edu.hk,Hong Kong,sch_detail.php?li_id=2&lang_id=1&chg_district_id=1&sch_id=277&return_page=sch_list.php%3Flang_id%3D1%26chg_district_id%3D1%26search_mode%3D%26frmMode%3Dpagebreak%26sort_id%3D-1%26district_id%3D1
{'$oid': '5a1076df4af08664b89aa203'},Wan Chai,Tang Shiu Kin Victoria Government Secondary School,鄧肇堅維多利亞官立中學,Gov't,Secondary,5 Oi Kwan Road Wan Chai,25736962,vgs-email@edb.gov.hk,Hong Kong,sch_detail.php?li_id=2&lang_id=1&chg_district_id=1&sch_id=55&return_page=sch_list.php%3Flang_id%3D1%26chg_district_id%3D1%26search_mode%3D%26frmMode%3Dpagebreak%26sort_id%3D-1%26district_id%3D1
{'$oid': 'a786acfb5d75735ec864cd08'},Wan Chai,The True Light School of Hong Kong,香港真光中學,Aided,Secondary,50 Tai Hang Road,25760703,tloffice@tlmshk.edu.hk,Hong Kong,sch_detail.php?li_id=2&lang_id=1&chg_district_id=1&sch_id=389&return_page=sch_list.php%3Flang_id%3D1%26chg_district_id%3D1%26search_mode%3D%26frmMode%3Dpagebreak%26sort_id%3D-1%26district_id%3D1
{'$oid': '65e306d769ee8999369b2ca8'},Yuen Long,TWGHs C.Y. Ma Memorial College,東華三院馬振玉紀念中學,Aided,Secondary,"Yau Shin Street Au Tau, Yuen Long",24439833,mail1@cyma.edu.hk,Hong Kong,sch_detail.php?li_id=2&lang_id=1&chg_district_id=1&sch_id=72&return_page=sch_list.php%3Flang_id%3D1%26chg_district_id%3D1%26search_mode%3D%26frmMode%3Dpagebreak%26sort_id%3D-1%26district_id%3D1
{'$oid': '844aea8c17b7dcb763f4f8df'},Wan Chai,TWGHs Lee Ching Dea Memorial College,東華三院李潤田紀念中學,Aided,Secondary,18 Cloud View Road North Point,25715422,lcdmc@lcdmc.edu.hk,Hong Kong,sch_detail.php?li_id=2&lang_id=1&chg_district_id=1&sch_id=69&return_page=sch_list.php%3Flang_id%3D1%26chg_district_id%3D1%26search_mode%3D%26frmMode%3Dpagebreak%26sort_id%3D-1%26district_id%3D1
{'$oid': 'c6e3290b6e8c46779a118ae2'},Southern,Yu Chun Keung Memorial College No. 2,余振強紀念第二中學,Aided,Secondary,1 Chi Fu Close Pokfulam,25518285,office@yck2.edu.hk,Hong Kong,sch_detail.php?li_id=2&lang_id=1&chg_district_id=1&sch_id=421&return_page=sch_list.php%3Flang_id%3D1%26chg_district_id%3D1%26search_mode%3D%26frmMode%3Dpagebreak%26sort_id%3D-1%26district_id%3D1
{'$oid': '1fc871c90a87d354ce58f085'},Eastern,Canossa College,嘉諾撒書院,Aided,Secondary,10 Hoi Chak Street Quarry Bay,25630272,info@canossa.edu.hk,Hong Kong,sch_detail.php?li_id=2&lang_id=1&chg_district_id=1&sch_id=155&return_page=sch_list.php%3Flang_id%3D1%26chg_district_id%3D1%26search_mode%3D%26frmMode%3Dpagebreak%26sort_id%3D-1%26district_id%3D2
{'$oid': 'bf4c78fa17694006e5da9e29'},Eastern,Caritas Chai Wan Marden Foundation Secondary School,明愛柴灣馬登基金中學,Aided,Secondary,330 San Ha Street Chai Wan,25584133,ccmss@ccmss.edu.hk,Hong Kong,sch_detail.php?li_id=2&lang_id=1&chg_district_id=1&sch_id=221&return_page=sch_list.php%3Flang_id%3D1%26chg_district_id%3D1%26search_mode%3D%26frmMode%3Dpagebreak%26sort_id%3D-1%26district_id%3D2
{'$oid': 'bd3f4ccbe7a6ee205f29e934'},Eastern,Cheung Chuk Shan College,張祝珊英文中學,Aided,Secondary,11 Cloud View Road North Point Hong Kong,25706665,public@live.ccsc.edu.hk,Hong Kong,sch_detail.php?li_id=2&lang_id=1&chg_district_id=1&sch_id=429&return_page=sch_list.php%3Flang_id%3D1%26chg_district_id%3D1%26search_mode%3D%26frmMode%3Dpagebreak%26sort_id%3D-1%26district_id%3D2
{'$oid': '09cc205491e75d28d2561db3'},Eastern,CNEC Lau Wing Sang Secondary School,中華傳道會劉永生中學,Aided,Secondary,323 San Ha Street Chai Wan,27156333,lws@lws.edu.hk,Hong Kong,sch_detail.php?li_id=2&lang_id=1&chg_district_id=1&sch_id=434&return_page=sch_list.php%3Flang_id%3D1%26chg_district_id%3D1%26search_mode%3D%26frmMode%3Dpagebreak%26sort_id%3D-1%26district_id%3D2
{'$oid': 'd3a720f5aa12367b15d14d9e'},Eastern,Fukien Secondary School (Siu Sai Wan),福建中學（小西灣）,Aided,Secondary,2 Fu Yee Road Siu Sai Wan Chai Wan,25669223,email@fss.edu.hk,Hong Kong,sch_detail.php?li_id=2&lang_id=1&chg_district_id=1&sch_id=107&return_page=sch_list.php%3Flang_id%3D1%26chg_district_id%3D1%26search_mode%3D%26frmMode%3Dpagebreak%26sort_id%3D-1%26district_id%3D2
{'$oid': 'aff935c9eb93b450554045e7'},Eastern,Henrietta Secondary School,顯理中學,Aided,Secondary,"2 City Garden Road, North Point",25701466,hss-mail@henrietta.edu.hk,Hong Kong,sch_detail.php?li_id=2&lang_id=1&chg_district_id=1&sch_id=358&return_page=sch_list.php%3Flang_id%3D1%26chg_district_id%3D1%26search_mode%3D%26frmMode%3Dpagebreak%26sort_id%3D-1%26district_id%3D2
{'$oid': 'cc9d3b34ab9e4d512468eb1b'},Eastern,Hong Kong Chinese Women's Club College,香港中國婦女會中學,Aided,Secondary,2B Tai Cheong Street Sai Wan Ho,25684817,school@hkcwcc.edu.hk,Hong Kong,sch_detail.php?li_id=2&lang_id=1&chg_district_id=1&sch_id=391&return_page=sch_list.php%3Flang_id%3D1%26chg_district_id%3D1%26search_mode%3D%26frmMode%3Dpagebreak%26sort_id%3D-1%26district_id%3D2
{'$oid': '76e79cf680322858b4fe8a66'},Eastern,Man Kiu College,閩僑中學,Aided,Secondary,81 Cloud View Rd. North Point,25784523,info@mkc.edu.hk,Hong Kong,sch_detail.php?li_id=2&lang_id=1&chg_district_id=1&sch_id=220&return_page=sch_list.php%3Flang_id%3D1%26chg_district_id%3D1%26search_mode%3D%26frmMode%3Dpagebreak%26sort_id%3D-1%26district_id%3D2
{'$oid': 'bf012a55726d6ed52892fc1c'},Eastern,Munsang College (Hong Kong Island),港島民生書院,Aided,Secondary,26 Tai On Street Sai Wan Ho,25671666,info@imsc.edu.hk,Hong Kong,sch_detail.php?li_id=2&lang_id=1&chg_district_id=1&sch_id=110&return_page=sch_list.php%3Flang_id%3D1%26chg_district_id%3D1%26search_mode%3D%26frmMode%3Dpagebreak%26sort_id%3D-1%26district_id%3D2
{'$oid': '08e90fb4506df88ec682586d'},Eastern,Salesian English School,慈幼英文學校,Aided,Secondary,16 Chai Wan Road Shau Kei Wan,28843581,admin@ssshk.edu.hk,Hong Kong,sch_detail.php?li_id=2&lang_id=1&chg_district_id=1&sch_id=45&return_page=sch_list.php%3Flang_id%3D1%26chg_district_id%3D1%26search_mode%3D%26frmMode%3Dpagebreak%26sort_id%3D-1%26district_id%3D2
{'$oid': '7e3da1a82cc6e01d5cb6cebb'},Eastern,Shau Kei Wan East Government Secondary School,筲箕灣東官立中學,Gov't,Secondary,40 Chai Wan Road Shaukeiwan,25602677,ses-mail@365.skwegss.edu.hk,Hong Kong,sch_detail.php?li_id=2&lang_id=1&chg_district_id=1&sch_id=268&return_page=sch_list.php%3Flang_id%3D1%26chg_district_id%3D1%26search_mode%3D%26frmMode%3Dpagebreak%26sort_id%3D-1%26district_id%3D2
{'$oid': '71a09975281d21848ffaf972'},Eastern,Shau Kei Wan Government Secondary School,筲箕灣官立中學,Gov't,Secondary,42 Chai Wan Road Shaukeiwan,25603544,skwgss@edb.gov.hk,Hong Kong,sch_detail.php?li_id=2&lang_id=1&chg_district_id=1&sch_id=269&return_page=sch_list.php%3Flang_id%3D1%26chg_district_id%3D1%26search_mode%3D%26frmMode%3Dpagebreak%26sort_id%3D-1%26district_id%3D2
{'$oid': '7bbfda293c66b851a448d7d7'},Eastern,SKH Li Fook Hing Secondary School,聖公會李福慶中學,Aided,Secondary,"Tsui Wan Estate, Tsui Wan Street, Chai Wan, HK",25605678,info@lfh.edu.hk,Hong Kong,sch_detail.php?li_id=2&lang_id=1&chg_district_id=1&sch_id=286&return_page=sch_list.php%3Flang_id%3D1%26chg_district_id%3D1%26search_mode%3D%26frmMode%3Dpagebreak%26sort_id%3D-1%26district_id%3D2
{'$oid': 'afb1d675a2ddd443948c3825'},Eastern,St. Mark's School,聖馬可中學,Aided,Secondary,18 Oi Yin Street Aldrich Bay Shaukeiwan,25601262,stmarks@stmarks.edu.hk,Hong Kong,sch_detail.php?li_id=2&lang_id=1&chg_district_id=1&sch_id=303&return_page=sch_list.php%3Flang_id%3D1%26chg_district_id%3D1%26search_mode%3D%26frmMode%3Dpagebreak%26sort_id%3D-1%26district_id%3D2
{'$oid': '058c1742e183a3565783a604'},Eastern,The Chinese Foundation Secondary School,中華基金中學,DSS,Secondary,9 Harmony Road Siu Sai Wan Chai Wan,29047322,info@cfss.edu.hk,Hong Kong,sch_detail.php?li_id=2&lang_id=1&chg_district_id=1&sch_id=455&return_page=sch_list.php%3Flang_id%3D1%26chg_district_id%3D1%26search_mode%3D%26frmMode%3Dpagebreak%26sort_id%3D-1%26district_id%3D2
{'$oid': 'b5ad447a5169caf0f7a6e863'},Eastern,The Methodist Church HK Wesley College,衞理中學,Aided,Secondary,33 Siu Sai Wan Road Chai Wan,28967705,mcw@mcw.edu.hk,Hong Kong,sch_detail.php?li_id=2&lang_id=1&chg_district_id=1&sch_id=349&return_page=sch_list.php%3Flang_id%3D1%26chg_district_id%3D1%26search_mode%3D%26frmMode%3Dpagebreak%26sort_id%3D-1%26district_id%3D2
{'$oid': '52c830fbc949eb7373887e08'},Kwun Tong,Buddhist Ho Nam Kam College,佛教何南金中學,Aided,Secondary,3 Ko Chiu Road Yau Tong,23400871,enquiry@bhnkc.edu.hk,Hong Kong,sch_detail.php?li_id=2&lang_id=1&chg_district_id=1&sch_id=94&return_page=sch_list.php%3Flang_id%3D1%26chg_district_id%3D1%26search_mode%3D%26frmMode%3Dpagebreak%26sort_id%3D-1%26district_id%3D2
{'$oid': '3d5b0ac15e6e7b9b635434da'},Wan Chai,Hong Kong Tang King Po College,香港鄧鏡波書院,Aided,Secondary,25&27 Kennedy Road,25272427,school@hktkpc.edu.hk,Hong Kong,sch_detail.php?li_id=2&lang_id=1&chg_district_id=1&sch_id=366&return_page=sch_list.php%3Flang_id%3D1%26chg_district_id%3D1%26search_mode%3D%26frmMode%3Dpagebreak%26sort_id%3D-1%26district_id%3D2
{'$oid': 'e2adb65ab4035318ce6adb05'},Wan Chai,Marymount Secondary School,瑪利曼中學,Aided,Secondary,123 Blue Pool Road Happy Valley,25728221,office@mss.edu.hk,Hong Kong,sch_detail.php?li_id=2&lang_id=1&chg_district_id=1&sch_id=211&return_page=sch_list.php%3Flang_id%3D1%26chg_district_id%3D1%26search_mode%3D%26frmMode%3Dpagebreak%26sort_id%3D-1%26district_id%3D2
{'$oid': 'c25f443a59127408e7440e0a'},Wan Chai,St. Paul's Secondary School,聖保祿中學,Aided,Secondary,18A Ventris Road Happy Valley Hong Kong,25773836,spssmail@spss.edu.hk,Hong Kong,sch_detail.php?li_id=2&lang_id=1&chg_district_id=1&sch_id=274&return_page=sch_list.php%3Flang_id%3D1%26chg_district_id%3D1%26search_mode%3D%26frmMode%3Dpagebreak%26sort_id%3D-1%26district_id%3D2
{'$oid': '5be39fa9e9a43ef019c0cc90'},Wan Chai,Wah Yan College Hong Kong,香港華仁書院,Aided,Secondary,281 Queen's Road East Wanchai,25722251,wahyan@wahyan.edu.hk,Hong Kong,sch_detail.php?li_id=2&lang_id=1&chg_district_id=1&sch_id=372&return_page=sch_list.php%3Flang_id%3D1%26chg_district_id%3D1%26search_mode%3D%26frmMode%3Dpagebreak%26sort_id%3D-1%26district_id%3D2
{'$oid': '041de12e999f694aa204506e'},Islands,Buddhist Fat Ho Memorial College,佛教筏可紀念中學,DSS,Secondary,99 Tai O Road Tai O Lantau Island,29855365,info@eclass.bfhmc.edu.hk,Hong Kong,sch_detail.php?li_id=2&lang_id=1&chg_district_id=1&sch_id=93&return_page=sch_list.php%3Flang_id%3D1%26chg_district_id%3D1%26search_mode%3D%26frmMode%3Dpagebreak%26sort_id%3D-1%26district_id%3D3
{'$oid': '4cc0997e08ea7265cbf4172c'},Islands,Caritas Wu Cheng-Chung College,明愛胡振中書院,Aided,Secondary,"4 Chung Yat Street, Tung Chung",28172318,cwcc@cwcc.edu.hk,Hong Kong,sch_detail.php?li_id=2&lang_id=1&chg_district_id=1&sch_id=223&return_page=sch_list.php%3Flang_id%3D1%26chg_district_id%3D1%26search_mode%3D%26frmMode%3Dpagebreak%26sort_id%3D-1%26district_id%3D3
{'$oid': '29e91b1b4aecdf1646b728a9'},Islands,Cheung Chau Government Secondary School,長洲官立中學,Gov't,Secondary,5B School Road Cheung Chau NT Hong Kong,29810514,ccg@ccgss.edu.hk,Hong Kong,sch_detail.php?li_id=2&lang_id=1&chg_district_id=1&sch_id=37&return_page=sch_list.php%3Flang_id%3D1%26chg_district_id%3D1%26search_mode%3D%26frmMode%3Dpagebreak%26sort_id%3D-1%26district_id%3D3
{'$oid': '2f1e8c55db0a438dbb678b12'},Islands,HKFEW Wong Cho Bau Secondary School,香港教育工作者聯會黃楚標中學,Aided,Secondary,"Area 10, Phase 3, Fu Tung Estate, Tung Chung, Lantau Island, N.T.",21094005,contact@wcbss.edu.hk,Hong Kong,sch_detail.php?li_id=2&lang_id=1&chg_district_id=1&sch_id=374&return_page=sch_list.php%3Flang_id%3D1%26chg_district_id%3D1%26search_mode%3D%26frmMode%3Dpagebreak%26sort_id%3D-1%26district_id%3D3
{'$oid': '159a273dd93d5a87b5f34b9c'},Islands,Ho Yu College and Primary School (Sponsored by Sik Sik Yuen),嗇色園主辦可譽中學暨可譽小學,Aided,Secondary,4-6 Kin Tung Road Tung Chung,21091001,mail_ss@hoyu.edu.hk,Hong Kong,sch_detail.php?li_id=2&lang_id=1&chg_district_id=1&sch_id=261&return_page=sch_list.php%3Flang_id%3D1%26chg_district_id%3D1%26search_mode%3D%26frmMode%3Dpagebreak%26sort_id%3D-1%26district_id%3D3
{'$oid': 'e6f761b6f2cc1cf6445866ff'},Islands,Ling Liang Church E Wun Secondary School,靈糧堂怡文中學,Aided,Secondary,37 Man Tung Road Tung Chung,21094000,ewun@llcew.edu.hk,Hong Kong,sch_detail.php?li_id=2&lang_id=1&chg_district_id=1&sch_id=196&return_page=sch_list.php%3Flang_id%3D1%26chg_district_id%3D1%26search_mode%3D%26frmMode%3Dpagebreak%26sort_id%3D-1%26district_id%3D3
{'$oid': '7ec78825bbebe2d5f54180b1'},Islands,PLK Mrs. Ma Kam Ming-Cheung Fook Sien College,保良局馬錦明夫人章馥仙中學,Aided,Secondary,Fu Tung Estate Tung Chung Lantau Island,21091133,plkcfsmail@plkcfs.edu.hk,Hong Kong,sch_detail.php?li_id=2&lang_id=1&chg_district_id=1&sch_id=15&return_page=sch_list.php%3Flang_id%3D1%26chg_district_id%3D1%26search_mode%3D%26frmMode%3Dpagebreak%26sort_id%3D-1%26district_id%3D3
{'$oid': 'b1a34db62f616e83a3f6dc17'},Islands,Tung Chung Catholic School,東涌天主教學校,Aided,Secondary,"8,Yat Tung Street, Yat Tung (2) Estate,  Tung Chung, Lantau Island, N.T.",21210884,email@tccs.edu.hk,Hong Kong,sch_detail.php?li_id=2&lang_id=1&chg_district_id=1&sch_id=80&return_page=sch_list.php%3Flang_id%3D1%26chg_district_id%3D1%26search_mode%3D%26frmMode%3Dpagebreak%26sort_id%3D-1%26district_id%3D3
{'$oid': '3b51d30506ac7cc1316feb9f'},Islands,YMCA of Hong Kong Christian College,港青基信書院,DSS,Secondary,"2 Chung Yat Street Tung Chung, N.T., Hong Kong",29888123,info@yhkcc.edu.hk,Hong Kong,sch_detail.php?li_id=2&lang_id=1&chg_district_id=1&sch_id=114&return_page=sch_list.php%3Flang_id%3D1%26chg_district_id%3D1%26search_mode%3D%26frmMode%3Dpagebreak%26sort_id%3D-1%26district_id%3D3
{'$oid': 'a06125828c124fa77352c1df'},Kwai Tsing,Buddhist Sin Tak College,佛教善德英文中學,Aided,Secondary,"5 Hing Shing Road, Kwai Chung",24212580,info@eclass.bstc.edu.hk,Hong Kong,sch_detail.php?li_id=2&lang_id=1&chg_district_id=1&sch_id=102&return_page=sch_list.php%3Flang_id%3D1%26chg_district_id%3D1%26search_mode%3D%26frmMode%3Dpagebreak%26sort_id%3D-1%26district_id%3D3
{'$oid': '8c5288827f70938c50ffdad1'},Tuen Mun,Buddhist Sum Heung Lam Memorial College,佛教沈香林紀念中學,Aided,Secondary,"Estate Secondary School No.1, Tai Hing Estate, Tuen Mun, N.T.",24377000,info@bsc.edu.hk,Hong Kong,sch_detail.php?li_id=2&lang_id=1&chg_district_id=1&sch_id=103&return_page=sch_list.php%3Flang_id%3D1%26chg_district_id%3D1%26search_mode%3D%26frmMode%3Dpagebreak%26sort_id%3D-1%26district_id%3D3
{'$oid': '3eca1b0a1db559b6b6a1ed22'},Kwai Tsing,Buddhist Yip Kei Nam Memorial College,佛教葉紀南紀念中學,Aided,Secondary,Cheung Ching Estate Tsing Yi,24953363,info@ykn.edu.hk,Hong Kong,sch_detail.php?li_id=2&lang_id=1&chg_district_id=1&sch_id=104&return_page=sch_list.php%3Flang_id%3D1%26chg_district_id%3D1%26search_mode%3D%26frmMode%3Dpagebreak%26sort_id%3D-1%26district_id%3D3
{'$oid': '91090138fc77205207b5114e'},Kwai Tsing,Caritas St. Joseph Secondary School,明愛聖若瑟中學,Aided,Secondary,"10 Fung Shue Wo Road, Tsing Yi Estate, Tsing Yi, New Territories",24331282,school@csjss.edu.hk,Hong Kong,sch_detail.php?li_id=2&lang_id=1&chg_district_id=1&sch_id=226&return_page=sch_list.php%3Flang_id%3D1%26chg_district_id%3D1%26search_mode%3D%26frmMode%3Dpagebreak%26sort_id%3D-1%26district_id%3D3
{'$oid': '87e28a0e1cab4ad65608cf04'},Tuen Mun,Caritas Tuen Mun Marden Foundation Secondary School,明愛屯門馬登基金中學,Aided,Secondary,3 Wong Yin Street Tuen Mun,24610304,info@tmmarden.edu.hk,Hong Kong,sch_detail.php?li_id=2&lang_id=1&chg_district_id=1&sch_id=227&return_page=sch_list.php%3Flang_id%3D1%26chg_district_id%3D1%26search_mode%3D%26frmMode%3Dpagebreak%26sort_id%3D-1%26district_id%3D3
{'$oid': '0b8d7dcf704ae7b82d99c7ec'},Kwai Tsing,Carmel Alison Lam Foundation Secondary School,迦密愛禮信中學,Aided,Secondary,4 Wah King Hill Road Kwai Chung,27445117,calfss.mail@calfss.edu.hk,Hong Kong,sch_detail.php?li_id=2&lang_id=1&chg_district_id=1&sch_id=144&return_page=sch_list.php%3Flang_id%3D1%26chg_district_id%3D1%26search_mode%3D%26frmMode%3Dpagebreak%26sort_id%3D-1%26district_id%3D3
{'$oid': '2abacae116450d587edd2d1e'},Kwai Tsing,CCC Chuen Yuen College,中華基督教會全完中學,Aided,Secondary,"15 Sheung Kok Street, Kwai Chung Estate, N.T.",24205050,office@chuenyuen.edu.hk,Hong Kong,sch_detail.php?li_id=2&lang_id=1&chg_district_id=1&sch_id=450&return_page=sch_list.php%3Flang_id%3D1%26chg_district_id%3D1%26search_mode%3D%26frmMode%3Dpagebreak%26sort_id%3D-1%26district_id%3D3
{'$oid': '6b1a87e11390e2be67c1cf55'},Tuen Mun,CCC Tam Lee Lai Fun Memorial Secondary School,中華基督教會譚李麗芬紀念中學,Aided,Secondary,"10, San Wo Lane, San Hui, NT",24522422,tll-mail@tllf.edu.hk,Hong Kong,sch_detail.php?li_id=2&lang_id=1&chg_district_id=1&sch_id=451&return_page=sch_list.php%3Flang_id%3D1%26chg_district_id%3D1%26search_mode%3D%26frmMode%3Dpagebreak%26sort_id%3D-1%26district_id%3D3
{'$oid': '56b4b4ec25ca14784b7e57cd'},Tuen Mun,Ching Chung Hau Po Woon Secondary School,青松侯寶垣中學,Aided,Secondary,"No. 21, Hang Fu Street, Tuen Mun, N.T.",24577154,email@cchpwss.edu.hk,Hong Kong,sch_detail.php?li_id=2&lang_id=1&chg_district_id=1&sch_id=241&return_page=sch_list.php%3Flang_id%3D1%26chg_district_id%3D1%26search_mode%3D%26frmMode%3Dpagebreak%26sort_id%3D-1%26district_id%3D3
{'$oid': 'dd8fbf3287ee0afad53a7b59'},Tuen Mun,Chung Sing Benevolent Society Mrs. Aw Boon Haw Secondary School,鐘聲慈善社胡陳金枝中學,Aided,Secondary,20 Siu Lun Street Tuen Mun,24524688,info@csbs.edu.hk,Hong Kong,sch_detail.php?li_id=2&lang_id=1&chg_district_id=1&sch_id=458&return_page=sch_list.php%3Flang_id%3D1%26chg_district_id%3D1%26search_mode%3D%26frmMode%3Dpagebreak%26sort_id%3D-1%26district_id%3D3
{'$oid': '80ecf66b6dd1574212a58ece'},Tuen Mun,CMA Choi Cheung Kok Secondary School,廠商會蔡章閣中學,Aided,Secondary,No. 1 Tsing Hoi Circuit Tuen Mun,24520681,info@cmacck.edu.hk,Hong Kong,sch_detail.php?li_id=2&lang_id=1&chg_district_id=1&sch_id=38&return_page=sch_list.php%3Flang_id%3D1%26chg_district_id%3D1%26search_mode%3D%26frmMode%3Dpagebreak%26sort_id%3D-1%26district_id%3D3
{'$oid': '864a34446b443156a2677aa1'},Kwai Tsing,CNEC Lee I Yao Memorial Secondary School,中華傳道會李賢堯紀念中學,Aided,Secondary,1 Shing Fuk Street Kwai Shing,24204141,mailbox@vclass.liymss.edu.hk,Hong Kong,sch_detail.php?li_id=2&lang_id=1&chg_district_id=1&sch_id=433&return_page=sch_list.php%3Flang_id%3D1%26chg_district_id%3D1%26search_mode%3D%26frmMode%3Dpagebreak%26sort_id%3D-1%26district_id%3D3
{'$oid': '0a02fd4a57ae50f283d22349'},Kwai Tsing,Cotton Spinners Association Secondary School,棉紡會中學,Aided,Secondary,350 Kwai Shing Circuit Kwai Chung,24220028,csa@csa.edu.hk,Hong Kong,sch_detail.php?li_id=2&lang_id=1&chg_district_id=1&sch_id=216&return_page=sch_list.php%3Flang_id%3D1%26chg_district_id%3D1%26search_mode%3D%26frmMode%3Dpagebreak%26sort_id%3D-1%26district_id%3D3
{'$oid': 'b9b6146139aa0a310ecdb46b'},Kwai Tsing,Daughters of Mary Help of Christians Siu Ming Catholic Secondary School,天主教母佑會蕭明中學,Aided,Secondary,6 Kwai Yip Street Kwai Chung,24241796,general@dmhcsm.edu.hk,Hong Kong,sch_detail.php?li_id=2&lang_id=1&chg_district_id=1&sch_id=338&return_page=sch_list.php%3Flang_id%3D1%26chg_district_id%3D1%26search_mode%3D%26frmMode%3Dpagebreak%26sort_id%3D-1%26district_id%3D3
{'$oid': '9c829a1e4146c808dd654c0d'},Tuen Mun,HHCKLA Buddhist Leung Chik Wai College,香海正覺蓮社佛教梁植偉中學,Aided,Secondary,"7 Wu Fai Street, Wu King Estate, Tuen Mun",24676672,school@blcwc.edu.hk,Hong Kong,sch_detail.php?li_id=2&lang_id=1&chg_district_id=1&sch_id=396&return_page=sch_list.php%3Flang_id%3D1%26chg_district_id%3D1%26search_mode%3D%26frmMode%3Dpagebreak%26sort_id%3D-1%26district_id%3D3
{'$oid': 'af50d8e1013dc60a8c30b114'},Kwai Tsing,HKSYC & IA Chan Nam Chong Memorial College,香港四邑商工總會陳南昌紀念中學,Aided,Secondary,12 King Cho Road Cho Yiu Estate Kwai Chung NT,27410326,info@cnc.edu.hk,Hong Kong,sch_detail.php?li_id=2&lang_id=1&chg_district_id=1&sch_id=385&return_page=sch_list.php%3Flang_id%3D1%26chg_district_id%3D1%26search_mode%3D%26frmMode%3Dpagebreak%26sort_id%3D-1%26district_id%3D3
{'$oid': '3f7aa9e44c67564b4ba31fea'},Kwai Tsing,HKTA The Yuen Yuen Institute No. 1 Secondary School,香港道教聯合會圓玄學院第一中學,Aided,Secondary,42 Wo Yi Hop Road Kwai Chung,24271641,hktayy1@yy1.edu.hk,Hong Kong,sch_detail.php?li_id=2&lang_id=1&chg_district_id=1&sch_id=365&return_page=sch_list.php%3Flang_id%3D1%26chg_district_id%3D1%26search_mode%3D%26frmMode%3Dpagebreak%26sort_id%3D-1%26district_id%3D3
{'$oid': '9d271a7ee4e38229005cd75d'},Tuen Mun,Ho Ngai College (Sponsored by Sik Sik Yuen),嗇色園主辦可藝中學,Aided,Secondary,8 Oi Ming Lane Tuen Mun,24417100,info@hongai.edu.hk,Hong Kong,sch_detail.php?li_id=2&lang_id=1&chg_district_id=1&sch_id=260&return_page=sch_list.php%3Flang_id%3D1%26chg_district_id%3D1%26search_mode%3D%26frmMode%3Dpagebreak%26sort_id%3D-1%26district_id%3D3
{'$oid': '83bb0c6ea3482a1ed86bf1d9'},Tuen Mun,Ju Ching Chu Secondary School (Tuen Mun),裘錦秋中學（屯門）,Aided,Secondary,28 Yeung Tsing Road Tuen Mun,24611555,mail@jcctm.edu.hk,Hong Kong,sch_detail.php?li_id=2&lang_id=1&chg_district_id=1&sch_id=244&return_page=sch_list.php%3Flang_id%3D1%26chg_district_id%3D1%26search_mode%3D%26frmMode%3Dpagebreak%26sort_id%3D-1%26district_id%3D3
{'$oid': 'ef4fb3b47e0cc85681b46006'},Kwai Tsing,Kiangsu - Chekiang College (Kwai Chung),葵涌蘇浙公學,Aided,Secondary,83 Hing Shing Road Kwai Chung,24202103,kcckc@kcckc.edu.hk,Hong Kong,sch_detail.php?li_id=2&lang_id=1&chg_district_id=1&sch_id=175&return_page=sch_list.php%3Flang_id%3D1%26chg_district_id%3D1%26search_mode%3D%26frmMode%3Dpagebreak%26sort_id%3D-1%26district_id%3D3
{'$oid': 'ace4a608d5eaad867a8560aa'},Kwai Tsing,Kwai Chung Methodist College,葵涌循道中學,Aided,Secondary,Estate Secondary School Lai Yiu Estate NT,27450010,office@kcmc.edu.hk,Hong Kong,sch_detail.php?li_id=2&lang_id=1&chg_district_id=1&sch_id=176&return_page=sch_list.php%3Flang_id%3D1%26chg_district_id%3D1%26search_mode%3D%26frmMode%3Dpagebreak%26sort_id%3D-1%26district_id%3D3
{'$oid': 'b3d4cc0529171cb747e8e9c7'},Kwai Tsing,Lai King Catholic Secondary School,荔景天主教中學,Aided,Secondary,Estate School No. 1 Lai King Estate NT,27441610,lkcss@lkcss.edu.hk,Hong Kong,sch_detail.php?li_id=2&lang_id=1&chg_district_id=1&sch_id=189&return_page=sch_list.php%3Flang_id%3D1%26chg_district_id%3D1%26search_mode%3D%26frmMode%3Dpagebreak%26sort_id%3D-1%26district_id%3D3
{'$oid': 'b8e529b7928f5fbd5ddf1d93'},Kwai Tsing,Lingnan Dr. Chung Wing Kwong Memorial Secondary School,嶺南鍾榮光博士紀念中學,Aided,Secondary,Estate Secondary School No 2 Lai King Estate Kwai Chung New Territories,27439488,cwk@ldcwkmss.edu.hk,Hong Kong,sch_detail.php?li_id=2&lang_id=1&chg_district_id=1&sch_id=199&return_page=sch_list.php%3Flang_id%3D1%26chg_district_id%3D1%26search_mode%3D%26frmMode%3Dpagebreak%26sort_id%3D-1%26district_id%3D3
{'$oid': 'e7773be2e10b356be78e9398'},Kwai Tsing,Lions Clubs International Tseung Chui King College,獅子會蔣翠琼中學,Aided,Secondary,"90 Hing Shing Road, Kwai Fong, Kwai Chung NT",26147938,info@lcitckc.edu.hk,Hong Kong,sch_detail.php?li_id=2&lang_id=1&chg_district_id=1&sch_id=317&return_page=sch_list.php%3Flang_id%3D1%26chg_district_id%3D1%26search_mode%3D%26frmMode%3Dpagebreak%26sort_id%3D-1%26district_id%3D3
{'$oid': '07f1609049ab7ad4c4ed8c9a'},Kwai Tsing,Lok Sin Tong Leung Chik Wai Memorial School,樂善堂梁植偉紀念中學,Aided,Secondary,Cheung Hong Estate Tsing Yi,24955890,admin@lstlcw.edu.hk,Hong Kong,sch_detail.php?li_id=2&lang_id=1&chg_district_id=1&sch_id=183&return_page=sch_list.php%3Flang_id%3D1%26chg_district_id%3D1%26search_mode%3D%26frmMode%3Dpagebreak%26sort_id%3D-1%26district_id%3D3
{'$oid': '1e9fe327c232412563123853'},Tuen Mun,NLSI Peace Evangelical Secondary School,新生命教育協會平安福音中學,Aided,Secondary,"No. 3, Hang Kwai Street, Tuen Mun, N.T.",24401828,enquiry@nlsipess.edu.hk,Hong Kong,sch_detail.php?li_id=2&lang_id=1&chg_district_id=1&sch_id=407&return_page=sch_list.php%3Flang_id%3D1%26chg_district_id%3D1%26search_mode%3D%26frmMode%3Dpagebreak%26sort_id%3D-1%26district_id%3D3
{'$oid': 'bf3ba3ed52c048f55c47791f'},Tuen Mun,PAOC Ka Chi Secondary School,加拿大神召會嘉智中學,Aided,Secondary,273 Wu Chui Road Tuen Mun,24413818,kcss@kachi.edu.hk,Hong Kong,sch_detail.php?li_id=2&lang_id=1&chg_district_id=1&sch_id=143&return_page=sch_list.php%3Flang_id%3D1%26chg_district_id%3D1%26search_mode%3D%26frmMode%3Dpagebreak%26sort_id%3D-1%26district_id%3D3
{'$oid': 'dde806a42bf71f8fcf058fc1'},Kwai Tsing,Po Leung Kuk Lo Kit Sing (1983) College,保良局羅傑承（一九八三）中學,Aided,Secondary,Cheung Hong Estate Tsing Yi,24977110,info@plk83.edu.hk,Hong Kong,sch_detail.php?li_id=2&lang_id=1&chg_district_id=1&sch_id=4&return_page=sch_list.php%3Flang_id%3D1%26chg_district_id%3D1%26search_mode%3D%26frmMode%3Dpagebreak%26sort_id%3D-1%26district_id%3D3
{'$oid': 'a9afcf3054f4bdf7281b2395'},Sham Shui Po,Po Leung Kuk Tong Nai Kan Junior Secondary College,保良局唐乃勤初中書院,Aided,Secondary,No. 11 Mei Lai Road Sham Shui Po,21945707,plktnkjsc@plktnkjsc.edu.hk,Hong Kong,sch_detail.php?li_id=2&lang_id=1&chg_district_id=1&sch_id=17&return_page=sch_list.php%3Flang_id%3D1%26chg_district_id%3D1%26search_mode%3D%26frmMode%3Dpagebreak%26sort_id%3D-1%26district_id%3D3
{'$oid': 'da386209c5d0411330e33372'},Kwai Tsing,Pope Paul VI College,保祿六世書院,Aided,Secondary,8 Lei Pui Street Kwai Chung,24208155,school@ppaulvi.edu.hk,Hong Kong,sch_detail.php?li_id=2&lang_id=1&chg_district_id=1&sch_id=21&return_page=sch_list.php%3Flang_id%3D1%26chg_district_id%3D1%26search_mode%3D%26frmMode%3Dpagebreak%26sort_id%3D-1%26district_id%3D3
{'$oid': '27c28d0bfc39ba0b903e9c90'},Kwai Tsing,Queen's College Old Boys' Association Secondary School,皇仁舊生會中學,Aided,Secondary,"Phase I, Cheung On Estate, Tsing Yi",24975688,info@qcobass.edu.hk,Hong Kong,sch_detail.php?li_id=2&lang_id=1&chg_district_id=1&sch_id=127&return_page=sch_list.php%3Flang_id%3D1%26chg_district_id%3D1%26search_mode%3D%26frmMode%3Dpagebreak%26sort_id%3D-1%26district_id%3D3
{'$oid': 'e9d4a2010e6cb682b40d6409'},Kwai Tsing,Salesians of Don Bosco Ng Siu Mui Secondary School,天主教慈幼會伍少梅中學,Aided,Secondary,"30, Kwai Hop Street, Kwai Chung, N.T.",24258223,ngsiumui@sdbnsm.edu.hk,Hong Kong,sch_detail.php?li_id=2&lang_id=1&chg_district_id=1&sch_id=335&return_page=sch_list.php%3Flang_id%3D1%26chg_district_id%3D1%26search_mode%3D%26frmMode%3Dpagebreak%26sort_id%3D-1%26district_id%3D3
{'$oid': '6c80025ab88d89fa8ebbe838'},Tuen Mun,San Wui Commercial Society Secondary School,新會商會中學,Aided,Secondary,"Area 1, Leung King Estate, Tuen Mun, New Territories",24632660,swcs@swcs.edu.hk,Hong Kong,sch_detail.php?li_id=2&lang_id=1&chg_district_id=1&sch_id=401&return_page=sch_list.php%3Flang_id%3D1%26chg_district_id%3D1%26search_mode%3D%26frmMode%3Dpagebreak%26sort_id%3D-1%26district_id%3D3
{'$oid': '410bea5c4cdb4def06b5da3f'},Kwai Tsing,Shun Tak Fraternal Association Lee Shau Kee College,順德聯誼總會李兆基中學,Aided,Secondary,303 Kwai Shing Circuit Kwai Chung,24294051,office@lskc.edu.hk,Hong Kong,sch_detail.php?li_id=2&lang_id=1&chg_district_id=1&sch_id=323&return_page=sch_list.php%3Flang_id%3D1%26chg_district_id%3D1%26search_mode%3D%26frmMode%3Dpagebreak%26sort_id%3D-1%26district_id%3D3
{'$oid': 'f7dbe441698a3edf2b5df934'},Tuen Mun,S.K.H. St. Simon's Lui Ming Choi Secondary School,聖公會聖西門呂明才中學,Aided,Secondary,85 Heung Sze Wui Road Tuen Mun,24598236,lmc@skhsslmc.edu.hk,Hong Kong,sch_detail.php?li_id=2&lang_id=1&chg_district_id=1&sch_id=295&return_page=sch_list.php%3Flang_id%3D1%26chg_district_id%3D1%26search_mode%3D%26frmMode%3Dpagebreak%26sort_id%3D-1%26district_id%3D3
{'$oid': 'd8480684571beb07cfaddf29'},Wan Chai,St. Francis' Canossian College,嘉諾撒聖方濟各書院,Aided,Secondary,9-13 Kennedy Road Wan Chai Hong Kong,25872700,sfcc@sfcc.edu.hk,Hong Kong,sch_detail.php?li_id=2&lang_id=1&chg_district_id=1&sch_id=151&return_page=sch_list.php%3Flang_id%3D1%26chg_district_id%3D1%26search_mode%3D%26frmMode%3Dpagebreak%26sort_id%3D-1%26district_id%3D3
{'$oid': 'f6526d680831d59b73bea7ae'},Kwai Tsing,The Methodist Lee Wai Lee College,李惠利中學,Aided,Secondary,2-4 Kwai Yip Street Kwai Chung,24279121,info@lwlc.edu.hk,Hong Kong,sch_detail.php?li_id=2&lang_id=1&chg_district_id=1&sch_id=411&return_page=sch_list.php%3Flang_id%3D1%26chg_district_id%3D1%26search_mode%3D%26frmMode%3Dpagebreak%26sort_id%3D-1%26district_id%3D3
{'$oid': '73a4f3797c2d2977d2d0ed34'},Tuen Mun,Tuen Mun Catholic Secondary School,屯門天主教中學,Aided,Secondary,Kin Sang Estate Tuen Mun,24632082,info@home.tmcss.edu.hk,Hong Kong,sch_detail.php?li_id=2&lang_id=1&chg_district_id=1&sch_id=346&return_page=sch_list.php%3Flang_id%3D1%26chg_district_id%3D1%26search_mode%3D%26frmMode%3Dpagebreak%26sort_id%3D-1%26district_id%3D3
{'$oid': 'f6ce91d47a9226cd789c0e04'},Kwai Tsing,TWGHs Chen Zao Men College,東華三院陳兆民中學,Aided,Secondary,1-5 Kwai Hop Street NT,24245318,info@twghczm.edu.hk,Hong Kong,sch_detail.php?li_id=2&lang_id=1&chg_district_id=1&sch_id=61&return_page=sch_list.php%3Flang_id%3D1%26chg_district_id%3D1%26search_mode%3D%26frmMode%3Dpagebreak%26sort_id%3D-1%26district_id%3D3
{'$oid': 'df3c97f1fe2f29a5408f8bce'},Kwai Tsing,TWGHs S. C. Gaw Memorial College,東華三院吳祥川紀念中學,Aided,Secondary,"7 Tsing Sum Street, Town Centre, Tsing Yi, N.T.",24950226,info@twghscgms.edu.hk,Hong Kong,sch_detail.php?li_id=2&lang_id=1&chg_district_id=1&sch_id=75&return_page=sch_list.php%3Flang_id%3D1%26chg_district_id%3D1%26search_mode%3D%26frmMode%3Dpagebreak%26sort_id%3D-1%26district_id%3D3
{'$oid': '61e45c40901a31e458728d11'},Tuen Mun,TWGHs Yau Tze Tin Memorial College,東華三院邱子田紀念中學,Aided,Secondary,"1 Siu Hong Road, Siu Hong Court, Tuen Mun, N.T.",24652205,mailbox@ytt.edu.hk,Hong Kong,sch_detail.php?li_id=2&lang_id=1&chg_district_id=1&sch_id=74&return_page=sch_list.php%3Flang_id%3D1%26chg_district_id%3D1%26search_mode%3D%26frmMode%3Dpagebreak%26sort_id%3D-1%26district_id%3D3
{'$oid': 'd4533c36abe2837dc07de164'},Tuen Mun,Yan Chai Hospital No. 2 Secondary School,仁濟醫院第二中學,Aided,Secondary,Standard Secondary School Area 31 NT,24673736,school@ych2ss.edu.hk,Hong Kong,sch_detail.php?li_id=2&lang_id=1&chg_district_id=1&sch_id=251&return_page=sch_list.php%3Flang_id%3D1%26chg_district_id%3D1%26search_mode%3D%26frmMode%3Dpagebreak%26sort_id%3D-1%26district_id%3D3
{'$oid': '86263e9de4f0a0d61444ff9b'},Tuen Mun,YPI & CA Lee Lim Ming College,恩平工商會李琳明中學,Aided,Secondary,Estate Secondary School No. 2 Shan King Estate Tuen Mun New Territories,24670652,school@ypicallmc.edu.hk,Hong Kong,sch_detail.php?li_id=2&lang_id=1&chg_district_id=1&sch_id=81&return_page=sch_list.php%3Flang_id%3D1%26chg_district_id%3D1%26search_mode%3D%26frmMode%3Dpagebreak%26sort_id%3D-1%26district_id%3D3
{'$oid': 'ed61cf3128d76113970bbb43'},Southern,HKUGA College,港大同學會書院,DSS,Secondary,9 Nam Fung Road Wong Chuk Hang,28708815,info@hkugac.edu.hk,Hong Kong,sch_detail.php?li_id=2&lang_id=1&chg_district_id=1&sch_id=109&return_page=sch_list.php%3Flang_id%3D1%26chg_district_id%3D1%26search_mode%3D%26frmMode%3Dpagebreak%26sort_id%3D-1%26district_id%3D4
{'$oid': '7f48ca5b139ea4e8b4b5f60f'},Southern,St. Stephen's College,聖士提反書院,DSS,Secondary,22 Tung Tau Wan Road Stanley,28130360,sschk@ssc.edu.hk,Hong Kong,sch_detail.php?li_id=2&lang_id=1&chg_district_id=1&sch_id=312&return_page=sch_list.php%3Flang_id%3D1%26chg_district_id%3D1%26search_mode%3D%26frmMode%3Dpagebreak%26sort_id%3D-1%26district_id%3D4
{'$oid': '266f5fae6fcb98d0b557b242'},Wan Chai,CCC Kung Lee College,中華基督教會公理書院,DSS,Secondary,17 Tai Hang Drive Causeway Bay HK,25775778,klc@cccklc.edu.hk,Hong Kong,sch_detail.php?li_id=2&lang_id=1&chg_district_id=1&sch_id=438&return_page=sch_list.php%3Flang_id%3D1%26chg_district_id%3D1%26search_mode%3D%26frmMode%3Dpagebreak%26sort_id%3D-1%26district_id%3D5
{'$oid': '50921ca8f96feb4d40f3b7e2'},Wan Chai,Academy of Innovation (Confucius Hall),孔聖堂禮仁書院,DSS,Secondary,"77 Caroline Hill Road, Causeway Bay",25763415,enquiry@aich.edu.hk,Hong Kong,sch_detail.php?li_id=2&lang_id=1&chg_district_id=1&sch_id=174&return_page=sch_list.php%3Flang_id%3D1%26chg_district_id%3D1%26search_mode%3D%26frmMode%3Dpagebreak%26sort_id%3D-1%26district_id%3D5
{'$oid': 'f34ce3cd9ed905873bfe030f'},Wan Chai,St. Paul's Convent School,聖保祿學校,DSS,Secondary,140 Leighton Road Causeway Bay,25761692,spcsmail@spcs.edu.hk,Hong Kong,sch_detail.php?li_id=2&lang_id=1&chg_district_id=1&sch_id=273&return_page=sch_list.php%3Flang_id%3D1%26chg_district_id%3D1%26search_mode%3D%26frmMode%3Dpagebreak%26sort_id%3D-1%26district_id%3D5
{'$oid': '81f441eddfcee956e4947e96'},Kowloon City,Bishop Hall Jubilee School,何明華會督銀禧中學,Aided,Secondary,2C Oxford Road Kowloon Tong,23363034,mail@bhjs.edu.hk,Hong Kong,sch_detail.php?li_id=2&lang_id=1&chg_district_id=1&sch_id=123&return_page=sch_list.php%3Flang_id%3D1%26chg_district_id%3D1%26search_mode%3D%26frmMode%3Dpagebreak%26sort_id%3D-1%26district_id%3D6
{'$oid': '6fc8b66cd54d7bd856f13136'},Kowloon City,Carmel Secondary School,迦密中學,Aided,Secondary,55 Chung Hau Street Homantin,27149385,info@carmelss.edu.hk,Hong Kong,sch_detail.php?li_id=2&lang_id=1&chg_district_id=1&sch_id=148&return_page=sch_list.php%3Flang_id%3D1%26chg_district_id%3D1%26search_mode%3D%26frmMode%3Dpagebreak%26sort_id%3D-1%26district_id%3D6
{'$oid': 'c5fdf558cf2190420eb50f1a'},Kowloon City,CCC Kei To Secondary School,中華基督教會基道中學,Aided,Secondary,28 Sung On Street Tokwawan,26271028,enquiry@ccckeito.edu.hk,Hong Kong,sch_detail.php?li_id=2&lang_id=1&chg_district_id=1&sch_id=441&return_page=sch_list.php%3Flang_id%3D1%26chg_district_id%3D1%26search_mode%3D%26frmMode%3Dpagebreak%26sort_id%3D-1%26district_id%3D6
{'$oid': '2853f60b779aa2d9405f868e'},Kowloon City,Chan Sui Ki (La Salle) College,陳瑞祺（喇沙）書院,Aided,Secondary,4 Sheung Wo Street Ho Man Tin Kowloon,27118175,info@csklsc.edu.hk,Hong Kong,sch_detail.php?li_id=2&lang_id=1&chg_district_id=1&sch_id=41&return_page=sch_list.php%3Flang_id%3D1%26chg_district_id%3D1%26search_mode%3D%26frmMode%3Dpagebreak%26sort_id%3D-1%26district_id%3D6
{'$oid': '418043b80351eb6b5d415501'},Kowloon City,Cognitio College (Kowloon),文理書院（九龍）,Aided,Secondary,"6 Muk Hung Street, Kowloon City",23231741,cckmail@cckln.edu.hk,Hong Kong,sch_detail.php?li_id=2&lang_id=1&chg_district_id=1&sch_id=350&return_page=sch_list.php%3Flang_id%3D1%26chg_district_id%3D1%26search_mode%3D%26frmMode%3Dpagebreak%26sort_id%3D-1%26district_id%3D6
{'$oid': 'ae22e1efbf6ecd049a2826a6'},Kowloon City,Diocesan Boys' School,拔萃男書院,DSS,Secondary,131 Argyle Street Kowloon,27115191,dbsadmin@dbs.edu.hk,Hong Kong,sch_detail.php?li_id=2&lang_id=1&chg_district_id=1&sch_id=2&return_page=sch_list.php%3Flang_id%3D1%26chg_district_id%3D1%26search_mode%3D%26frmMode%3Dpagebreak%26sort_id%3D-1%26district_id%3D6
{'$oid': '6a7294464fa9f961f23c2015'},Kowloon City,Heep Yunn School,協恩中學,DSS,Secondary,1 Farm Road Kowloon City,27110862,hys-mail@hys.edu.hk,Hong Kong,sch_detail.php?li_id=2&lang_id=1&chg_district_id=1&sch_id=399&return_page=sch_list.php%3Flang_id%3D1%26chg_district_id%3D1%26search_mode%3D%26frmMode%3Dpagebreak%26sort_id%3D-1%26district_id%3D6
{'$oid': 'efa270b1ce9376b92ecf247c'},Kowloon City,HKICC Lee Shau Kee School of Creativity,香港兆基創意書院 (李兆基基金會贊助、香港當代文化中心主辦),DSS,Secondary,"135 Junction Road, Kowloon",21809595,info@creativehk.edu.hk,Hong Kong,sch_detail.php?li_id=2&lang_id=1&chg_district_id=1&sch_id=387&return_page=sch_list.php%3Flang_id%3D1%26chg_district_id%3D1%26search_mode%3D%26frmMode%3Dpagebreak%26sort_id%3D-1%26district_id%3D6
{'$oid': '6618af411d265c98b358f0d6'},Kowloon City,Hoi Ping Chamber of Commerce Secondary School,旅港開平商會中學,Aided,Secondary,22 Shek Ku Street Ho Man Tin,27123107,school@hpccss.edu.hk,Hong Kong,sch_detail.php?li_id=2&lang_id=1&chg_district_id=1&sch_id=205&return_page=sch_list.php%3Flang_id%3D1%26chg_district_id%3D1%26search_mode%3D%26frmMode%3Dpagebreak%26sort_id%3D-1%26district_id%3D6
{'$oid': '774d88e6ed85c4b95ebc58dd'},Kowloon City,Holy Family Canossian College,嘉諾撒聖家書院,Aided,Secondary,"33, Inverness Road, Kowloon",23379123,office@hfcc.edu.hk,Hong Kong,sch_detail.php?li_id=2&lang_id=1&chg_district_id=1&sch_id=152&return_page=sch_list.php%3Flang_id%3D1%26chg_district_id%3D1%26search_mode%3D%26frmMode%3Dpagebreak%26sort_id%3D-1%26district_id%3D6
{'$oid': 'd49b1b7b1772c3eb9d4e859c'},Kowloon City,Homantin Government Secondary School,何文田官立中學,Gov't,Secondary,8 Perth Street Homantin,27112680,mail@hmtgss.edu.hk,Hong Kong,sch_detail.php?li_id=2&lang_id=1&chg_district_id=1&sch_id=124&return_page=sch_list.php%3Flang_id%3D1%26chg_district_id%3D1%26search_mode%3D%26frmMode%3Dpagebreak%26sort_id%3D-1%26district_id%3D6
{'$oid': '35b0df604206aeb56dbcce31'},Kowloon City,Jockey Club Government Secondary School,賽馬會官立中學,Gov't,Secondary,2B Oxford Road Kowloon Tong,23366761,jcgss@edb.gov.hk,Hong Kong,sch_detail.php?li_id=2&lang_id=1&chg_district_id=1&sch_id=257&return_page=sch_list.php%3Flang_id%3D1%26chg_district_id%3D1%26search_mode%3D%26frmMode%3Dpagebreak%26sort_id%3D-1%26district_id%3D6
{'$oid': 'b292ab1c83539574d0885656'},Kowloon City,Kowloon Tong School (Secondary Section),九龍塘學校（中學部）,Aided,Secondary,10 Surrey Lane Kowloon Tong,23370680,hostmaster@ktsss.edu.hk,Hong Kong,sch_detail.php?li_id=2&lang_id=1&chg_district_id=1&sch_id=166&return_page=sch_list.php%3Flang_id%3D1%26chg_district_id%3D1%26search_mode%3D%26frmMode%3Dpagebreak%26sort_id%3D-1%26district_id%3D6
{'$oid': '8cbf8b85ff36b334d588f77f'},Kowloon City,Kowloon True Light School,九龍真光中學,Aided,Secondary,"1 True Light Lane, Suffolk Road, Kowloon",36550000,mail@ktls.edu.hk,Hong Kong,sch_detail.php?li_id=2&lang_id=1&chg_district_id=1&sch_id=167&return_page=sch_list.php%3Flang_id%3D1%26chg_district_id%3D1%26search_mode%3D%26frmMode%3Dpagebreak%26sort_id%3D-1%26district_id%3D6
{'$oid': '493276e4418b36c34361e032'},Kowloon City,La Salle College,喇沙書院,Aided,Secondary,18 La Salle Road,23387171,info@lasalle.edu.hk,Hong Kong,sch_detail.php?li_id=2&lang_id=1&chg_district_id=1&sch_id=177&return_page=sch_list.php%3Flang_id%3D1%26chg_district_id%3D1%26search_mode%3D%26frmMode%3Dpagebreak%26sort_id%3D-1%26district_id%3D6
{'$oid': '553599fe7605bba38dd7797f'},Kowloon City,Maryknoll Convent School (Secondary Section),瑪利諾修院學校（中學部）,Aided,Secondary,"5 Ho Tung Road Kowloon Tong, Kowloon, Hong Kong",23362378,info@mcs.edu.hk,Hong Kong,sch_detail.php?li_id=2&lang_id=1&chg_district_id=1&sch_id=213&return_page=sch_list.php%3Flang_id%3D1%26chg_district_id%3D1%26search_mode%3D%26frmMode%3Dpagebreak%26sort_id%3D-1%26district_id%3D6
{'$oid': '26509c02b37a2f5a86ad8315'},Kowloon City,Munsang College,民生書院,Aided,Secondary,8 Dumbarton Road Kowloon City,36553300,info@munsang.edu.hk,Hong Kong,sch_detail.php?li_id=2&lang_id=1&chg_district_id=1&sch_id=219&return_page=sch_list.php%3Flang_id%3D1%26chg_district_id%3D1%26search_mode%3D%26frmMode%3Dpagebreak%26sort_id%3D-1%26district_id%3D6
{'$oid': 'b3e7bbfb46e9313b90badff8'},Kowloon City,New Asia Middle School,新亞中學,Aided,Secondary,6 Farm Road To Kwa Wan,27112206,info@nams.edu.hk,Hong Kong,sch_detail.php?li_id=2&lang_id=1&chg_district_id=1&sch_id=408&return_page=sch_list.php%3Flang_id%3D1%26chg_district_id%3D1%26search_mode%3D%26frmMode%3Dpagebreak%26sort_id%3D-1%26district_id%3D6
{'$oid': '5e6baaa8af2037714755144d'},Kowloon City,Notre Dame College,獻主會聖母院書院,Aided,Secondary,51 Shing Tak Street Ma Tau Wai,27115291,ndc1967@ndc.edu.hk,Hong Kong,sch_detail.php?li_id=2&lang_id=1&chg_district_id=1&sch_id=308&return_page=sch_list.php%3Flang_id%3D1%26chg_district_id%3D1%26search_mode%3D%26frmMode%3Dpagebreak%26sort_id%3D-1%26district_id%3D6
{'$oid': 'ad7b0a6df5e95e0b20eeb850'},Kowloon City,Pentecostal School,五旬節中學,Aided,Secondary,14 Perth Street Homantin,27132772,pentecostalschool@gmail.com,Hong Kong,sch_detail.php?li_id=2&lang_id=1&chg_district_id=1&sch_id=354&return_page=sch_list.php%3Flang_id%3D1%26chg_district_id%3D1%26search_mode%3D%26frmMode%3Dpagebreak%26sort_id%3D-1%26district_id%3D6
{'$oid': 'ba9fd1474640feadd8f41ac6'},Kowloon City,Po Leung Kuk Ngan Po Ling College,保良局顏寶鈴書院,DSS,Secondary,"26 Sung On Street, To Kwa Wan, Kowloon",24623932,info@home.npl.edu.hk,Hong Kong,sch_detail.php?li_id=2&lang_id=1&chg_district_id=1&sch_id=18&return_page=sch_list.php%3Flang_id%3D1%26chg_district_id%3D1%26search_mode%3D%26frmMode%3Dpagebreak%26sort_id%3D-1%26district_id%3D6
{'$oid': 'eab4d265839bd43f3df00605'},Kowloon City,Pooi To Middle School,香港培道中學,Aided,Secondary,"2 Inverness Road, Kowloon City, Kowloon",23361706,ptm-info@pooito.edu.hk,Hong Kong,sch_detail.php?li_id=2&lang_id=1&chg_district_id=1&sch_id=378&return_page=sch_list.php%3Flang_id%3D1%26chg_district_id%3D1%26search_mode%3D%26frmMode%3Dpagebreak%26sort_id%3D-1%26district_id%3D6
{'$oid': '08f23111a4f36b08944032d4'},Kowloon City,Pui Ching Middle School,香港培正中學,Aided,Secondary,20 Pui Ching Road Kowloon City,27119222,fax@puiching.edu.hk,Hong Kong,sch_detail.php?li_id=2&lang_id=1&chg_district_id=1&sch_id=379&return_page=sch_list.php%3Flang_id%3D1%26chg_district_id%3D1%26search_mode%3D%26frmMode%3Dpagebreak%26sort_id%3D-1%26district_id%3D6
{'$oid': '5fbf3ca70a6e1230f93bab1b'},Kowloon City,Rhenish Church Pang Hok Ko Memorial College,禮賢會彭學高紀念中學,Aided,Secondary,30 Hereford Road Kowloon Tong,23370283,school@rcphkmc.edu.hk,Hong Kong,sch_detail.php?li_id=2&lang_id=1&chg_district_id=1&sch_id=188&return_page=sch_list.php%3Flang_id%3D1%26chg_district_id%3D1%26search_mode%3D%26frmMode%3Dpagebreak%26sort_id%3D-1%26district_id%3D6
{'$oid': 'db927e08bca88eede48f6eb0'},Kowloon City,Scientia Secondary School,創知中學,DSS,Secondary,"14 Princess Margaret Road, Homantin, Kowloon",27144115,info@scientia.edu.hk,Hong Kong,sch_detail.php?li_id=2&lang_id=1&chg_district_id=1&sch_id=179&return_page=sch_list.php%3Flang_id%3D1%26chg_district_id%3D1%26search_mode%3D%26frmMode%3Dpagebreak%26sort_id%3D-1%26district_id%3D6
{'$oid': 'f5ec3b8eb7163392aa02cddb'},Kowloon City,SKH Holy Carpenter Secondary School,聖公會聖匠中學,Aided,Secondary,"10 Tai Wan Road, Hung Hom, Kowloon",23642730,mail@hcs.edu.hk,Hong Kong,sch_detail.php?li_id=2&lang_id=1&chg_district_id=1&sch_id=299&return_page=sch_list.php%3Flang_id%3D1%26chg_district_id%3D1%26search_mode%3D%26frmMode%3Dpagebreak%26sort_id%3D-1%26district_id%3D6
{'$oid': 'd4171bd7fe21ef76a301fe4c'},Kowloon City,S.K.H. Holy Trinity Church Secondary School,聖公會聖三一堂中學,Aided,Secondary,"2 Hau Man Street, Oi Man Estate, Homantin, Kowloon",27144137,office@skhhtcss.edu.hk,Hong Kong,sch_detail.php?li_id=2&lang_id=1&chg_district_id=1&sch_id=294&return_page=sch_list.php%3Flang_id%3D1%26chg_district_id%3D1%26search_mode%3D%26frmMode%3Dpagebreak%26sort_id%3D-1%26district_id%3D6
{'$oid': '87f0a62e032bb6ee48aa9714'},Kowloon City,SKH Tsoi Kung Po Secondary School,聖公會蔡功譜中學,Aided,Secondary,101 Chung Hau Street Ho Man Tin,27600463,info@tkp.edu.hk,Hong Kong,sch_detail.php?li_id=2&lang_id=1&chg_district_id=1&sch_id=281&return_page=sch_list.php%3Flang_id%3D1%26chg_district_id%3D1%26search_mode%3D%26frmMode%3Dpagebreak%26sort_id%3D-1%26district_id%3D6
{'$oid': '860be0ded08fb41ff37de397'},Kowloon City,St. Teresa Secondary School,德蘭中學,Aided,Secondary,21 Sheung Shing Street,27115202,stss@stteresa.edu.hk,Hong Kong,sch_detail.php?li_id=2&lang_id=1&chg_district_id=1&sch_id=49&return_page=sch_list.php%3Flang_id%3D1%26chg_district_id%3D1%26search_mode%3D%26frmMode%3Dpagebreak%26sort_id%3D-1%26district_id%3D6
{'$oid': '490e49566115576b964bea03'},Kowloon City,STFA Seaward Woo College,順德聯誼總會胡兆熾中學,Aided,Secondary,22 Perth Street Homantin,27621183,office@stfaswc.edu.hk,Hong Kong,sch_detail.php?li_id=2&lang_id=1&chg_district_id=1&sch_id=322&return_page=sch_list.php%3Flang_id%3D1%26chg_district_id%3D1%26search_mode%3D%26frmMode%3Dpagebreak%26sort_id%3D-1%26district_id%3D6
{'$oid': 'd5f4c9edb1cdd3eb5658880e'},Kowloon City,Tang King Po School,鄧鏡波學校,Aided,Secondary,16 Tin Kwong Road,27125171,info@tangkingpo.edu.hk,Hong Kong,sch_detail.php?li_id=2&lang_id=1&chg_district_id=1&sch_id=54&return_page=sch_list.php%3Flang_id%3D1%26chg_district_id%3D1%26search_mode%3D%26frmMode%3Dpagebreak%26sort_id%3D-1%26district_id%3D6
{'$oid': '48465b138bf1f5fff860f0ed'},Kowloon City,The Y.W.C.A. Hioe Tjo Yoeng College,基督教女青年會丘佐榮中學,Aided,Secondary,6 Sheung Wo Street Ho Man Tin,27117159,info@htyc.edu.hk,Hong Kong,sch_detail.php?li_id=2&lang_id=1&chg_district_id=1&sch_id=134&return_page=sch_list.php%3Flang_id%3D1%26chg_district_id%3D1%26search_mode%3D%26frmMode%3Dpagebreak%26sort_id%3D-1%26district_id%3D6
{'$oid': '0d457ffa9725f15be701d5db'},Kowloon City,TWGHs Wong Fut Nam College,東華三院黃笏南中學,Aided,Secondary,"1C OXFORD ROAD, KOWLOON TONG, KOWLOON",23369151,wfnss@tungwah.org.hk,Hong Kong,sch_detail.php?li_id=2&lang_id=1&chg_district_id=1&sch_id=65&return_page=sch_list.php%3Flang_id%3D1%26chg_district_id%3D1%26search_mode%3D%26frmMode%3Dpagebreak%26sort_id%3D-1%26district_id%3D6
{'$oid': '96118a3f8db10fdca4e70466'},Kowloon City,Wa Ying College,華英中學,Aided,Secondary,"8 Sheung Wo Street, Homantin, Kowloon.",27607772,info@waying.edu.hk,Hong Kong,sch_detail.php?li_id=2&lang_id=1&chg_district_id=1&sch_id=126&return_page=sch_list.php%3Flang_id%3D1%26chg_district_id%3D1%26search_mode%3D%26frmMode%3Dpagebreak%26sort_id%3D-1%26district_id%3D6
{'$oid': 'f5f45312687ebeda9355e728'},Kowloon City,Yu Chun Keung Memorial College,余振強紀念中學,Aided,Secondary,"27 Man Fuk Road, Waterloo Hill, Homantin, Kowloon",27144161,info@yckmc.edu.hk,Hong Kong,sch_detail.php?li_id=2&lang_id=1&chg_district_id=1&sch_id=422&return_page=sch_list.php%3Flang_id%3D1%26chg_district_id%3D1%26search_mode%3D%26frmMode%3Dpagebreak%26sort_id%3D-1%26district_id%3D6
{'$oid': 'e7836216fc7264b750fd0c91'},Wong Tai Sin,CCC Heep Woh College,中華基督教會協和書院,Aided,Secondary,171 Po Kong Village Road Tsz Wan Shan,23234265,info@ccchwc.edu.hk,Hong Kong,sch_detail.php?li_id=2&lang_id=1&chg_district_id=1&sch_id=452&return_page=sch_list.php%3Flang_id%3D1%26chg_district_id%3D1%26search_mode%3D%26frmMode%3Dpagebreak%26sort_id%3D-1%26district_id%3D6
{'$oid': 'e02f6bf3763478bd2663dee7'},Wong Tai Sin,CCC Kei Heep Secondary School,中華基督教會基協中學,Aided,Secondary,161 Tung Tau Tsuen Road Wong Tai Sin,23204557,email@keiheep.edu.hk,Hong Kong,sch_detail.php?li_id=2&lang_id=1&chg_district_id=1&sch_id=443&return_page=sch_list.php%3Flang_id%3D1%26chg_district_id%3D1%26search_mode%3D%26frmMode%3Dpagebreak%26sort_id%3D-1%26district_id%3D6
{'$oid': 'aa0d4aada54766c2baea08b1'},Wong Tai Sin,CCC Rotary Secondary School,中華基督教會扶輪中學,Aided,Secondary,"157 Lung Cheung Road, Wang Tau Hom, Kowloon",23381971,info@rotary.edu.hk,Hong Kong,sch_detail.php?li_id=2&lang_id=1&chg_district_id=1&sch_id=437&return_page=sch_list.php%3Flang_id%3D1%26chg_district_id%3D1%26search_mode%3D%26frmMode%3Dpagebreak%26sort_id%3D-1%26district_id%3D6
{'$oid': 'f0253c6e8e8737a1c5241a1d'},Wong Tai Sin,Chi Lin Buddhist Secondary School,佛教志蓮中學,Aided,Secondary,9 Chi Lin Drive Diamond Hill Kowloon,23218511,admin@clbss.edu.hk,Hong Kong,sch_detail.php?li_id=2&lang_id=1&chg_district_id=1&sch_id=105&return_page=sch_list.php%3Flang_id%3D1%26chg_district_id%3D1%26search_mode%3D%26frmMode%3Dpagebreak%26sort_id%3D-1%26district_id%3D6
{'$oid': 'b73467b8bf2011c6af37a025'},Wong Tai Sin,Choi Hung Estate Catholic Secondary School,彩虹邨天主教英文中學,Aided,Secondary,"1 Tse Wai Avenue, Choi Hung Estate, Kowloon",23203594,enquiry@choihung.edu.hk,Hong Kong,sch_detail.php?li_id=2&lang_id=1&chg_district_id=1&sch_id=35&return_page=sch_list.php%3Flang_id%3D1%26chg_district_id%3D1%26search_mode%3D%26frmMode%3Dpagebreak%26sort_id%3D-1%26district_id%3D6
{'$oid': '3182d32b03df68fb1dc54514'},Yau Tsim Mong,ELCHK Lutheran Secondary School,基督教香港信義會信義中學,Aided,Secondary,52 Waterloo Road,27802291,contact@lss.edu.hk,Hong Kong,sch_detail.php?li_id=2&lang_id=1&chg_district_id=1&sch_id=138&return_page=sch_list.php%3Flang_id%3D1%26chg_district_id%3D1%26search_mode%3D%26frmMode%3Dpagebreak%26sort_id%3D-1%26district_id%3D6
{'$oid': '1a7326fcf5dcaa84a4bb0ae9'},Kwun Tong,FDBWA Szeto Ho Secondary School,五邑司徒浩中學,Aided,Secondary,7 Kai Tin Road Lam Tin,23405916,office@szetoho.edu.hk,Hong Kong,sch_detail.php?li_id=2&lang_id=1&chg_district_id=1&sch_id=355&return_page=sch_list.php%3Flang_id%3D1%26chg_district_id%3D1%26search_mode%3D%26frmMode%3Dpagebreak%26sort_id%3D-1%26district_id%3D6
{'$oid': '1357183d5b3a01f78390e04d'},Sha Tin,GCC&ITKD Lau Pak Lok Secondary School,東莞工商總會劉百樂中學,Aided,Secondary,1 Chik Tai Lane Tai Wai Shatin,26951158,info@lplss.edu.hk,Hong Kong,sch_detail.php?li_id=2&lang_id=1&chg_district_id=1&sch_id=79&return_page=sch_list.php%3Flang_id%3D1%26chg_district_id%3D1%26search_mode%3D%26frmMode%3Dpagebreak%26sort_id%3D-1%26district_id%3D6
{'$oid': 'e5f1f7779dac0f2b69e665c4'},Yau Tsim Mong,HK & KLN Chiu Chow Public Assn. Sec. School,港九潮州公會中學,Aided,Secondary,150 Sai Yee Street Mong Kok Kowloon,23964187,go@ccpass.edu.hk,Hong Kong,sch_detail.php?li_id=2&lang_id=1&chg_district_id=1&sch_id=112&return_page=sch_list.php%3Flang_id%3D1%26chg_district_id%3D1%26search_mode%3D%26frmMode%3Dpagebreak%26sort_id%3D-1%26district_id%3D6
{'$oid': 'b184f7f158ef74b4e39134a9'},Kwun Tong,HKWMA Chu Shek Lun Secondary School,香港布廠商會朱石麟中學,Aided,Secondary,"11 KAI LOK STREET, KOWLOON BAY, KOWLOON",27968323,general@chusheklun.edu.hk,Hong Kong,sch_detail.php?li_id=2&lang_id=1&chg_district_id=1&sch_id=360&return_page=sch_list.php%3Flang_id%3D1%26chg_district_id%3D1%26search_mode%3D%26frmMode%3Dpagebreak%26sort_id%3D-1%26district_id%3D6
{'$oid': 'cfb7fcd8121b99381613b598'},Wong Tai Sin,Ho Lap College (Sponsored by the Sik Sik Yuen),可立中學（嗇色園主辦）,Aided,Secondary,15 Tseuk Luk Street Kowloon,23222229,hlc-mail@holap.edu.hk,Hong Kong,sch_detail.php?li_id=2&lang_id=1&chg_district_id=1&sch_id=172&return_page=sch_list.php%3Flang_id%3D1%26chg_district_id%3D1%26search_mode%3D%26frmMode%3Dpagebreak%26sort_id%3D-1%26district_id%3D6
{'$oid': '01ec7965c11c739a9dcd6320'},Sham Shui Po,Kowloon Technical School,九龍工業學校,Gov't,Secondary,332-334 Cheung Sha Wan Road Sham Shui Po,23860737,mail@kts.edu.hk,Hong Kong,sch_detail.php?li_id=2&lang_id=1&chg_district_id=1&sch_id=164&return_page=sch_list.php%3Flang_id%3D1%26chg_district_id%3D1%26search_mode%3D%26frmMode%3Dpagebreak%26sort_id%3D-1%26district_id%3D6
{'$oid': '9009763c888d7967b3104e15'},Yau Tsim Mong,Lai Chack Middle School,麗澤中學,Aided,Secondary,"180 Canton Road, Tsim Sha Tsui",27213086,info@lcms.edu.hk,Hong Kong,sch_detail.php?li_id=2&lang_id=1&chg_district_id=1&sch_id=190&return_page=sch_list.php%3Flang_id%3D1%26chg_district_id%3D1%26search_mode%3D%26frmMode%3Dpagebreak%26sort_id%3D-1%26district_id%3D6
{'$oid': '40b867f73240f20d0503edbf'},Wong Tai Sin,Lee Kau Yan Memorial School,李求恩紀念中學,Aided,Secondary,596 Prince Edward Road East KLN,22596000,general@gs.lkyms.edu.hk,Hong Kong,sch_detail.php?li_id=2&lang_id=1&chg_district_id=1&sch_id=187&return_page=sch_list.php%3Flang_id%3D1%26chg_district_id%3D1%26search_mode%3D%26frmMode%3Dpagebreak%26sort_id%3D-1%26district_id%3D6
{'$oid': 'b707e6ca6007084ee9a1b037'},Wong Tai Sin,Lok Sin Tong Wong Chung Ming Secondary School,樂善堂王仲銘中學,Aided,Secondary,161 Lok Sin Road,23820002,contact@lstwcm.edu.hk,Hong Kong,sch_detail.php?li_id=2&lang_id=1&chg_district_id=1&sch_id=184&return_page=sch_list.php%3Flang_id%3D1%26chg_district_id%3D1%26search_mode%3D%26frmMode%3Dpagebreak%26sort_id%3D-1%26district_id%3D6
{'$oid': 'e6dfa0e7ea83111242cf620a'},Wong Tai Sin,Lok Sin Tong Yu Kan Hing Secondary School,樂善堂余近卿中學,Aided,Secondary,3 Fu Yue Street Wang Tau Hom,23362657,info@ykh.edu.hk,Hong Kong,sch_detail.php?li_id=2&lang_id=1&chg_district_id=1&sch_id=186&return_page=sch_list.php%3Flang_id%3D1%26chg_district_id%3D1%26search_mode%3D%26frmMode%3Dpagebreak%26sort_id%3D-1%26district_id%3D6
{'$oid': '4639e51b93fa42e81e78ef15'},Yau Tsim Mong,Lung Kong WFSL Lau Wong Fat Secondary School,世界龍岡學校劉皇發中學,Aided,Secondary,66 Sycamore Street Tai Kok Tsui Kowloon,23944186,contact@lwfss.edu.hk,Hong Kong,sch_detail.php?li_id=2&lang_id=1&chg_district_id=1&sch_id=320&return_page=sch_list.php%3Flang_id%3D1%26chg_district_id%3D1%26search_mode%3D%26frmMode%3Dpagebreak%26sort_id%3D-1%26district_id%3D6
{'$oid': '97ab989b1a2c2244f89cd25a'},Yau Tsim Mong,Methodist College,循道中學,Aided,Secondary,"50 Gascoigne Road, Kowloon",23843543,admin@mckln.edu.hk,Hong Kong,sch_detail.php?li_id=2&lang_id=1&chg_district_id=1&sch_id=412&return_page=sch_list.php%3Flang_id%3D1%26chg_district_id%3D1%26search_mode%3D%26frmMode%3Dpagebreak%26sort_id%3D-1%26district_id%3D6
{'$oid': 'bb7c6b17cd7f7f888e0940f1'},Kwun Tong,Mu Kuang English School,慕光英文書院,DSS,Secondary,55 Kung Lok Road Kwun Tong,23412932,info@mukuang.edu.hk,Hong Kong,sch_detail.php?li_id=2&lang_id=1&chg_district_id=1&sch_id=230&return_page=sch_list.php%3Flang_id%3D1%26chg_district_id%3D1%26search_mode%3D%26frmMode%3Dpagebreak%26sort_id%3D-1%26district_id%3D6
{'$oid': '5404451741430f7d2ee0db71'},Sham Shui Po,Nam Wah Catholic Secondary School,天主教南華中學,Aided,Secondary,5 Wing Ming Street Shamshuipo,27411174,info@nwcss.edu.hk,Hong Kong,sch_detail.php?li_id=2&lang_id=1&chg_district_id=1&sch_id=339&return_page=sch_list.php%3Flang_id%3D1%26chg_district_id%3D1%26search_mode%3D%26frmMode%3Dpagebreak%26sort_id%3D-1%26district_id%3D6
{'$oid': '58a790744654602963072131'},Yau Tsim Mong,Newman Catholic College,天主教新民書院,Aided,Secondary,2 Cliff Road Yaumatei,23857812,nc@newman.edu.hk,Hong Kong,sch_detail.php?li_id=2&lang_id=1&chg_district_id=1&sch_id=343&return_page=sch_list.php%3Flang_id%3D1%26chg_district_id%3D1%26search_mode%3D%26frmMode%3Dpagebreak%26sort_id%3D-1%26district_id%3D6
{'$oid': '618ab247b5591abb2f0f07d0'},Kwun Tong,Ning Po No. 2 College,寧波第二中學,Aided,Secondary,"9 Shun On Road, Shun Tin Estate, Kwun Tong, Kowloon",23467465,info@np2c.edu.hk,Hong Kong,sch_detail.php?li_id=2&lang_id=1&chg_district_id=1&sch_id=233&return_page=sch_list.php%3Flang_id%3D1%26chg_district_id%3D1%26search_mode%3D%26frmMode%3Dpagebreak%26sort_id%3D-1%26district_id%3D6
{'$oid': 'd80623247cb8a1ee01d63375'},Wong Tai Sin,Our Lady's College,聖母書院,Aided,Secondary,"3 Lung Fung Street, Wong Tai Sin, Kowloon",23275860,info@olc.edu.hk,Hong Kong,sch_detail.php?li_id=2&lang_id=1&chg_district_id=1&sch_id=306&return_page=sch_list.php%3Flang_id%3D1%26chg_district_id%3D1%26search_mode%3D%26frmMode%3Dpagebreak%26sort_id%3D-1%26district_id%3D6
{'$oid': '646a79e35eaf09bb3fad7df5'},Wong Tai Sin,Po Leung Kuk Celine Ho Yam Tong College,保良局何蔭棠中學,Aided,Secondary,"176 Po Kong Village Road, School Village, Wong Tai Sin, Kowloon",26269930,info@plkchc.edu.hk,Hong Kong,sch_detail.php?li_id=2&lang_id=1&chg_district_id=1&sch_id=9&return_page=sch_list.php%3Flang_id%3D1%26chg_district_id%3D1%26search_mode%3D%26frmMode%3Dpagebreak%26sort_id%3D-1%26district_id%3D6
{'$oid': '12a4395c2f92c0ab6975b92a'},Wong Tai Sin,Po Leung Kuk No.1 W.H. Cheung College,保良局第一張永慶中學,Aided,Secondary,173 Po Kong Village Road Tsz Wan Shan,23212167,office@plkno1.edu.hk,Hong Kong,sch_detail.php?li_id=2&lang_id=1&chg_district_id=1&sch_id=7&return_page=sch_list.php%3Flang_id%3D1%26chg_district_id%3D1%26search_mode%3D%26frmMode%3Dpagebreak%26sort_id%3D-1%26district_id%3D6
{'$oid': 'e4777d3a1f0b374eb0a94b1e'},Yau Tsim Mong,Queen Elizabeth School,伊利沙伯中學,Gov't,Secondary,152 Sai Yee Street Mongkok,23809621,qes@edb.gov.hk,Hong Kong,sch_detail.php?li_id=2&lang_id=1&chg_district_id=1&sch_id=413&return_page=sch_list.php%3Flang_id%3D1%26chg_district_id%3D1%26search_mode%3D%26frmMode%3Dpagebreak%26sort_id%3D-1%26district_id%3D6
{'$oid': '1804dcf7dfe2620fe35cfb3c'},Wong Tai Sin,Salvation Army William Booth Secondary School,救世軍卜維廉中學,Aided,Secondary,100 Yuk Wah Street Tsz Wan Shan,23269068,wbss@hkm.salvationarmy.org,Hong Kong,sch_detail.php?li_id=2&lang_id=1&chg_district_id=1&sch_id=169&return_page=sch_list.php%3Flang_id%3D1%26chg_district_id%3D1%26search_mode%3D%26frmMode%3Dpagebreak%26sort_id%3D-1%26district_id%3D6
{'$oid': '675e7e76579526a728750bd5'},Yau Tsim Mong,S.K.H. All Saints' Middle School,聖公會諸聖中學,CAPUT,Secondary,"11 Pak Po Street, Mong Kok, Kowloon",27800147,info@skhasms.edu.hk,Hong Kong,sch_detail.php?li_id=2&lang_id=1&chg_district_id=1&sch_id=297&return_page=sch_list.php%3Flang_id%3D1%26chg_district_id%3D1%26search_mode%3D%26frmMode%3Dpagebreak%26sort_id%3D-1%26district_id%3D6
{'$oid': '71a36ed3cfc7283d76cd847d'},Wong Tai Sin,S.K.H. St. Benedict's School,聖公會聖本德中學,Aided,Secondary,"No.11, Lam Chung Avenue, Choi Hung Estate, Kowloon",23200011,info@skhsbs.edu.hk,Hong Kong,sch_detail.php?li_id=2&lang_id=1&chg_district_id=1&sch_id=292&return_page=sch_list.php%3Flang_id%3D1%26chg_district_id%3D1%26search_mode%3D%26frmMode%3Dpagebreak%26sort_id%3D-1%26district_id%3D6
{'$oid': '884a6694d463c01ffe9ffb8d'},Sham Shui Po,S.K.H. St. Mary's Church Mok Hing Yiu College,聖公會聖馬利亞堂莫慶堯中學,Aided,Secondary,"No. 1, Hoi Lai Street, Sham Shui Po, Kowloon",25775347,info@smcc.edu.hk,Hong Kong,sch_detail.php?li_id=2&lang_id=1&chg_district_id=1&sch_id=293&return_page=sch_list.php%3Flang_id%3D1%26chg_district_id%3D1%26search_mode%3D%26frmMode%3Dpagebreak%26sort_id%3D-1%26district_id%3D6
{'$oid': 'fc1d53b59b1e0d692d2fd4b9'},Wong Tai Sin,St. Bonaventure College & High School,聖文德書院,Aided,Secondary,47 Sheung Fung Street Tsz Wan Shan,23238217,office@sbc.edu.hk,Hong Kong,sch_detail.php?li_id=2&lang_id=1&chg_district_id=1&sch_id=314&return_page=sch_list.php%3Flang_id%3D1%26chg_district_id%3D1%26search_mode%3D%26frmMode%3Dpagebreak%26sort_id%3D-1%26district_id%3D6
{'$oid': 'f9e4b5ab3a298285dd88f8a1'},Yau Tsim Mong,St. Francis Xavier's College,聖芳濟書院,Aided,Secondary,45 Sycamore Street Tai Kok Tsui,23932271,sfxadmin@sfxc.edu.hk,Hong Kong,sch_detail.php?li_id=2&lang_id=1&chg_district_id=1&sch_id=279&return_page=sch_list.php%3Flang_id%3D1%26chg_district_id%3D1%26search_mode%3D%26frmMode%3Dpagebreak%26sort_id%3D-1%26district_id%3D6
{'$oid': '5c56a9c1d272be9354ec93d1'},Kwun Tong,St. Joseph's Anglo-Chinese School,聖若瑟英文中學,Aided,Secondary,"46 New Clear Water Bay Road, Kowloon.",37524500,contact@sjacs.edu.hk,Hong Kong,sch_detail.php?li_id=2&lang_id=1&chg_district_id=1&sch_id=310&return_page=sch_list.php%3Flang_id%3D1%26chg_district_id%3D1%26search_mode%3D%26frmMode%3Dpagebreak%26sort_id%3D-1%26district_id%3D6
{'$oid': 'fb39f7e3cb12e8c5ae61939e'},Yau Tsim Mong,St. Mary's Canossian College,嘉諾撒聖瑪利書院,Aided,Secondary,162 Austin Road,27242771,info@smcc.hk,Hong Kong,sch_detail.php?li_id=2&lang_id=1&chg_district_id=1&sch_id=153&return_page=sch_list.php%3Flang_id%3D1%26chg_district_id%3D1%26search_mode%3D%26frmMode%3Dpagebreak%26sort_id%3D-1%26district_id%3D6
{'$oid': '866b45b5afc5660cc0e78b8f'},Sha Tin,St. Rose of Lima's College,聖羅撒書院,Aided,Secondary,"29 Ngan Shing Street, Shatin, N.T.",23371867,info@hksrl.edu.hk,Hong Kong,sch_detail.php?li_id=2&lang_id=1&chg_district_id=1&sch_id=302&return_page=sch_list.php%3Flang_id%3D1%26chg_district_id%3D1%26search_mode%3D%26frmMode%3Dpagebreak%26sort_id%3D-1%26district_id%3D6
{'$oid': 'ea0fefee95c0b68451cae91f'},Wong Tai Sin,Stewards Pooi Tun Secondary School,香港神託會培敦中學,Aided,Secondary,162 Hammer Hill Road Wong Tai Sin,23265211,info@pooitun.edu.hk,Hong Kong,sch_detail.php?li_id=2&lang_id=1&chg_district_id=1&sch_id=381&return_page=sch_list.php%3Flang_id%3D1%26chg_district_id%3D1%26search_mode%3D%26frmMode%3Dpagebreak%26sort_id%3D-1%26district_id%3D6
{'$oid': '2d92975fdf8fa785e5bf2f06'},Sham Shui Po,Tack Ching Girls' Secondary School,德貞女子中學,Aided,Secondary,9 Hing Wah Street West Sham Shui Po,27293211,tcgss@tackching.edu.hk,Hong Kong,sch_detail.php?li_id=2&lang_id=1&chg_district_id=1&sch_id=53&return_page=sch_list.php%3Flang_id%3D1%26chg_district_id%3D1%26search_mode%3D%26frmMode%3Dpagebreak%26sort_id%3D-1%26district_id%3D6
{'$oid': 'd05c32643ff3611268c7b590'},Sham Shui Po,Tak Nga Secondary School,德雅中學,Aided,Secondary,"18 Tat Chee Avenue, Yau Yat Chuen KLN",23803788,tnss@taknga.edu.hk,Hong Kong,sch_detail.php?li_id=2&lang_id=1&chg_district_id=1&sch_id=52&return_page=sch_list.php%3Flang_id%3D1%26chg_district_id%3D1%26search_mode%3D%26frmMode%3Dpagebreak%26sort_id%3D-1%26district_id%3D6
{'$oid': '9016c1be7a572c11fdadbf3e'},Wong Tai Sin,Tak Oi Secondary School,德愛中學,Aided,Secondary,8 Tsz Wan Shan Road Kowloon,23238504,school@takoi.edu.hk,Hong Kong,sch_detail.php?li_id=2&lang_id=1&chg_district_id=1&sch_id=48&return_page=sch_list.php%3Flang_id%3D1%26chg_district_id%3D1%26search_mode%3D%26frmMode%3Dpagebreak%26sort_id%3D-1%26district_id%3D6
{'$oid': '46dede8245b92d6a006c3b30'},Kwun Tong,The Hong Kong Taoist Association Ching Chung Secondary School,香港道教聯合會青松中學,Aided,Secondary,"4 Hiu Yuk Path, Sau Mau Ping Kwun Tong",27274315,info@ccss.edu.hk,Hong Kong,sch_detail.php?li_id=2&lang_id=1&chg_district_id=1&sch_id=362&return_page=sch_list.php%3Flang_id%3D1%26chg_district_id%3D1%26search_mode%3D%26frmMode%3Dpagebreak%26sort_id%3D-1%26district_id%3D6
{'$oid': '63552d94c73c4c1af27a5333'},Yau Tsim Mong,"Wah Yan College, Kowloon",華仁書院（九龍）,Aided,Secondary,56 Waterloo Road,23841038,info@wyk.edu.hk,Hong Kong,sch_detail.php?li_id=2&lang_id=1&chg_district_id=1&sch_id=125&return_page=sch_list.php%3Flang_id%3D1%26chg_district_id%3D1%26search_mode%3D%26frmMode%3Dpagebreak%26sort_id%3D-1%26district_id%3D6
{'$oid': '85e9fadce38b188b540e0744'},Sham Shui Po,Wai Kiu College,惠僑英文中學,DSS,Secondary,17 Wai Chi Street Shek Kip Mei,27776289,wkc@wkc.edu.hk,Hong Kong,sch_detail.php?li_id=2&lang_id=1&chg_district_id=1&sch_id=129&return_page=sch_list.php%3Flang_id%3D1%26chg_district_id%3D1%26search_mode%3D%26frmMode%3Dpagebreak%26sort_id%3D-1%26district_id%3D6
{'$oid': '93e59a14a3ca9e72509e9111'},Kwun Tong,CCC Kei Chi Secondary School,中華基督教會基智中學,Aided,Secondary,20 Shui Ning Street Kwun Tong Kowloon,23422954,office@keichi.edu.hk,Hong Kong,sch_detail.php?li_id=2&lang_id=1&chg_district_id=1&sch_id=446&return_page=sch_list.php%3Flang_id%3D1%26chg_district_id%3D1%26search_mode%3D%26frmMode%3Dpagebreak%26sort_id%3D-1%26district_id%3D7
{'$oid': '6743782bf73500d5b9620d6a'},Kwun Tong,CCC Mong Man Wai College,中華基督教會蒙民偉書院,Aided,Secondary,20 Hiu Ming Street Kwun Tong,27276372,info@cccmmwc.edu.hk,Hong Kong,sch_detail.php?li_id=2&lang_id=1&chg_district_id=1&sch_id=447&return_page=sch_list.php%3Flang_id%3D1%26chg_district_id%3D1%26search_mode%3D%26frmMode%3Dpagebreak%26sort_id%3D-1%26district_id%3D7
{'$oid': '3a6ee66c7773e0a8b0409eec'},Kwun Tong,Delia Memorial School (Hip Wo),地利亞修女紀念學校（協和）,DSS,Secondary,221 Hip Wo Street Kwun Tong,23423198,hw@deliagroup.edu.hk,Hong Kong,sch_detail.php?li_id=2&lang_id=1&chg_district_id=1&sch_id=59&return_page=sch_list.php%3Flang_id%3D1%26chg_district_id%3D1%26search_mode%3D%26frmMode%3Dpagebreak%26sort_id%3D-1%26district_id%3D7
{'$oid': '823ac165f53705dbbc183793'},Kwun Tong,Delia Memorial School (Hip Wo No.2 College),地利亞修女紀念學校（協和二中）,DSS,Secondary,223 Hip Wo Street Kwun Tong,23896299,hw2@deliagroup.edu.hk,Hong Kong,sch_detail.php?li_id=2&lang_id=1&chg_district_id=1&sch_id=58&return_page=sch_list.php%3Flang_id%3D1%26chg_district_id%3D1%26search_mode%3D%26frmMode%3Dpagebreak%26sort_id%3D-1%26district_id%3D7
{'$oid': 'a4d81962b78eea80658590e4'},Kwun Tong,ECF Saint Too Canaan College,基督教中國佈道會聖道迦南書院,DSS,Secondary,6 Lee On Lane Kwun Tong,23720033,info@stcc.edu.hk,Hong Kong,sch_detail.php?li_id=2&lang_id=1&chg_district_id=1&sch_id=141&return_page=sch_list.php%3Flang_id%3D1%26chg_district_id%3D1%26search_mode%3D%26frmMode%3Dpagebreak%26sort_id%3D-1%26district_id%3D7
{'$oid': 'd648cb2e09514a30c3d7e969'},Kwun Tong,Fukien Secondary School,福建中學,DSS,Secondary,"83 Chun Wah Road, Kwun Tong, Kowloon",25781745,fms-mail@fms.edu.hk,Hong Kong,sch_detail.php?li_id=2&lang_id=1&chg_district_id=1&sch_id=106&return_page=sch_list.php%3Flang_id%3D1%26chg_district_id%3D1%26search_mode%3D%26frmMode%3Dpagebreak%26sort_id%3D-1%26district_id%3D7
{'$oid': 'c4c8d05a036ce3a29e846986'},Kwun Tong,HKSKH Bishop Hall Secondary School,香港聖公會何明華會督中學,Aided,Secondary,"82, Hiu Kwong Street, Sau Mau Ping, Kowloon.",23479224,bhss@go.bhss.edu.hk,Hong Kong,sch_detail.php?li_id=2&lang_id=1&chg_district_id=1&sch_id=383&return_page=sch_list.php%3Flang_id%3D1%26chg_district_id%3D1%26search_mode%3D%26frmMode%3Dpagebreak%26sort_id%3D-1%26district_id%3D7
{'$oid': '6196c13471dfa9ab6dc9a02b'},Kwun Tong,Ko Lui Secondary School,高雷中學,Aided,Secondary,9 Wo Hong Path Kwun Tong,23890213,office@klss.edu.hk,Hong Kong,sch_detail.php?li_id=2&lang_id=1&chg_district_id=1&sch_id=115&return_page=sch_list.php%3Flang_id%3D1%26chg_district_id%3D1%26search_mode%3D%26frmMode%3Dpagebreak%26sort_id%3D-1%26district_id%3D7
{'$oid': 'c7be339b8155df052b1a08b3'},Kwun Tong,Kwun Tong Government Secondary School,觀塘官立中學,Gov't,Secondary,"9 Shun Chi Street, Shun Lee Estate, Kowloon.",23436220,ktgss@email.ktgss.edu.hk,Hong Kong,sch_detail.php?li_id=2&lang_id=1&chg_district_id=1&sch_id=119&return_page=sch_list.php%3Flang_id%3D1%26chg_district_id%3D1%26search_mode%3D%26frmMode%3Dpagebreak%26sort_id%3D-1%26district_id%3D7
{'$oid': 'e99bf4163709cbf723351adb'},Kwun Tong,Kwun Tong Kung Lok Government Secondary School,觀塘功樂官立中學,Gov't,Secondary,90 Kung Lok Road Kwun Tong,23435059,ktklgss@edb.gov.hk,Hong Kong,sch_detail.php?li_id=2&lang_id=1&chg_district_id=1&sch_id=118&return_page=sch_list.php%3Flang_id%3D1%26chg_district_id%3D1%26search_mode%3D%26frmMode%3Dpagebreak%26sort_id%3D-1%26district_id%3D7
{'$oid': 'b82ca48e581ad674adca4b4c'},Kwun Tong,Kwun Tong Maryknoll College,觀塘瑪利諾書院,Aided,Secondary,100 Tsui Ping Road Kwun Tong,27171485,ktmc@ktmc.edu.hk,Hong Kong,sch_detail.php?li_id=2&lang_id=1&chg_district_id=1&sch_id=120&return_page=sch_list.php%3Flang_id%3D1%26chg_district_id%3D1%26search_mode%3D%26frmMode%3Dpagebreak%26sort_id%3D-1%26district_id%3D7
{'$oid': 'dece8cfd81f8f8e180a21527'},Kwun Tong,Leung Shek Chee College,梁式芝書院,Aided,Secondary,"80 Hiu Kwong Street, Kwun Tong, Kowloon",23496626,contact@lscc.edu.hk,Hong Kong,sch_detail.php?li_id=2&lang_id=1&chg_district_id=1&sch_id=191&return_page=sch_list.php%3Flang_id%3D1%26chg_district_id%3D1%26search_mode%3D%26frmMode%3Dpagebreak%26sort_id%3D-1%26district_id%3D7
{'$oid': '6e728a46eba92ab747f9ab38'},Kwun Tong,Maryknoll Secondary School,瑪利諾中學,Aided,Secondary,"27 On Sau Road, Kwun Tong, Kowloon, Hong Kong",27583102,admin@maryknoll.edu.hk,Hong Kong,sch_detail.php?li_id=2&lang_id=1&chg_district_id=1&sch_id=214&return_page=sch_list.php%3Flang_id%3D1%26chg_district_id%3D1%26search_mode%3D%26frmMode%3Dpagebreak%26sort_id%3D-1%26district_id%3D7
{'$oid': '248808d026cda0f2d0343d9b'},Kwun Tong,Ning Po College,寧波公學,Aided,Secondary,7 Kung Lok Road Kwun Tong,23455633,info@npc.edu.hk,Hong Kong,sch_detail.php?li_id=2&lang_id=1&chg_district_id=1&sch_id=234&return_page=sch_list.php%3Flang_id%3D1%26chg_district_id%3D1%26search_mode%3D%26frmMode%3Dpagebreak%26sort_id%3D-1%26district_id%3D7
{'$oid': 'c59fb6772884c6bcf5e4e4d1'},Kwun Tong,NLSI Lui Kwok Pat Fong College,新生命教育協會呂郭碧鳳中學,Aided,Secondary,"102, Tsui Ping Road, Kwun Tong, Kowloon (Excluding 5/F Staff Quarters)",23480103,info@lkpfc.edu.hk,Hong Kong,sch_detail.php?li_id=2&lang_id=1&chg_district_id=1&sch_id=406&return_page=sch_list.php%3Flang_id%3D1%26chg_district_id%3D1%26search_mode%3D%26frmMode%3Dpagebreak%26sort_id%3D-1%26district_id%3D7
{'$oid': '8f42c1a02b05c8138b542d5d'},Kwun Tong,Po Chiu Catholic Secondary School,天主教普照中學,Aided,Secondary,No. 1 Po Chiu Road Yau Tong,23479907,pochiu@pochiu.edu.hk,Hong Kong,sch_detail.php?li_id=2&lang_id=1&chg_district_id=1&sch_id=341&return_page=sch_list.php%3Flang_id%3D1%26chg_district_id%3D1%26search_mode%3D%26frmMode%3Dpagebreak%26sort_id%3D-1%26district_id%3D7
{'$oid': '411591938b1e6d6c4744d4ff'},Kwun Tong,Shun Lee Catholic Secondary School,順利天主教中學,Aided,Secondary,"7 Shun Chi Street, Shun Lee Estate, Kwun Tong, KLN.",23893082,contact@slcss.edu.hk,Hong Kong,sch_detail.php?li_id=2&lang_id=1&chg_district_id=1&sch_id=328&return_page=sch_list.php%3Flang_id%3D1%26chg_district_id%3D1%26search_mode%3D%26frmMode%3Dpagebreak%26sort_id%3D-1%26district_id%3D7
{'$oid': '14ddfefc415e3367ecc0c15e'},Kwun Tong,Sing Yin Secondary School,聖言中學,Aided,Secondary,"38 New Clear Water Bay Road, Kowloon.",23496281,syadm@singyin.edu.hk,Hong Kong,sch_detail.php?li_id=2&lang_id=1&chg_district_id=1&sch_id=315&return_page=sch_list.php%3Flang_id%3D1%26chg_district_id%3D1%26search_mode%3D%26frmMode%3Dpagebreak%26sort_id%3D-1%26district_id%3D7
{'$oid': 'f1534e2d0ec9036c18578317'},Kwun Tong,S.K.H. Kei Hau Secondary School,聖公會基孝中學,Aided,Secondary,G/F-6/F And Annex Block 5 Kai Tin Road KLN,23460252,info@keihau.edu.hk,Hong Kong,sch_detail.php?li_id=2&lang_id=1&chg_district_id=1&sch_id=284&return_page=sch_list.php%3Flang_id%3D1%26chg_district_id%3D1%26search_mode%3D%26frmMode%3Dpagebreak%26sort_id%3D-1%26district_id%3D7
{'$oid': 'b735abaf46b0203a4e9194ec'},Kwun Tong,S.K.H. Leung Kwai Yee Secondary School,聖公會梁季彜中學,Aided,Secondary,28 Hiu Ming Street Kwun Tong,27274321,lky@skhlkyss.edu.hk,Hong Kong,sch_detail.php?li_id=2&lang_id=1&chg_district_id=1&sch_id=287&return_page=sch_list.php%3Flang_id%3D1%26chg_district_id%3D1%26search_mode%3D%26frmMode%3Dpagebreak%26sort_id%3D-1%26district_id%3D7
{'$oid': '9e50c8f86dc5cfb010c2eab3'},Kwun Tong,St. Antonius Girls' College,聖安當女書院,Aided,Secondary,1 Ko Chiu Road Yau Tong,23481379,school@sagc.edu.hk,Hong Kong,sch_detail.php?li_id=2&lang_id=1&chg_district_id=1&sch_id=272&return_page=sch_list.php%3Flang_id%3D1%26chg_district_id%3D1%26search_mode%3D%26frmMode%3Dpagebreak%26sort_id%3D-1%26district_id%3D7
{'$oid': '58a284cb3fc5f06e6090882f'},Kwun Tong,St. Catharine's School for Girls,聖傑靈女子中學,Aided,Secondary,26 Hong Lee Road Kwun Tong,23456481,scsg@scsg.edu.hk,Hong Kong,sch_detail.php?li_id=2&lang_id=1&chg_district_id=1&sch_id=300&return_page=sch_list.php%3Flang_id%3D1%26chg_district_id%3D1%26search_mode%3D%26frmMode%3Dpagebreak%26sort_id%3D-1%26district_id%3D7
{'$oid': '625450cfc2ef4cd9b55ad50f'},Kwun Tong,St. Paul's School (Lam Tin),藍田聖保祿中學,Aided,Secondary,10 On Tin Street Lam Tin Kwun Tong,23472991,school@spslt.edu.hk,Hong Kong,sch_detail.php?li_id=2&lang_id=1&chg_district_id=1&sch_id=178&return_page=sch_list.php%3Flang_id%3D1%26chg_district_id%3D1%26search_mode%3D%26frmMode%3Dpagebreak%26sort_id%3D-1%26district_id%3D7
{'$oid': 'e8d48905d541abf5cbcd81eb'},Kwun Tong,The Mission Covenant Church Holm Glad College,基督教聖約教會堅樂中學,Aided,Secondary,26 Hiu Ming Street Kwun Tong,27274311,contact@holmglad.edu.hk,Hong Kong,sch_detail.php?li_id=2&lang_id=1&chg_district_id=1&sch_id=135&return_page=sch_list.php%3Flang_id%3D1%26chg_district_id%3D1%26search_mode%3D%26frmMode%3Dpagebreak%26sort_id%3D-1%26district_id%3D7
{'$oid': 'b8b3d42d4018f9ab64c0d6f6'},Kwun Tong,United Christian College (Kowloon East),滙基書院（東九龍）,DSS,Secondary,"2 Lee On Lane, Kwun Tong",23436677,mail@uccke.edu.hk,Hong Kong,sch_detail.php?li_id=2&lang_id=1&chg_district_id=1&sch_id=131&return_page=sch_list.php%3Flang_id%3D1%26chg_district_id%3D1%26search_mode%3D%26frmMode%3Dpagebreak%26sort_id%3D-1%26district_id%3D7
{'$oid': '2baa5c8aec5f9680e0e4832c'},Kwun Tong,Yan Chai Hospital Law Chan Chor Si College,仁濟醫院羅陳楚思中學,Aided,Secondary,"No. 10, Kai Lai Road, Kowloon Bay",26821315,ychlccsc@ychlccsc.edu.hk,Hong Kong,sch_detail.php?li_id=2&lang_id=1&chg_district_id=1&sch_id=255&return_page=sch_list.php%3Flang_id%3D1%26chg_district_id%3D1%26search_mode%3D%26frmMode%3Dpagebreak%26sort_id%3D-1%26district_id%3D7
{'$oid': 'a0167161683efe96494c5f39'},Sham Shui Po,Concordia Lutheran School,路德會協同中學,Aided,Secondary,"12 Tai Hang Tung Road, Kowloon",23808837,mail@cls.edu.hk,Hong Kong,sch_detail.php?li_id=2&lang_id=1&chg_district_id=1&sch_id=204&return_page=sch_list.php%3Flang_id%3D1%26chg_district_id%3D1%26search_mode%3D%26frmMode%3Dpagebreak%26sort_id%3D-1%26district_id%3D7
{'$oid': '49f5615389f8a4778023238f'},Sai Kung,Heung To Secondary School (Tseung Kwan O),將軍澳香島中學,DSS,Secondary,4 Kan Hok Lane Tseung Kwan O,26233039,schoolmail@htss.edu.hk,Hong Kong,sch_detail.php?li_id=2&lang_id=1&chg_district_id=1&sch_id=157&return_page=sch_list.php%3Flang_id%3D1%26chg_district_id%3D1%26search_mode%3D%26frmMode%3Dpagebreak%26sort_id%3D-1%26district_id%3D7
{'$oid': '6ead1e22e640b751ee42999b'},Sham Shui Po,HKSYC & IA Wong Tai Shan Memorial College,香港四邑商工總會黃棣珊紀念中學,Aided,Secondary,"250 Nam Cheong Street, Sham Shui Po, KLN",27788982,mails@wtsmc.edu.hk,Hong Kong,sch_detail.php?li_id=2&lang_id=1&chg_district_id=1&sch_id=386&return_page=sch_list.php%3Flang_id%3D1%26chg_district_id%3D1%26search_mode%3D%26frmMode%3Dpagebreak%26sort_id%3D-1%26district_id%3D7
{'$oid': 'bdaaf3166750c34241457888'},Sham Shui Po,Holy Trinity College,寶血會上智英文書院,Aided,Secondary,3 Wai Chi Street Shek Kip Mei,27793220,info@htc.edu.hk,Hong Kong,sch_detail.php?li_id=2&lang_id=1&chg_district_id=1&sch_id=24&return_page=sch_list.php%3Flang_id%3D1%26chg_district_id%3D1%26search_mode%3D%26frmMode%3Dpagebreak%26sort_id%3D-1%26district_id%3D7
{'$oid': '7f632467b1f3606c52ed4e09'},Sham Shui Po,Our Lady of The Rosary College,聖母玫瑰書院,Aided,Secondary,22 Rose Street Yau Yat Chuen,23806468,olr@olr.edu.hk,Hong Kong,sch_detail.php?li_id=2&lang_id=1&chg_district_id=1&sch_id=305&return_page=sch_list.php%3Flang_id%3D1%26chg_district_id%3D1%26search_mode%3D%26frmMode%3Dpagebreak%26sort_id%3D-1%26district_id%3D7
{'$oid': '9640bd4bbf80830684997cab'},Sai Kung,Carmel Divine Grace Foundation Secondary School,迦密主恩中學,Aided,Secondary,Po Lam Estate Tseung Kwan O,27010908,info@school.cdgfss.edu.hk,Hong Kong,sch_detail.php?li_id=2&lang_id=1&chg_district_id=1&sch_id=149&return_page=sch_list.php%3Flang_id%3D1%26chg_district_id%3D1%26search_mode%3D%26frmMode%3Dpagebreak%26sort_id%3D-1%26district_id%3D8
{'$oid': '4eacda402b1042e0a0aa4f06'},Sai Kung,Catholic Ming Yuen Secondary School,天主教鳴遠中學,Aided,Secondary,Hau Tak Estate Tseung Kwan O,27027102,info@mingyuen.edu.hk,Hong Kong,sch_detail.php?li_id=2&lang_id=1&chg_district_id=1&sch_id=337&return_page=sch_list.php%3Flang_id%3D1%26chg_district_id%3D1%26search_mode%3D%26frmMode%3Dpagebreak%26sort_id%3D-1%26district_id%3D8
{'$oid': '4f3c3a96b2566ad66c85b31a'},Sai Kung,Cheng Chek Chee Secondary School of SK & HH District N.T.,新界西貢坑口區鄭植之中學,Aided,Secondary,"8 Chuk Kok Road Chuk Kok, Sai Kung",27198598,enquiry@cccss.edu.hk,Hong Kong,sch_detail.php?li_id=2&lang_id=1&chg_district_id=1&sch_id=403&return_page=sch_list.php%3Flang_id%3D1%26chg_district_id%3D1%26search_mode%3D%26frmMode%3Dpagebreak%26sort_id%3D-1%26district_id%3D8
{'$oid': 'fcae3b4edaf5a5744a7c10e2'},Sai Kung,Christian & Missionary Alliance Sun Kei Secondary School,基督教宣道會宣基中學,Aided,Secondary,6 Tong Chun Street Tseung Kwan O,21916022,skss@skss.edu.hk,Hong Kong,sch_detail.php?li_id=2&lang_id=1&chg_district_id=1&sch_id=140&return_page=sch_list.php%3Flang_id%3D1%26chg_district_id%3D1%26search_mode%3D%26frmMode%3Dpagebreak%26sort_id%3D-1%26district_id%3D8
{'$oid': '1ad0361bba82baf03c4c2cb9'},Sai Kung,Creative Secondary School,啓思中學,DSS,Secondary,"3 Pung Loi Road, Tseung Kwan O, Sai Kung",23360233,admin@css.edu.hk,Hong Kong,sch_detail.php?li_id=2&lang_id=1&chg_district_id=1&sch_id=239&return_page=sch_list.php%3Flang_id%3D1%26chg_district_id%3D1%26search_mode%3D%26frmMode%3Dpagebreak%26sort_id%3D-1%26district_id%3D8
{'$oid': 'd44da59ed4cacf8da95272bc'},Sai Kung,Evangel College,播道書院,DSS,Secondary,"No. 7, Chi Shin Street, Tseung Kwan O, N.T., Hong Kong",23661802,admission@evangel.edu.hk,Hong Kong,sch_detail.php?li_id=2&lang_id=1&chg_district_id=1&sch_id=28&return_page=sch_list.php%3Flang_id%3D1%26chg_district_id%3D1%26search_mode%3D%26frmMode%3Dpagebreak%26sort_id%3D-1%26district_id%3D8
{'$oid': '9b8d6afc76971a1f74896809'},Sai Kung,G.T. (Ellen Yeung) College,優才（楊殷有娣）書院,DSS,Secondary,"No. 10, Ling Kwong Street, Tiu Keng Leng, Tseung Kwan O",25356867,secondary@gtcollege.edu.hk,Hong Kong,sch_detail.php?li_id=2&lang_id=1&chg_district_id=1&sch_id=420&return_page=sch_list.php%3Flang_id%3D1%26chg_district_id%3D1%26search_mode%3D%26frmMode%3Dpagebreak%26sort_id%3D-1%26district_id%3D8
{'$oid': '35135ec7be707bd478f1e31b'},Sai Kung,HHCKLA Buddhist Ching Kok Secondary School,香海正覺蓮社佛教正覺中學,Aided,Secondary,"38 Chui Ling Road, Tiu Keng Leng NT",22463383,chingkok@bckss.edu.hk,Hong Kong,sch_detail.php?li_id=2&lang_id=1&chg_district_id=1&sch_id=398&return_page=sch_list.php%3Flang_id%3D1%26chg_district_id%3D1%26search_mode%3D%26frmMode%3Dpagebreak%26sort_id%3D-1%26district_id%3D8
{'$oid': '37ab2e680625b511144c4f09'},Sai Kung,HKCCCU Logos Academy,香港華人基督教聯會真道書院,DSS,Secondary,"1 Kan Hok Lane, Tseung Kwan O",23372123,info@logosacademy.edu.hk,Hong Kong,sch_detail.php?li_id=2&lang_id=1&chg_district_id=1&sch_id=371&return_page=sch_list.php%3Flang_id%3D1%26chg_district_id%3D1%26search_mode%3D%26frmMode%3Dpagebreak%26sort_id%3D-1%26district_id%3D8
{'$oid': '6a04c4e92b19814e2a940bd0'},Sai Kung,HKMLC Queen Maud Secondary School,港澳信義會慕德中學,Aided,Secondary,"Phase 3, Hau Tak Estate, Tseung Kwan O",27026509,info@qmss.edu.hk,Hong Kong,sch_detail.php?li_id=2&lang_id=1&chg_district_id=1&sch_id=108&return_page=sch_list.php%3Flang_id%3D1%26chg_district_id%3D1%26search_mode%3D%26frmMode%3Dpagebreak%26sort_id%3D-1%26district_id%3D8
{'$oid': '65e43cf96688d6e9896c38cd'},Sai Kung,Hong Kong Taoist Association The Yuen Yuen Institute No. 3 Secondary Sch.,香港道教聯合會圓玄學院第三中學,Aided,Secondary,"Sheung Tak Estate, No.2 Tong Ming Street, Tseung Kwan O.",21783223,yy3mail@hktayy3.edu.hk,Hong Kong,sch_detail.php?li_id=2&lang_id=1&chg_district_id=1&sch_id=364&return_page=sch_list.php%3Flang_id%3D1%26chg_district_id%3D1%26search_mode%3D%26frmMode%3Dpagebreak%26sort_id%3D-1%26district_id%3D8
{'$oid': '990fcd0cf0d4b232dfac0549'},Sai Kung,King Ling College,景嶺書院,Aided,Secondary,1 Lam Shing Road Tseung Kwan O,27029602,klc-mail@kingling.edu.hk,Hong Kong,sch_detail.php?li_id=2&lang_id=1&chg_district_id=1&sch_id=163&return_page=sch_list.php%3Flang_id%3D1%26chg_district_id%3D1%26search_mode%3D%26frmMode%3Dpagebreak%26sort_id%3D-1%26district_id%3D8
{'$oid': '15db0b001354d375dd220011'},Sai Kung,MKMCF Ma Chan Duen Hey Memorial College,馬錦明慈善基金馬陳端喜紀念中學,Aided,Secondary,2 Wan Lung Road Tseung Kwan O,27067477,info@mcdhmc.edu.hk,Hong Kong,sch_detail.php?li_id=2&lang_id=1&chg_district_id=1&sch_id=209&return_page=sch_list.php%3Flang_id%3D1%26chg_district_id%3D1%26search_mode%3D%26frmMode%3Dpagebreak%26sort_id%3D-1%26district_id%3D8
{'$oid': '1ea4b8789d3a1ca39f0778c1'},Sai Kung,PLK Laws Foundation College,保良局羅氏基金中學,DSS,Secondary,8 To Lok Road Tseung Kwan O,27018778,info@plklfc.edu.hk,Hong Kong,sch_detail.php?li_id=2&lang_id=1&chg_district_id=1&sch_id=14&return_page=sch_list.php%3Flang_id%3D1%26chg_district_id%3D1%26search_mode%3D%26frmMode%3Dpagebreak%26sort_id%3D-1%26district_id%3D8
{'$oid': 'd5768c9563fddd7bd656867a'},Sai Kung,Po Kok Secondary School,寶覺中學,Aided,Secondary,"9 Choi Ming Street, Choi Ming Court NT",27022863,pokok@pokok.edu.hk,Hong Kong,sch_detail.php?li_id=2&lang_id=1&chg_district_id=1&sch_id=23&return_page=sch_list.php%3Flang_id%3D1%26chg_district_id%3D1%26search_mode%3D%26frmMode%3Dpagebreak%26sort_id%3D-1%26district_id%3D8
{'$oid': 'b41573c6b8f5bf537c282857'},Sai Kung,Po Leung Kuk Ho Yuk Ching (1984) College,保良局甲子何玉清中學,Aided,Secondary,2 Chap Fuk Road Tseung Kwan O,27037363,info@plkhyc1984.edu.hk,Hong Kong,sch_detail.php?li_id=2&lang_id=1&chg_district_id=1&sch_id=12&return_page=sch_list.php%3Flang_id%3D1%26chg_district_id%3D1%26search_mode%3D%26frmMode%3Dpagebreak%26sort_id%3D-1%26district_id%3D8
{'$oid': '0550da4e486a3992a1bbfe0a'},Sai Kung,POH 80th Anniversary Tang Ying Hei College,博愛醫院八十週年鄧英喜中學,Aided,Secondary,2 Tong Yin Lane Tseung Kwan O,22463221,webadmin@pohtyh.edu.hk,Hong Kong,sch_detail.php?li_id=2&lang_id=1&chg_district_id=1&sch_id=31&return_page=sch_list.php%3Flang_id%3D1%26chg_district_id%3D1%26search_mode%3D%26frmMode%3Dpagebreak%26sort_id%3D-1%26district_id%3D8
{'$oid': '9ce81cab8f210ff82b827206'},Sai Kung,Man Kwan QualiEd College,萬鈞匯知中學,DSS,Secondary,"2, Kan Hok Lane Tseung Kwan O",27066969,enquiry@mkqc.edu.hk,Hong Kong,sch_detail.php?li_id=2&lang_id=1&chg_district_id=1&sch_id=132&return_page=sch_list.php%3Flang_id%3D1%26chg_district_id%3D1%26search_mode%3D%26frmMode%3Dpagebreak%26sort_id%3D-1%26district_id%3D8
{'$oid': '7e7b52f7a1fdea2d9ac3bb8f'},Sai Kung,Sai Kung Sung Tsun Catholic School (Secondary Section),西貢崇真天主教學校（中學部）,Aided,Secondary,Blocks A - E Po Tung Road Sai Kung,27926712,sts-mail@hkedcity.net,Hong Kong,sch_detail.php?li_id=2&lang_id=1&chg_district_id=1&sch_id=357&return_page=sch_list.php%3Flang_id%3D1%26chg_district_id%3D1%26search_mode%3D%26frmMode%3Dpagebreak%26sort_id%3D-1%26district_id%3D8
{'$oid': '8963bd3e0f2569cbf7243fd4'},Sai Kung,Shun Tak Fraternal Association Cheng Yu Tung Secondary School,順德聯誼總會鄭裕彤中學,Aided,Secondary,"9 Hok Lam Lane, Tseung Kwan O, N. T.",21910291,info@cyt.edu.hk,Hong Kong,sch_detail.php?li_id=2&lang_id=1&chg_district_id=1&sch_id=327&return_page=sch_list.php%3Flang_id%3D1%26chg_district_id%3D1%26search_mode%3D%26frmMode%3Dpagebreak%26sort_id%3D-1%26district_id%3D8
{'$oid': '2426f1721cf427b01e69e062'},Sai Kung,Tseung Kwan O Government Secondary School,將軍澳官立中學,Gov't,Secondary,"2 King Yin Lane, Tseung Kwan O",27040051,info@tkogss.edu.hk,Hong Kong,sch_detail.php?li_id=2&lang_id=1&chg_district_id=1&sch_id=156&return_page=sch_list.php%3Flang_id%3D1%26chg_district_id%3D1%26search_mode%3D%26frmMode%3Dpagebreak%26sort_id%3D-1%26district_id%3D8
{'$oid': '894b4eebaa50bf437cb40081'},Sai Kung,TWGHs Lui Yun Choy Memorial College,東華三院呂潤財紀念中學,Aided,Secondary,8 Yuk Nga Lane Tseung Kwan O,27060743,twghlycmc@gmail.com,Hong Kong,sch_detail.php?li_id=2&lang_id=1&chg_district_id=1&sch_id=71&return_page=sch_list.php%3Flang_id%3D1%26chg_district_id%3D1%26search_mode%3D%26frmMode%3Dpagebreak%26sort_id%3D-1%26district_id%3D8
{'$oid': 'e8221a3e9dc3eb584d7c6f15'},Sai Kung,WEO Chang Pui Chung Memorial School,威靈頓教育機構張沛松紀念中學,Aided,Secondary,3 Wan Lung Road Tseung Kwan O,27047002,cpcmail@cpc.edu.hk,Hong Kong,sch_detail.php?li_id=2&lang_id=1&chg_district_id=1&sch_id=348&return_page=sch_list.php%3Flang_id%3D1%26chg_district_id%3D1%26search_mode%3D%26frmMode%3Dpagebreak%26sort_id%3D-1%26district_id%3D8
{'$oid': '8b9f491a63a45ce03d05b445'},Sai Kung,Yan Chai Hospital Lan Chi Pat Memorial Secondary School,仁濟醫院靚次伯紀念中學,Aided,Secondary,10 Yuk Nga Lane Tseung Kwan O,27029033,lcp-mail@lcp.mysch.net,Hong Kong,sch_detail.php?li_id=2&lang_id=1&chg_district_id=1&sch_id=253&return_page=sch_list.php%3Flang_id%3D1%26chg_district_id%3D1%26search_mode%3D%26frmMode%3Dpagebreak%26sort_id%3D-1%26district_id%3D8
{'$oid': 'c8517e10e21e1bf6bb78df71'},Sai Kung,Yan Chai Hospital Wong Wha San Secondary School,仁濟醫院王華湘中學,Aided,Secondary,8 Tong Chun Street Tseung Kwan O,27060477,info@ychwwsss.edu.hk,Hong Kong,sch_detail.php?li_id=2&lang_id=1&chg_district_id=1&sch_id=256&return_page=sch_list.php%3Flang_id%3D1%26chg_district_id%3D1%26search_mode%3D%26frmMode%3Dpagebreak%26sort_id%3D-1%26district_id%3D8
{'$oid': 'fc8f60fbb1131882a53cf986'},Sham Shui Po,Buddhist Tai Hung College,佛教大雄中學,Aided,Secondary,"38 Cheung Fat Street, So Uk, Shamshuipo",23862988,office@mail.bthc.edu.hk,Hong Kong,sch_detail.php?li_id=2&lang_id=1&chg_district_id=1&sch_id=92&return_page=sch_list.php%3Flang_id%3D1%26chg_district_id%3D1%26search_mode%3D%26frmMode%3Dpagebreak%26sort_id%3D-1%26district_id%3D9
{'$oid': '98b20eed4f73c92eaf71446c'},Sham Shui Po,CCC Ming Yin College,中華基督教會銘賢書院,Aided,Secondary,1 Wai Chi Street Shek Kip Mei Kowloon,27784512,mingyin@cccmyc.edu.hk,Hong Kong,sch_detail.php?li_id=2&lang_id=1&chg_district_id=1&sch_id=449&return_page=sch_list.php%3Flang_id%3D1%26chg_district_id%3D1%26search_mode%3D%26frmMode%3Dpagebreak%26sort_id%3D-1%26district_id%3D9
{'$oid': '0bff1adc638bcf8e09b07b29'},Sham Shui Po,Cheung Sha Wan Catholic Secondary School,長沙灣天主教英文中學,Aided,Secondary,533 Fuk Wing Street Cheung Sha Wan,27415034,contact@cswcss.edu.hk,Hong Kong,sch_detail.php?li_id=2&lang_id=1&chg_district_id=1&sch_id=36&return_page=sch_list.php%3Flang_id%3D1%26chg_district_id%3D1%26search_mode%3D%26frmMode%3Dpagebreak%26sort_id%3D-1%26district_id%3D9
{'$oid': '3ba6967b6f558d4cebbb396d'},Sham Shui Po,China Holiness College,中聖書院,DSS,Secondary,18 Wai Wai Road Sham Shui Po Kowloon,23864734,enquire@chc.edu.hk,Hong Kong,sch_detail.php?li_id=2&lang_id=1&chg_district_id=1&sch_id=457&return_page=sch_list.php%3Flang_id%3D1%26chg_district_id%3D1%26search_mode%3D%26frmMode%3Dpagebreak%26sort_id%3D-1%26district_id%3D9
{'$oid': '2ee9a4827e2c7837cc49ce59'},Sham Shui Po,CMA Secondary School,廠商會中學,Aided,Secondary,298 Nam Cheong Street Kowloon,27796851,school@cmass.edu.hk,Hong Kong,sch_detail.php?li_id=2&lang_id=1&chg_district_id=1&sch_id=39&return_page=sch_list.php%3Flang_id%3D1%26chg_district_id%3D1%26search_mode%3D%26frmMode%3Dpagebreak%26sort_id%3D-1%26district_id%3D9
{'$oid': '0e10f37ec3c26001bf32ef91'},Sham Shui Po,Delia Memorial School (Broadway),地利亞修女紀念學校（百老匯）,DSS,Secondary,80-86 Broadway Mei Foo Sun Chuen Kowloon,27422028,bw@deliagroup.edu.hk,Hong Kong,sch_detail.php?li_id=2&lang_id=1&chg_district_id=1&sch_id=56&return_page=sch_list.php%3Flang_id%3D1%26chg_district_id%3D1%26search_mode%3D%26frmMode%3Dpagebreak%26sort_id%3D-1%26district_id%3D9
{'$oid': '30ad41bf4e50f8c94737299b'},Sham Shui Po,Delia Memorial School (Glee Path),地利亞修女紀念學校（吉利徑）,DSS,Secondary,"1-3 Glee Path, Mei Foo Sun Chuen, KLN",27415239,gp@deliagroup.edu.hk,Hong Kong,sch_detail.php?li_id=2&lang_id=1&chg_district_id=1&sch_id=57&return_page=sch_list.php%3Flang_id%3D1%26chg_district_id%3D1%26search_mode%3D%26frmMode%3Dpagebreak%26sort_id%3D-1%26district_id%3D9
{'$oid': 'e38f87a067adb605a947aa9e'},Sham Shui Po,Heung To Middle School,香島中學,DSS,Secondary,"33 To Yuen Street, Yau Yat Chuen, Kowloon",27790182,schoolmail@heungto.edu.hk,Hong Kong,sch_detail.php?li_id=2&lang_id=1&chg_district_id=1&sch_id=359&return_page=sch_list.php%3Flang_id%3D1%26chg_district_id%3D1%26search_mode%3D%26frmMode%3Dpagebreak%26sort_id%3D-1%26district_id%3D9
{'$oid': '61e39cf167a0f142588e4755'},Sham Shui Po,Maryknoll Fathers' School,瑪利諾神父教會學校,Aided,Secondary,2 To Yuen Street Sham Shui Po,27775117,mail@mfs.edu.hk,Hong Kong,sch_detail.php?li_id=2&lang_id=1&chg_district_id=1&sch_id=212&return_page=sch_list.php%3Flang_id%3D1%26chg_district_id%3D1%26search_mode%3D%26frmMode%3Dpagebreak%26sort_id%3D-1%26district_id%3D9
{'$oid': 'd1f3dc77f5c7843744750870'},Sham Shui Po,St. Margaret's Co-Educational English Secondary and Primary School,聖瑪加利男女英文中小學,DSS,Secondary,"33 Sham Mong Road, West Kowloon",23966675,enquiry@smcesps.edu.hk,Hong Kong,sch_detail.php?li_id=2&lang_id=1&chg_district_id=1&sch_id=304&return_page=sch_list.php%3Flang_id%3D1%26chg_district_id%3D1%26search_mode%3D%26frmMode%3Dpagebreak%26sort_id%3D-1%26district_id%3D9
{'$oid': '2dc85e002fd00c675f2a0ed7'},Sham Shui Po,Tsung Tsin Christian Academy,基督教崇真中學,DSS,Secondary,"8 Lai Hong Street, Cheung Sha Wan",27288727,mail@ttca.edu.hk,Hong Kong,sch_detail.php?li_id=2&lang_id=1&chg_district_id=1&sch_id=133&return_page=sch_list.php%3Flang_id%3D1%26chg_district_id%3D1%26search_mode%3D%26frmMode%3Dpagebreak%26sort_id%3D-1%26district_id%3D9
{'$oid': '4bf7fcf7b1a49448caa931b3'},Sham Shui Po,TWGHs Chang Ming Thien College,東華三院張明添中學,Aided,Secondary,300 Nam Cheong Street Sham Shui Po,27792986,info@twghcmts.edu.hk,Hong Kong,sch_detail.php?li_id=2&lang_id=1&chg_district_id=1&sch_id=78&return_page=sch_list.php%3Flang_id%3D1%26chg_district_id%3D1%26search_mode%3D%26frmMode%3Dpagebreak%26sort_id%3D-1%26district_id%3D9
{'$oid': '631576e835bf360d0d8d7a57'},Sham Shui Po,United Christian College,滙基書院,CAPUT,Secondary,"11 Tong Yam Street, Tai Hang Tung KLN",27778344,ucc-mail@ucc.edu.hk,Hong Kong,sch_detail.php?li_id=2&lang_id=1&chg_district_id=1&sch_id=130&return_page=sch_list.php%3Flang_id%3D1%26chg_district_id%3D1%26search_mode%3D%26frmMode%3Dpagebreak%26sort_id%3D-1%26district_id%3D9
{'$oid': '8715c52e0911d50491633a4a'},Sham Shui Po,Ying Wa College,英華書院,DSS,Secondary,1 Ying Wa Street Shamshuipo,23368838,mail@yingwa.edu.hk,Hong Kong,sch_detail.php?li_id=2&lang_id=1&chg_district_id=1&sch_id=418&return_page=sch_list.php%3Flang_id%3D1%26chg_district_id%3D1%26search_mode%3D%26frmMode%3Dpagebreak%26sort_id%3D-1%26district_id%3D9
{'$oid': '95182d79c0e74634516e3fdf'},Yau Tsim Mong,CCC Ming Kei College,中華基督教會銘基書院,Aided,Secondary,16 Oak Street Tai Kok Tsui,23923963,cccmkc@cccmkc.edu.hk,Hong Kong,sch_detail.php?li_id=2&lang_id=1&chg_district_id=1&sch_id=448&return_page=sch_list.php%3Flang_id%3D1%26chg_district_id%3D1%26search_mode%3D%26frmMode%3Dpagebreak%26sort_id%3D-1%26district_id%3D9
{'$oid': '19dd454fa2ab1fd04e7f6e2f'},Kwai Tsing,CCC Yenching College,中華基督教會燕京書院,Aided,Secondary,12 Nga Ying Chau Street Tsing Yi New Territories,23879988,info@yenching.edu.hk,Hong Kong,sch_detail.php?li_id=2&lang_id=1&chg_district_id=1&sch_id=453&return_page=sch_list.php%3Flang_id%3D1%26chg_district_id%3D1%26search_mode%3D%26frmMode%3Dpagebreak%26sort_id%3D-1%26district_id%3D9
{'$oid': '28e2ec2b86d3e51b76b6873f'},Kwai Tsing,Ju Ching Chu Secondary School (Kwai Chung),裘錦秋中學（葵涌）,Aided,Secondary,1-11 On Chit Street Kwai Chung,24285858,mailbox@jccsskc.edu.hk,Hong Kong,sch_detail.php?li_id=2&lang_id=1&chg_district_id=1&sch_id=243&return_page=sch_list.php%3Flang_id%3D1%26chg_district_id%3D1%26search_mode%3D%26frmMode%3Dpagebreak%26sort_id%3D-1%26district_id%3D9
{'$oid': '5444e52d2a8c64b9c3c211a6'},Yau Tsim Mong,Kowloon Sam Yuk Secondary School,九龍三育中學,DSS,Secondary,"14 Sycamore Street, Tai Kok Tsui, KLN; 52 Boundary Street, Mongkok, KLN",23944081,school@ksyss.edu.hk,Hong Kong,sch_detail.php?li_id=2&lang_id=1&chg_district_id=1&sch_id=165&return_page=sch_list.php%3Flang_id%3D1%26chg_district_id%3D1%26search_mode%3D%26frmMode%3Dpagebreak%26sort_id%3D-1%26district_id%3D9
{'$oid': '36f193ffa943449e1e3e88e1'},Sha Tin,Lock Tao Secondary School,樂道中學,Aided,Secondary,Mei Lam Estate Shatin,26021000,school@locktao.edu.hk,Hong Kong,sch_detail.php?li_id=2&lang_id=1&chg_district_id=1&sch_id=180&return_page=sch_list.php%3Flang_id%3D1%26chg_district_id%3D1%26search_mode%3D%26frmMode%3Dpagebreak%26sort_id%3D-1%26district_id%3D9
{'$oid': 'c2ebe3283d2fd003aae1cdef'},Sha Tin,Pentecostal Lam Hon Kwong School,五旬節林漢光中學,Aided,Secondary,Yue Tin Court Shatin,26488291,office@lamhonkwong.edu.hk,Hong Kong,sch_detail.php?li_id=2&lang_id=1&chg_district_id=1&sch_id=352&return_page=sch_list.php%3Flang_id%3D1%26chg_district_id%3D1%26search_mode%3D%26frmMode%3Dpagebreak%26sort_id%3D-1%26district_id%3D9
{'$oid': 'e1e1e6dd65780864d773c2aa'},Sha Tin,Sha Tin Government Secondary School,沙田官立中學,Gov't,Secondary,11-17 Man Lai Road Shatin,26914744,stgss@stgss.edu.hk,Hong Kong,sch_detail.php?li_id=2&lang_id=1&chg_district_id=1&sch_id=263&return_page=sch_list.php%3Flang_id%3D1%26chg_district_id%3D1%26search_mode%3D%26frmMode%3Dpagebreak%26sort_id%3D-1%26district_id%3D9
{'$oid': '2207404d2ae97fb8a7e8bde9'},Sha Tin,Shatin Pui Ying College,沙田培英中學,Aided,Secondary,"9 Fung Shun Street, Wo Che Estate, Shatin, NT",26917217,info@pyc.edu.hk,Hong Kong,sch_detail.php?li_id=2&lang_id=1&chg_district_id=1&sch_id=264&return_page=sch_list.php%3Flang_id%3D1%26chg_district_id%3D1%26search_mode%3D%26frmMode%3Dpagebreak%26sort_id%3D-1%26district_id%3D9
{'$oid': '74e45160820c451703eabcfa'},Kwai Tsing,S.K.H. Lam Woo Memorial Secondary School,聖公會林護紀念中學,Aided,Secondary,397 Kwai Shing Circuit Kwai Chung,24208893,lwmss@lamwoo.edu.hk,Hong Kong,sch_detail.php?li_id=2&lang_id=1&chg_district_id=1&sch_id=288&return_page=sch_list.php%3Flang_id%3D1%26chg_district_id%3D1%26search_mode%3D%26frmMode%3Dpagebreak%26sort_id%3D-1%26district_id%3D9
{'$oid': '55b685b42a83cdcb163a04d2'},Yau Tsim Mong,True Light Girls' College,真光女書院,Aided,Secondary,54A Waterloo Road,23851491,mail@tlgc.edu.hk,Hong Kong,sch_detail.php?li_id=2&lang_id=1&chg_district_id=1&sch_id=431&return_page=sch_list.php%3Flang_id%3D1%26chg_district_id%3D1%26search_mode%3D%26frmMode%3Dpagebreak%26sort_id%3D-1%26district_id%3D9
{'$oid': 'afe053d9e964e12fb425d321'},Tsuen Wan,Tsuen Wan Government Secondary School,荃灣官立中學,Gov't,Secondary,70 Hoi Pa Street Tsuen Wan,24903307,twgss@edb.gov.hk,Hong Kong,sch_detail.php?li_id=2&lang_id=1&chg_district_id=1&sch_id=247&return_page=sch_list.php%3Flang_id%3D1%26chg_district_id%3D1%26search_mode%3D%26frmMode%3Dpagebreak%26sort_id%3D-1%26district_id%3D9
{'$oid': '5456346b052cffacda7f51d3'},Kwai Tsing,Tung Wah Group of Hospitals Mrs. Wu York Yu Memorial College,東華三院伍若瑜夫人紀念中學,Aided,Secondary,13-21 On Chit Street Kwai Chung,24285129,wyyss@tungwah.org.hk,Hong Kong,sch_detail.php?li_id=2&lang_id=1&chg_district_id=1&sch_id=76&return_page=sch_list.php%3Flang_id%3D1%26chg_district_id%3D1%26search_mode%3D%26frmMode%3Dpagebreak%26sort_id%3D-1%26district_id%3D9
{'$oid': '55ce7f298f47716c30735335'},Wong Tai Sin,Buddhist Hung Sean Chau Memorial College,佛教孔仙洲紀念中學,Aided,Secondary,10 Ping Ting Road Hammer Hill,23226915,info@bhscmc.edu.hk,Hong Kong,sch_detail.php?li_id=2&lang_id=1&chg_district_id=1&sch_id=100&return_page=sch_list.php%3Flang_id%3D1%26chg_district_id%3D1%26search_mode%3D%26frmMode%3Dpagebreak%26sort_id%3D-1%26district_id%3D10
{'$oid': '0722b6ec61ec9f74edb22b79'},Wong Tai Sin,Good Hope School,德望學校,DSS,Secondary,"303 Clear Water Bay Road, Kowloon",23210250,goodhope@ghs.edu.hk,Hong Kong,sch_detail.php?li_id=2&lang_id=1&chg_district_id=1&sch_id=50&return_page=sch_list.php%3Flang_id%3D1%26chg_district_id%3D1%26search_mode%3D%26frmMode%3Dpagebreak%26sort_id%3D-1%26district_id%3D10
{'$oid': 'c906d675fcd3ca81232831df'},Wong Tai Sin,Kit Sam Lam Bing Yim Secondary School,潔心林炳炎中學,Aided,Secondary,9 Fu Mei Street Wang Tau Hom,23379594,school@kitsam.edu.hk,Hong Kong,sch_detail.php?li_id=2&lang_id=1&chg_district_id=1&sch_id=158&return_page=sch_list.php%3Flang_id%3D1%26chg_district_id%3D1%26search_mode%3D%26frmMode%3Dpagebreak%26sort_id%3D-1%26district_id%3D10
{'$oid': '1c2cc3c9f882dad1361dd7dd'},Wong Tai Sin,Ng Wah Catholic Secondary School,天主教伍華中學,Aided,Secondary,"5 Choi Hung Road, San Po Kong, Kowloon",23838077,school@ngwahsec.edu.hk,Hong Kong,sch_detail.php?li_id=2&lang_id=1&chg_district_id=1&sch_id=342&return_page=sch_list.php%3Flang_id%3D1%26chg_district_id%3D1%26search_mode%3D%26frmMode%3Dpagebreak%26sort_id%3D-1%26district_id%3D10
{'$oid': '0844f203194d9911619f3bf6'},Wong Tai Sin,PHC Wing Kwong College,五旬節聖潔會永光書院,Aided,Secondary,155 Lung Cheung Road Wang Tau Hom,23370137,webmaster@wingkwong.edu.hk,Hong Kong,sch_detail.php?li_id=2&lang_id=1&chg_district_id=1&sch_id=353&return_page=sch_list.php%3Flang_id%3D1%26chg_district_id%3D1%26search_mode%3D%26frmMode%3Dpagebreak%26sort_id%3D-1%26district_id%3D10
{'$oid': '027e128276ae15268a41cf00'},Sha Tin,Kwok Tak Seng Catholic Secondary School,天主教郭得勝中學,Aided,Secondary,Chun Shek Estate Shatin,26059033,info@ktscss.edu.hk,Hong Kong,sch_detail.php?li_id=2&lang_id=1&chg_district_id=1&sch_id=336&return_page=sch_list.php%3Flang_id%3D1%26chg_district_id%3D1%26search_mode%3D%26frmMode%3Dpagebreak%26sort_id%3D-1%26district_id%3D10
{'$oid': 'd8b577821a4b7e7e58ef298d'},Sha Tin,Ma On Shan Tsung Tsin Secondary School,馬鞍山崇真中學,Aided,Secondary,"5 Hang Shun Street, Ma On Shan, Shatin, N.T.",26404938,mosttss@mosttss.edu.hk,Hong Kong,sch_detail.php?li_id=2&lang_id=1&chg_district_id=1&sch_id=207&return_page=sch_list.php%3Flang_id%3D1%26chg_district_id%3D1%26search_mode%3D%26frmMode%3Dpagebreak%26sort_id%3D-1%26district_id%3D10
{'$oid': 'dc4651e9d61aab557ade62fa'},Yau Tsim Mong,Diocesan Girls' School,拔萃女書院,DSS,Secondary,"1 Jordan Road, Kowloon",22779100,info@dgs.edu.hk,Hong Kong,sch_detail.php?li_id=2&lang_id=1&chg_district_id=1&sch_id=3&return_page=sch_list.php%3Flang_id%3D1%26chg_district_id%3D1%26search_mode%3D%26frmMode%3Dpagebreak%26sort_id%3D-1%26district_id%3D11
{'$oid': 'ab938ba5b86ee7a69567ad95'},Yau Tsim Mong,HKMA David Li Kwok Po College,香港管理專業協會李國寶中學,DSS,Secondary,8 Hoi Wang Road Mongkok (West),26269100,college@hkmadavidli.edu.hk,Hong Kong,sch_detail.php?li_id=2&lang_id=1&chg_district_id=1&sch_id=367&return_page=sch_list.php%3Flang_id%3D1%26chg_district_id%3D1%26search_mode%3D%26frmMode%3Dpagebreak%26sort_id%3D-1%26district_id%3D11
{'$oid': 'e4c80f949b37ce91e34c8bf8'},Sha Tin,Po Leung Kuk Wu Chung College,保良局胡忠中學,Aided,Secondary,"Heng On Estate, 1 Hang Kam Street, Ma On Shan, Shatin, N.T.",26415866,school@plkwcc.edu.hk,Hong Kong,sch_detail.php?li_id=2&lang_id=1&chg_district_id=1&sch_id=10&return_page=sch_list.php%3Flang_id%3D1%26chg_district_id%3D1%26search_mode%3D%26frmMode%3Dpagebreak%26sort_id%3D-1%26district_id%3D11
{'$oid': '29858a432d68272245a9d7cf'},North,Caritas Fanling Chan Chun Ha Secondary School,明愛粉嶺陳震夏中學,Aided,Secondary,28 San Wan Road Fanling,26699966,cfs@cfs.edu.hk,Hong Kong,sch_detail.php?li_id=2&lang_id=1&chg_district_id=1&sch_id=222&return_page=sch_list.php%3Flang_id%3D1%26chg_district_id%3D1%26search_mode%3D%26frmMode%3Dpagebreak%26sort_id%3D-1%26district_id%3D12
{'$oid': 'daef0894a2041c7b92d42e08'},North,CCC Kei San Secondary School,中華基督教會基新中學,Aided,Secondary,"8 Wu Tip Shan Road, Fanling, N.T.",26693906,mail@ks.edu.hk,Hong Kong,sch_detail.php?li_id=2&lang_id=1&chg_district_id=1&sch_id=444&return_page=sch_list.php%3Flang_id%3D1%26chg_district_id%3D1%26search_mode%3D%26frmMode%3Dpagebreak%26sort_id%3D-1%26district_id%3D12
{'$oid': 'e6cc220524ddaa33aa935679'},North,Christian Alliance S W Chan Memorial College,宣道會陳朱素華紀念中學,Aided,Secondary,"12, Fai Ming Road, Fanling",26709229,school@caswcmc.edu.hk,Hong Kong,sch_detail.php?li_id=2&lang_id=1&chg_district_id=1&sch_id=409&return_page=sch_list.php%3Flang_id%3D1%26chg_district_id%3D1%26search_mode%3D%26frmMode%3Dpagebreak%26sort_id%3D-1%26district_id%3D12
{'$oid': 'b159c8dcf97df6d7a2ae9ef0'},North,De La Salle Secondary School NT,新界喇沙中學,Aided,Secondary,Kam Tsin Village Sheung Shui,26700443,email@delasalle.edu.hk,Hong Kong,sch_detail.php?li_id=2&lang_id=1&chg_district_id=1&sch_id=402&return_page=sch_list.php%3Flang_id%3D1%26chg_district_id%3D1%26search_mode%3D%26frmMode%3Dpagebreak%26sort_id%3D-1%26district_id%3D12
{'$oid': '0170653f5bec539f3e9cdbf1'},North,Elegantia College (Sponsored by Education Convergence),風采中學（教育評議會主辦）,Aided,Secondary,"8, Ching Shing Road, Sheung Shui",24683680,ec-mail@hkedcity.net,Hong Kong,sch_detail.php?li_id=2&lang_id=1&chg_district_id=1&sch_id=87&return_page=sch_list.php%3Flang_id%3D1%26chg_district_id%3D1%26search_mode%3D%26frmMode%3Dpagebreak%26sort_id%3D-1%26district_id%3D12
{'$oid': '79cae30043cba1900f173187'},North,Fanling Government Secondary School,粉嶺官立中學,Gov't,Secondary,27 Yat Ming Road Fanling,26776778,fgss@edb.gov.hk,Hong Kong,sch_detail.php?li_id=2&lang_id=1&chg_district_id=1&sch_id=84&return_page=sch_list.php%3Flang_id%3D1%26chg_district_id%3D1%26search_mode%3D%26frmMode%3Dpagebreak%26sort_id%3D-1%26district_id%3D12
{'$oid': 'ab0de0f5755cc21c1902a41e'},North,Fanling Kau Yan College,粉嶺救恩書院,Aided,Secondary,3 Yan Shing Lane Fanling,26608405,info@fkyc.edu.hk,Hong Kong,sch_detail.php?li_id=2&lang_id=1&chg_district_id=1&sch_id=85&return_page=sch_list.php%3Flang_id%3D1%26chg_district_id%3D1%26search_mode%3D%26frmMode%3Dpagebreak%26sort_id%3D-1%26district_id%3D12
{'$oid': 'a6b111d4909e099f12d8d11e'},North,Fanling Lutheran Secondary School,基督教香港信義會心誠中學,DSS,Secondary,270 Jockey Club Road Fanling,26700541,flss@flss.edu.hk,Hong Kong,sch_detail.php?li_id=2&lang_id=1&chg_district_id=1&sch_id=137&return_page=sch_list.php%3Flang_id%3D1%26chg_district_id%3D1%26search_mode%3D%26frmMode%3Dpagebreak%26sort_id%3D-1%26district_id%3D12
{'$oid': 'bb374edc5eef0b4cb5e26e82'},North,Fanling Rhenish Church Secondary School,粉嶺禮賢會中學,Aided,Secondary,"1 Luen Yick Street, Luen Wo Market, Fanling, NT",29473698,mail@frcss.edu.hk,Hong Kong,sch_detail.php?li_id=2&lang_id=1&chg_district_id=1&sch_id=86&return_page=sch_list.php%3Flang_id%3D1%26chg_district_id%3D1%26search_mode%3D%26frmMode%3Dpagebreak%26sort_id%3D-1%26district_id%3D12
{'$oid': 'e1a6ba221af87a11453aaabf'},North,Fung Kai Liu Man Shek Tong Secondary School,鳳溪廖萬石堂中學,Aided,Secondary,6 Fung Nam Road Sheung Shui,26736106,info@fklmstss.edu.hk,Hong Kong,sch_detail.php?li_id=2&lang_id=1&chg_district_id=1&sch_id=89&return_page=sch_list.php%3Flang_id%3D1%26chg_district_id%3D1%26search_mode%3D%26frmMode%3Dpagebreak%26sort_id%3D-1%26district_id%3D12
{'$oid': '4f14fc111f8e49e5c6e3d52e'},North,Fung Kai No. 1 Secondary School,鳳溪第一中學,Aided,Secondary,17 Jockey Club Road Sheung Shui,26700366,fk1ss@fk1ss.edu.hk,Hong Kong,sch_detail.php?li_id=2&lang_id=1&chg_district_id=1&sch_id=88&return_page=sch_list.php%3Flang_id%3D1%26chg_district_id%3D1%26search_mode%3D%26frmMode%3Dpagebreak%26sort_id%3D-1%26district_id%3D12
{'$oid': '1e73b389459b4ff76bc8a68c'},North,HHCKLA Buddhist Ma Kam Chan Memorial English Secondary School,香海正覺蓮社佛教馬錦燦紀念英文中學,Aided,Secondary,Luen Wo Market 9 Luen Yick Street NT,26699208,info@bmkc.edu.hk,Hong Kong,sch_detail.php?li_id=2&lang_id=1&chg_district_id=1&sch_id=397&return_page=sch_list.php%3Flang_id%3D1%26chg_district_id%3D1%26search_mode%3D%26frmMode%3Dpagebreak%26sort_id%3D-1%26district_id%3D12
{'$oid': '4211107225d7441069aa7e2c'},North,Hong Kong Taoist Association Tang Hin Memorial Secondary School,香港道教聯合會鄧顯紀念中學,Aided,Secondary,"Choi Yuen Estate, Sheung Shui, N.T.",26726820,school@tanghin.edu.hk,Hong Kong,sch_detail.php?li_id=2&lang_id=1&chg_district_id=1&sch_id=361&return_page=sch_list.php%3Flang_id%3D1%26chg_district_id%3D1%26search_mode%3D%26frmMode%3Dpagebreak%26sort_id%3D-1%26district_id%3D12
{'$oid': '0d3fe09325dc7038edb96717'},North,Po Leung Kuk Ma Kam Ming College,保良局馬錦明中學,Aided,Secondary,"38 Wah Ming Road, Fanling, New Territories",26794545,info@plkmkmc.edu.hk,Hong Kong,sch_detail.php?li_id=2&lang_id=1&chg_district_id=1&sch_id=16&return_page=sch_list.php%3Flang_id%3D1%26chg_district_id%3D1%26search_mode%3D%26frmMode%3Dpagebreak%26sort_id%3D-1%26district_id%3D12
{'$oid': '6a04e996a291670ddca533c5'},North,Sheung Shui Government Secondary School,上水官立中學,Gov't,Secondary,21 Pak Wo Road Sheung Shui New Territories,26680628,ssgss@edb.gov.hk,Hong Kong,sch_detail.php?li_id=2&lang_id=1&chg_district_id=1&sch_id=267&return_page=sch_list.php%3Flang_id%3D1%26chg_district_id%3D1%26search_mode%3D%26frmMode%3Dpagebreak%26sort_id%3D-1%26district_id%3D12
{'$oid': 'bde460dd42c5a86982901832'},North,S.K.H. Chan Young Secondary School,聖公會陳融中學,Aided,Secondary,6 Chi Cheong Road Sheung Shui,26718989,info@skhcyss.edu.hk,Hong Kong,sch_detail.php?li_id=2&lang_id=1&chg_district_id=1&sch_id=282&return_page=sch_list.php%3Flang_id%3D1%26chg_district_id%3D1%26search_mode%3D%26frmMode%3Dpagebreak%26sort_id%3D-1%26district_id%3D12
{'$oid': 'b23fd94de0c7f16a38106769'},North,St. Francis of Assisi's College,聖芳濟各書院,Aided,Secondary,"1 Yan Shing Lane, Fanling",26779702,principal@sfac.edu.hk,Hong Kong,sch_detail.php?li_id=2&lang_id=1&chg_district_id=1&sch_id=278&return_page=sch_list.php%3Flang_id%3D1%26chg_district_id%3D1%26search_mode%3D%26frmMode%3Dpagebreak%26sort_id%3D-1%26district_id%3D12
{'$oid': 'a8db198044c1be15ab3e0763'},North,Tin Ka Ping Secondary School,田家炳中學,Aided,Secondary,1 Wai Hon Road Fanling,26731778,tkpss@web.tkpss.edu.hk,Hong Kong,sch_detail.php?li_id=2&lang_id=1&chg_district_id=1&sch_id=344&return_page=sch_list.php%3Flang_id%3D1%26chg_district_id%3D1%26search_mode%3D%26frmMode%3Dpagebreak%26sort_id%3D-1%26district_id%3D12
{'$oid': '5b4556d19fc5730a7b852af9'},North,TWGHs Kap Yan Directors' College,東華三院甲寅年總理中學,Aided,Secondary,Choi Yuen Estate Sheung Shui,26727395,mail@twghkyds.edu.hk,Hong Kong,sch_detail.php?li_id=2&lang_id=1&chg_district_id=1&sch_id=66&return_page=sch_list.php%3Flang_id%3D1%26chg_district_id%3D1%26search_mode%3D%26frmMode%3Dpagebreak%26sort_id%3D-1%26district_id%3D12
{'$oid': 'c5e2b30f43ea3072b03cfac8'},North,TWGHs Li Ka Shing College,東華三院李嘉誠中學,Aided,Secondary,Cheung Wah Estate Fanling,26697455,lksss@tungwah.org.hk,Hong Kong,sch_detail.php?li_id=2&lang_id=1&chg_district_id=1&sch_id=68&return_page=sch_list.php%3Flang_id%3D1%26chg_district_id%3D1%26search_mode%3D%26frmMode%3Dpagebreak%26sort_id%3D-1%26district_id%3D12
{'$oid': '8781bd55915117e17cee3bfe'},Tai Po,Assembly of God Hebron Secondary School,神召會康樂中學,Aided,Secondary,Po Nga Court Tai Po,26520698,aoghsspchk@yahoo.com.hk,Hong Kong,sch_detail.php?li_id=2&lang_id=1&chg_district_id=1&sch_id=271&return_page=sch_list.php%3Flang_id%3D1%26chg_district_id%3D1%26search_mode%3D%26frmMode%3Dpagebreak%26sort_id%3D-1%26district_id%3D12
{'$oid': 'a87e85d177bbdcdbd5358db4'},Yuen Long,Bethel High School,伯特利中學,Aided,Secondary,"11, 4th Street, Section F, Fairview Park, Yuen Long, N.T.",24712622,bhsmail@bethel.edu.hk,Hong Kong,sch_detail.php?li_id=2&lang_id=1&chg_district_id=1&sch_id=30&return_page=sch_list.php%3Flang_id%3D1%26chg_district_id%3D1%26search_mode%3D%26frmMode%3Dpagebreak%26sort_id%3D-1%26district_id%3D12
{'$oid': '5611c7e3f4c1d24e57cca387'},Yuen Long,Buddhist Mau Fung Memorial College,佛教茂峰法師紀念中學,Aided,Secondary,"18 Tin Pak Road, Tin Shui Wai NT",24457171,info@bmf.edu.hk,Hong Kong,sch_detail.php?li_id=2&lang_id=1&chg_district_id=1&sch_id=101&return_page=sch_list.php%3Flang_id%3D1%26chg_district_id%3D1%26search_mode%3D%26frmMode%3Dpagebreak%26sort_id%3D-1%26district_id%3D12
{'$oid': 'fd24185334cf979471ff4c5c'},Tai Po,Buddhist Tai Kwong Chi Hong College,佛教大光慈航中學,Aided,Secondary,4 Chui Yi Street Tai Po,26640833,btc@btkchc.edu.hk,Hong Kong,sch_detail.php?li_id=2&lang_id=1&chg_district_id=1&sch_id=90&return_page=sch_list.php%3Flang_id%3D1%26chg_district_id%3D1%26search_mode%3D%26frmMode%3Dpagebreak%26sort_id%3D-1%26district_id%3D12
{'$oid': '6b424d3c3bf358156c934de2'},Yuen Long,Caritas Yuen Long Chan Chun Ha Secondary School,明愛元朗陳震夏中學,Aided,Secondary,66 Sai Yu Street Yuen Long,24755432,cyshk@cys.edu.hk,Hong Kong,sch_detail.php?li_id=2&lang_id=1&chg_district_id=1&sch_id=228&return_page=sch_list.php%3Flang_id%3D1%26chg_district_id%3D1%26search_mode%3D%26frmMode%3Dpagebreak%26sort_id%3D-1%26district_id%3D12
{'$oid': '182c6107f57e2e97814fec21'},Tai Po,Carmel Holy Word Secondary School,迦密聖道中學,Aided,Secondary,10 Tai Po Tai Wo Road,26539786,mail@chw.edu.hk,Hong Kong,sch_detail.php?li_id=2&lang_id=1&chg_district_id=1&sch_id=146&return_page=sch_list.php%3Flang_id%3D1%26chg_district_id%3D1%26search_mode%3D%26frmMode%3Dpagebreak%26sort_id%3D-1%26district_id%3D12
{'$oid': '01216820a22023dba4a6206f'},Tai Po,Carmel Pak U Secondary School,迦密柏雨中學,Aided,Secondary,"Estate Secondary School No. 1, Tai Yuen Estate, Tai Po, N.T.",26650078,cpu@cpu.edu.hk,Hong Kong,sch_detail.php?li_id=2&lang_id=1&chg_district_id=1&sch_id=145&return_page=sch_list.php%3Flang_id%3D1%26chg_district_id%3D1%26search_mode%3D%26frmMode%3Dpagebreak%26sort_id%3D-1%26district_id%3D12
{'$oid': 'd64e0efdcb61bcb82848fb18'},Yuen Long,CCC Fong Yun Wah Secondary School,中華基督教會方潤華中學,Aided,Secondary,"6 Tin Yip Road, Tin Shui Wai, Yuen Long",24455833,info@fywss.edu.hk,Hong Kong,sch_detail.php?li_id=2&lang_id=1&chg_district_id=1&sch_id=435&return_page=sch_list.php%3Flang_id%3D1%26chg_district_id%3D1%26search_mode%3D%26frmMode%3Dpagebreak%26sort_id%3D-1%26district_id%3D12
{'$oid': '3a786e256e93527ec7395b05'},Tai Po,CCC Fung Leung Kit Memorial Secondary School,中華基督教會馮梁結紀念中學,Aided,Secondary,22 Plover Cove Road Tai Po,26516033,info@flk.edu.hk,Hong Kong,sch_detail.php?li_id=2&lang_id=1&chg_district_id=1&sch_id=436&return_page=sch_list.php%3Flang_id%3D1%26chg_district_id%3D1%26search_mode%3D%26frmMode%3Dpagebreak%26sort_id%3D-1%26district_id%3D12
{'$oid': '96a60e476a6b43c719defb61'},Yuen Long,CCC Kei Long College,中華基督教會基朗中學,Aided,Secondary,8 Fung Yau Street South Yuen Long,24754781,mailbox@keilong.edu.hk,Hong Kong,sch_detail.php?li_id=2&lang_id=1&chg_district_id=1&sch_id=442&return_page=sch_list.php%3Flang_id%3D1%26chg_district_id%3D1%26search_mode%3D%26frmMode%3Dpagebreak%26sort_id%3D-1%26district_id%3D12
{'$oid': 'ec2141f1d426a58028ace604'},Yuen Long,CCC Kei Yuen College,中華基督教會基元中學,Aided,Secondary,Fung Yau Street East Yuen Long,24750331,mail@ccckyc.edu.hk,Hong Kong,sch_detail.php?li_id=2&lang_id=1&chg_district_id=1&sch_id=445&return_page=sch_list.php%3Flang_id%3D1%26chg_district_id%3D1%26search_mode%3D%26frmMode%3Dpagebreak%26sort_id%3D-1%26district_id%3D12
{'$oid': '0a6e18c7ce4602a9be52f1ba'},Tai Po,China Holiness Church Living Spirit College,中華聖潔會靈風中學,Aided,Secondary,1 Tung Leung Lane Tai Po,29589694,lsc@lsc.edu.hk,Hong Kong,sch_detail.php?li_id=2&lang_id=1&chg_district_id=1&sch_id=456&return_page=sch_list.php%3Flang_id%3D1%26chg_district_id%3D1%26search_mode%3D%26frmMode%3Dpagebreak%26sort_id%3D-1%26district_id%3D12
{'$oid': '115088192389136b190397eb'},Yuen Long,Chiu Lut Sau Memorial Secondary School,趙聿修紀念中學,Gov't,Secondary,7 Tai Yuk Road Yuen Long,24778237,clsmss@edb.gov.hk,Hong Kong,sch_detail.php?li_id=2&lang_id=1&chg_district_id=1&sch_id=430&return_page=sch_list.php%3Flang_id%3D1%26chg_district_id%3D1%26search_mode%3D%26frmMode%3Dpagebreak%26sort_id%3D-1%26district_id%3D12
{'$oid': 'bd776129a518015c82941c0d'},Tai Po,Confucian Tai Shing Ho Kwok Pui Chun College,孔教學院大成何郭佩珍中學,Aided,Secondary,Area 17 Fu Shin Estate Tai Po,26665926,info@ctshkpcc.net,Hong Kong,sch_detail.php?li_id=2&lang_id=1&chg_district_id=1&sch_id=173&return_page=sch_list.php%3Flang_id%3D1%26chg_district_id%3D1%26search_mode%3D%26frmMode%3Dpagebreak%26sort_id%3D-1%26district_id%3D12
{'$oid': '085658e5eb2cc468b5c7e447'},Yuen Long,CUHK FAA Thomas Cheung Secondary School,香港中文大學校友會聯會張煊昌中學,Aided,Secondary,"Tin Shui Estate, Tin Shui Wai, Yuen Long, NT",24483111,info@tcss.edu.hk,Hong Kong,sch_detail.php?li_id=2&lang_id=1&chg_district_id=1&sch_id=393&return_page=sch_list.php%3Flang_id%3D1%26chg_district_id%3D1%26search_mode%3D%26frmMode%3Dpagebreak%26sort_id%3D-1%26district_id%3D12
{'$oid': '462ddbb47a3e44fd9f456fc5'},Yuen Long,Cumberland Presbyterian Church Yao Dao Secondary School,金巴崙長老會耀道中學,Aided,Secondary,28 Hong Yip Street Yuen Long,24730777,info@cpcydss.edu.hk,Hong Kong,sch_detail.php?li_id=2&lang_id=1&chg_district_id=1&sch_id=159&return_page=sch_list.php%3Flang_id%3D1%26chg_district_id%3D1%26search_mode%3D%26frmMode%3Dpagebreak%26sort_id%3D-1%26district_id%3D12
{'$oid': 'bd7efb490a22ee99749fa2de'},Yuen Long,Gertrude Simon Lutheran College,路德會西門英才中學,Aided,Secondary,1 Town Park Road North Yuen Long,24782424,schooladmin@mail.gslc.edu.hk,Hong Kong,sch_detail.php?li_id=2&lang_id=1&chg_district_id=1&sch_id=203&return_page=sch_list.php%3Flang_id%3D1%26chg_district_id%3D1%26search_mode%3D%26frmMode%3Dpagebreak%26sort_id%3D-1%26district_id%3D12
{'$oid': '7a66ab9dd88dfd8d6aff76fb'},Yuen Long,Heung To Middle School (Tin Shui Wai),天水圍香島中學,DSS,Secondary,"8, Tin Fai Road, Tin Shui Wai, Yuen Long, N.T.",26500016,mail@heungto.net,Hong Kong,sch_detail.php?li_id=2&lang_id=1&chg_district_id=1&sch_id=332&return_page=sch_list.php%3Flang_id%3D1%26chg_district_id%3D1%26search_mode%3D%26frmMode%3Dpagebreak%26sort_id%3D-1%26district_id%3D12
{'$oid': '7cffee5590fa7bc2d8ea0335'},Tai Po,HK & KLN Kaifong Women's Association Sun Fong Chung College,港九街坊婦女會孫方中書院,Aided,Secondary,"4643 Tai Po Road, Tai Po Kau Tai Po",26567123,info@sunfc.edu.hk,Hong Kong,sch_detail.php?li_id=2&lang_id=1&chg_district_id=1&sch_id=113&return_page=sch_list.php%3Flang_id%3D1%26chg_district_id%3D1%26search_mode%3D%26frmMode%3Dpagebreak%26sort_id%3D-1%26district_id%3D12
{'$oid': '07655b21b063d46e2d5c79b5'},Yuen Long,Ho Dao College (Sponsored by Sik Sik Yuen),可道中學（嗇色園主辦）,Aided,Secondary,"11 Hung Shun Road, Hung Shui Kiu, Yuen Long, N.T.",24799885,mail@hodao.edu.hk,Hong Kong,sch_detail.php?li_id=2&lang_id=1&chg_district_id=1&sch_id=170&return_page=sch_list.php%3Flang_id%3D1%26chg_district_id%3D1%26search_mode%3D%26frmMode%3Dpagebreak%26sort_id%3D-1%26district_id%3D12
{'$oid': 'e1ba2bb83421922a1c942904'},Tai Po,Hong Kong Red Swastika Society Tai Po Secondary School,香港紅卍字會大埔卍慈中學,Aided,Secondary,Fu Heng Estate Tai Po,26666821,info@hkrsstpss.edu.hk,Hong Kong,sch_detail.php?li_id=2&lang_id=1&chg_district_id=1&sch_id=370&return_page=sch_list.php%3Flang_id%3D1%26chg_district_id%3D1%26search_mode%3D%26frmMode%3Dpagebreak%26sort_id%3D-1%26district_id%3D12
{'$oid': 'ad68b52c428ab2c3e270861d'},Tai Po,Hong Kong Taoist Association The Yuen Yuen Institute No. 2 Secondary Sch.,香港道教聯合會圓玄學院第二中學,Aided,Secondary,Fu Shin Estate Tai Po,26616038,enquiry@yy2.edu.hk,Hong Kong,sch_detail.php?li_id=2&lang_id=1&chg_district_id=1&sch_id=363&return_page=sch_list.php%3Flang_id%3D1%26chg_district_id%3D1%26search_mode%3D%26frmMode%3Dpagebreak%26sort_id%3D-1%26district_id%3D12
{'$oid': '91a457f1b2329423e4169836'},Tai Po,Hong Kong Teachers' Association Lee Heng Kwei Secondary School,香港教師會李興貴中學,Aided,Secondary,Wan Tau Tong Estate Tai Po,26317556,info@hktalhk.edu.hk,Hong Kong,sch_detail.php?li_id=2&lang_id=1&chg_district_id=1&sch_id=373&return_page=sch_list.php%3Flang_id%3D1%26chg_district_id%3D1%26search_mode%3D%26frmMode%3Dpagebreak%26sort_id%3D-1%26district_id%3D12
{'$oid': '4d136c9f709868223e5cee20'},Yuen Long,Ju Ching Chu Secondary School (Yuen Long),裘錦秋中學（元朗）,Aided,Secondary,"5 Tin Wu Road Tin Shui Wai, Yuen Long",24450228,enquiry@jccssyl.edu.hk,Hong Kong,sch_detail.php?li_id=2&lang_id=1&chg_district_id=1&sch_id=245&return_page=sch_list.php%3Flang_id%3D1%26chg_district_id%3D1%26search_mode%3D%26frmMode%3Dpagebreak%26sort_id%3D-1%26district_id%3D12
{'$oid': '43f84ad4394d0a980cd71e6a'},Tai Po,Kau Yan College,救恩書院,Aided,Secondary,"Fu Shin Estate, Tai Po, N.T.",26608308,mail@kyc.edu.hk,Hong Kong,sch_detail.php?li_id=2&lang_id=1&chg_district_id=1&sch_id=168&return_page=sch_list.php%3Flang_id%3D1%26chg_district_id%3D1%26search_mode%3D%26frmMode%3Dpagebreak%26sort_id%3D-1%26district_id%3D12
{'$oid': '1975c2556d27c619d3bf3c80'},Tai Po,Ling Liang Church M H Lau Secondary School,靈糧堂劉梅軒中學,Aided,Secondary,3 Yung Yi Road Tai Po,26531234,school@llcmhlau.edu.hk,Hong Kong,sch_detail.php?li_id=2&lang_id=1&chg_district_id=1&sch_id=195&return_page=sch_list.php%3Flang_id%3D1%26chg_district_id%3D1%26search_mode%3D%26frmMode%3Dpagebreak%26sort_id%3D-1%26district_id%3D12
{'$oid': 'f3e26a7ceb33663937d0a8f7'},Tai Po,N.T. Heung Yee Kuk Tai Po District Secondary School,新界鄉議局大埔區中學,Gov't,Secondary,Tai Yuen Estate Tai Po,26643032,nthyktpdss@edb.gov.hk,Hong Kong,sch_detail.php?li_id=2&lang_id=1&chg_district_id=1&sch_id=404&return_page=sch_list.php%3Flang_id%3D1%26chg_district_id%3D1%26search_mode%3D%26frmMode%3Dpagebreak%26sort_id%3D-1%26district_id%3D12
{'$oid': '862fcbc6355a82fdb14b18ce'},Yuen Long,N.T. Heung Yee Kuk Yuen Long District Secondary School,新界鄉議局元朗區中學,Gov't,Secondary,"123 Kau Yuk Road, Yuen Long, N.T.",24766226,nthykyldss@edb.gov.hk,Hong Kong,sch_detail.php?li_id=2&lang_id=1&chg_district_id=1&sch_id=405&return_page=sch_list.php%3Flang_id%3D1%26chg_district_id%3D1%26search_mode%3D%26frmMode%3Dpagebreak%26sort_id%3D-1%26district_id%3D12
{'$oid': '1237f1d493834acb1a02e683'},Yuen Long,Pok Oi Hospital Tang Pui King Memorial College,博愛醫院鄧佩瓊紀念中學,Aided,Secondary,"Phase III, Long Ping Estate Yuen Long",24741576,pohtpkmc@tpk.edu.hk,Hong Kong,sch_detail.php?li_id=2&lang_id=1&chg_district_id=1&sch_id=33&return_page=sch_list.php%3Flang_id%3D1%26chg_district_id%3D1%26search_mode%3D%26frmMode%3Dpagebreak%26sort_id%3D-1%26district_id%3D12
{'$oid': '33f51c9c54b892804db2f6a1'},Yuen Long,Pui Shing Catholic Secondary School,天主教培聖中學,Aided,Secondary,"9 Tin Ho Road, Tin Shui Wai, Yuen Long, N.T.",24450800,info@puishing.edu.hk,Hong Kong,sch_detail.php?li_id=2&lang_id=1&chg_district_id=1&sch_id=340&return_page=sch_list.php%3Flang_id%3D1%26chg_district_id%3D1%26search_mode%3D%26frmMode%3Dpagebreak%26sort_id%3D-1%26district_id%3D12
{'$oid': '8cd5e25d1f83df79d49ea8fe'},Yuen Long,Queen Elizabeth School Old Students' Association Secondary School,伊利沙伯中學舊生會中學,Aided,Secondary,"18, Tin Shing Road, Tin Shui Wai, Yuen Long",23386122,info@qos.edu.hk,Hong Kong,sch_detail.php?li_id=2&lang_id=1&chg_district_id=1&sch_id=415&return_page=sch_list.php%3Flang_id%3D1%26chg_district_id%3D1%26search_mode%3D%26frmMode%3Dpagebreak%26sort_id%3D-1%26district_id%3D12
{'$oid': '2aa345f076f3d247e5fc7901'},Yuen Long,Queen Elizabeth School Old Students' Association Tong Kwok Wah Sec. Sch.,伊利沙伯中學舊生會湯國華中學,Aided,Secondary,57 Tin Wah Road NT,26175000,info@qts.edu.hk,Hong Kong,sch_detail.php?li_id=2&lang_id=1&chg_district_id=1&sch_id=414&return_page=sch_list.php%3Flang_id%3D1%26chg_district_id%3D1%26search_mode%3D%26frmMode%3Dpagebreak%26sort_id%3D-1%26district_id%3D12
{'$oid': '3d3c5867afea7b4c26d459a9'},Tai Po,SALEM-Immanuel Lutheran College,南亞路德會沐恩中學,Aided,Secondary,Tai Yuen Estate Tai Po,26673129,info@ilc.edu.hk,Hong Kong,sch_detail.php?li_id=2&lang_id=1&chg_district_id=1&sch_id=232&return_page=sch_list.php%3Flang_id%3D1%26chg_district_id%3D1%26search_mode%3D%26frmMode%3Dpagebreak%26sort_id%3D-1%26district_id%3D12
{'$oid': '00a3b392e6a131de4612443f'},Yuen Long,Shun Tak Fraternal Association Yung Yau College,順德聯誼總會翁祐中學,Aided,Secondary,Tin Heng Estate Tin Shui Wai Yuen Long NT,31570632,info@stfa-yyc.edu.hk,Hong Kong,sch_detail.php?li_id=2&lang_id=1&chg_district_id=1&sch_id=326&return_page=sch_list.php%3Flang_id%3D1%26chg_district_id%3D1%26search_mode%3D%26frmMode%3Dpagebreak%26sort_id%3D-1%26district_id%3D12
{'$oid': '306b2a7027e6b5d52b942c68'},Yuen Long,Shung Tak Catholic English College,天主教崇德英文書院,Aided,Secondary,"1, Hung Tak Road, Hung Shui Kiu, Yuen Long",24764263,mail@stc.edu.hk,Hong Kong,sch_detail.php?li_id=2&lang_id=1&chg_district_id=1&sch_id=334&return_page=sch_list.php%3Flang_id%3D1%26chg_district_id%3D1%26search_mode%3D%26frmMode%3Dpagebreak%26sort_id%3D-1%26district_id%3D12
{'$oid': '3422aad529eee740070e47d3'},Yuen Long,S.K.H. Bishop Baker Secondary School,聖公會白約翰會督中學,Aided,Secondary,"10, Fung Yau Street South Yuen Long",24754778,info@skhbbss.edu.hk,Hong Kong,sch_detail.php?li_id=2&lang_id=1&chg_district_id=1&sch_id=280&return_page=sch_list.php%3Flang_id%3D1%26chg_district_id%3D1%26search_mode%3D%26frmMode%3Dpagebreak%26sort_id%3D-1%26district_id%3D12
{'$oid': '72fa5811ccd506006dddd5db'},Tai Po,SKH Bishop Mok Sau Tseng Secondary School,聖公會莫壽增會督中學,Aided,Secondary,26 Wan Tau Kok Lane Tai Po,26567804,info@mst.edu.hk,Hong Kong,sch_detail.php?li_id=2&lang_id=1&chg_district_id=1&sch_id=291&return_page=sch_list.php%3Flang_id%3D1%26chg_district_id%3D1%26search_mode%3D%26frmMode%3Dpagebreak%26sort_id%3D-1%26district_id%3D12
{'$oid': 'ea622ddb7fb6fba000a26613'},Yuen Long,SPHRC Kung Yik She Secondary School,十八鄉鄉事委員會公益社中學,Aided,Secondary,20 Tin Shing Road NT,24478123,mail@sphrc.edu.hk,Hong Kong,sch_detail.php?li_id=2&lang_id=1&chg_district_id=1&sch_id=318&return_page=sch_list.php%3Flang_id%3D1%26chg_district_id%3D1%26search_mode%3D%26frmMode%3Dpagebreak%26sort_id%3D-1%26district_id%3D12
{'$oid': '2233ab036ecd7a2c6e9945ba'},Tai Po,Tai Po Sam Yuk Secondary School,大埔三育中學,DSS,Secondary,2 Tai Po Tau Drive Tai Po,26653459,enquiry@tpsy.edu.hk,Hong Kong,sch_detail.php?li_id=2&lang_id=1&chg_district_id=1&sch_id=47&return_page=sch_list.php%3Flang_id%3D1%26chg_district_id%3D1%26search_mode%3D%26frmMode%3Dpagebreak%26sort_id%3D-1%26district_id%3D12
{'$oid': 'efced42ae7091119649179f8'},Yuen Long,The ELCHK Yuen Long Lutheran Secondary School,基督教香港信義會元朗信義中學,Aided,Secondary,Phase II Tin Yiu Estate NT,24480622,tswyllss@yahoo.com.hk,Hong Kong,sch_detail.php?li_id=2&lang_id=1&chg_district_id=1&sch_id=139&return_page=sch_list.php%3Flang_id%3D1%26chg_district_id%3D1%26search_mode%3D%26frmMode%3Dpagebreak%26sort_id%3D-1%26district_id%3D12
{'$oid': '3312449a00445005500c9b9f'},Yuen Long,The Hong Kong Management Association K. S. Lo College,香港管理專業協會羅桂祥中學,Aided,Secondary,26 Tin Pak Road Tin Shui Wai NT,24703363,college@hkmakslo.edu.hk,Hong Kong,sch_detail.php?li_id=2&lang_id=1&chg_district_id=1&sch_id=368&return_page=sch_list.php%3Flang_id%3D1%26chg_district_id%3D1%26search_mode%3D%26frmMode%3Dpagebreak%26sort_id%3D-1%26district_id%3D12
{'$oid': 'a609d9a049cbae5a6af1ebc6'},Yuen Long,Jockey Club Man Kwan EduYoung College,賽馬會萬鈞毅智書院,Aided,Secondary,"5, Tin Wing Road,Tin Shui Wai, Yuen Long, N.T.",24472322,eduyoung@jcmkec.edu.hk,Hong Kong,sch_detail.php?li_id=2&lang_id=1&chg_district_id=1&sch_id=259&return_page=sch_list.php%3Flang_id%3D1%26chg_district_id%3D1%26search_mode%3D%26frmMode%3Dpagebreak%26sort_id%3D-1%26district_id%3D12
{'$oid': 'db1a30a1cabbb648a31d8600'},Yuen Long,The Yuen Yuen Institute MFBM Nei Ming Chan Lui Chung Tak Mem. College,圓玄學院妙法寺內明陳呂重德紀念中學,Aided,Secondary,Tin Shui Estate Phase I NT,24458899,admin@clctmc.edu.hk,Hong Kong,sch_detail.php?li_id=2&lang_id=1&chg_district_id=1&sch_id=217&return_page=sch_list.php%3Flang_id%3D1%26chg_district_id%3D1%26search_mode%3D%26frmMode%3Dpagebreak%26sort_id%3D-1%26district_id%3D12
{'$oid': '043bf2b53d3fb683ba91274d'},Yuen Long,Tin Shui Wai Government Secondary School,天水圍官立中學,Gov't,Secondary,Phase II Tin Yiu Estate Tin Shui Wai,24450967,tswgss@edb.gov.hk,Hong Kong,sch_detail.php?li_id=2&lang_id=1&chg_district_id=1&sch_id=331&return_page=sch_list.php%3Flang_id%3D1%26chg_district_id%3D1%26search_mode%3D%26frmMode%3Dpagebreak%26sort_id%3D-1%26district_id%3D12
{'$oid': '394be3a4816678d5f209a3c2'},Yuen Long,Tin Shui Wai Methodist College,天水圍循道衞理中學,Aided,Secondary,"Area 102, Phase 4, Tin Fu Court, Tin Shui Wai, N.T.",31562500,mail@tswmc.edu.hk,Hong Kong,sch_detail.php?li_id=2&lang_id=1&chg_district_id=1&sch_id=333&return_page=sch_list.php%3Flang_id%3D1%26chg_district_id%3D1%26search_mode%3D%26frmMode%3Dpagebreak%26sort_id%3D-1%26district_id%3D12
{'$oid': '0004cc001023b14752bf8dfb'},Yuen Long,Tung Wah Group of Hospitals Lo Kon Ting Memorial College,東華三院盧幹庭紀念中學,Aided,Secondary,"Phase III, Long Ping Estate Yuen Long",24742678,lktss@tungwah.org.hk,Hong Kong,sch_detail.php?li_id=2&lang_id=1&chg_district_id=1&sch_id=70&return_page=sch_list.php%3Flang_id%3D1%26chg_district_id%3D1%26search_mode%3D%26frmMode%3Dpagebreak%26sort_id%3D-1%26district_id%3D12
{'$oid': '833efea3b8c33813ebdd38a9'},Yuen Long,TWGHs Kwok Yat Wai College,東華三院郭一葦中學,Aided,Secondary,3 Tsui Sing Road NT,24471258,office@twghkywc.edu.hk,Hong Kong,sch_detail.php?li_id=2&lang_id=1&chg_district_id=1&sch_id=63&return_page=sch_list.php%3Flang_id%3D1%26chg_district_id%3D1%26search_mode%3D%26frmMode%3Dpagebreak%26sort_id%3D-1%26district_id%3D12
{'$oid': '5a32eecfd363699b48321acd'},Tai Po,Valtorta College,恩主教書院,Aided,Secondary,Pui Yin Lane Tai Po,26560017,valtorta@valtorta.edu.hk,Hong Kong,sch_detail.php?li_id=2&lang_id=1&chg_district_id=1&sch_id=82&return_page=sch_list.php%3Flang_id%3D1%26chg_district_id%3D1%26search_mode%3D%26frmMode%3Dpagebreak%26sort_id%3D-1%26district_id%3D12
{'$oid': '38bdeb7be4bf83ac60e0e230'},Tai Po,Wong Shiu Chi Secondary School,王肇枝中學,Aided,Secondary,182 Kwong Fuk Road Tai Po,26561270,mail@wscss.edu.hk,Hong Kong,sch_detail.php?li_id=2&lang_id=1&chg_district_id=1&sch_id=347&return_page=sch_list.php%3Flang_id%3D1%26chg_district_id%3D1%26search_mode%3D%26frmMode%3Dpagebreak%26sort_id%3D-1%26district_id%3D12
{'$oid': '46a585e8ba2a0b7763dfd5cb'},Yuen Long,YLPMSAA Tang Siu Tong Secondary School,元朗公立中學校友會鄧兆棠中學,Aided,Secondary,"Ping Ha Road, Area 3, Tin Shui Wai NT",24461661,message@tstss.edu.hk,Hong Kong,sch_detail.php?li_id=2&lang_id=1&chg_district_id=1&sch_id=424&return_page=sch_list.php%3Flang_id%3D1%26chg_district_id%3D1%26search_mode%3D%26frmMode%3Dpagebreak%26sort_id%3D-1%26district_id%3D12
{'$oid': '624433b95c0ed6d97f133e79'},Yuen Long,Yuen Long Catholic Secondary School,元朗天主教中學,Aided,Secondary,"201 Castle Peak Road, Ping Shan, Yuen Long, New Territories",24431363,info@ylcss.edu.hk,Hong Kong,sch_detail.php?li_id=2&lang_id=1&chg_district_id=1&sch_id=426&return_page=sch_list.php%3Flang_id%3D1%26chg_district_id%3D1%26search_mode%3D%26frmMode%3Dpagebreak%26sort_id%3D-1%26district_id%3D12
{'$oid': '015bebbb76dca3b2091621f6'},Yuen Long,Yuen Long Merchants Association Secondary School,元朗商會中學,Aided,Secondary,20 Fung Nin Road Yuen Long,24787348,info@ylmass.edu.hk,Hong Kong,sch_detail.php?li_id=2&lang_id=1&chg_district_id=1&sch_id=425&return_page=sch_list.php%3Flang_id%3D1%26chg_district_id%3D1%26search_mode%3D%26frmMode%3Dpagebreak%26sort_id%3D-1%26district_id%3D12
{'$oid': 'e480ecaf9a8562705233840c'},Yuen Long,Yuen Long Public Secondary School,元朗公立中學,Gov't,Secondary,"22 Town Park Road South Shui Ngau Leng ,Yuen Long, NT",24762357,ylpss@edb.gov.hk,Hong Kong,sch_detail.php?li_id=2&lang_id=1&chg_district_id=1&sch_id=423&return_page=sch_list.php%3Flang_id%3D1%26chg_district_id%3D1%26search_mode%3D%26frmMode%3Dpagebreak%26sort_id%3D-1%26district_id%3D12
{'$oid': '00b3ae557c66d5ace36520ea'},Sha Tin,Baptist Lui Ming Choi Secondary School,浸信會呂明才中學,Aided,Secondary,"11, Yuen Wo Road, Lek Yuen, Shatin, New Territories",26922161,info@blmcss.edu.hk,Hong Kong,sch_detail.php?li_id=2&lang_id=1&chg_district_id=1&sch_id=161&return_page=sch_list.php%3Flang_id%3D1%26chg_district_id%3D1%26search_mode%3D%26frmMode%3Dpagebreak%26sort_id%3D-1%26district_id%3D13
{'$oid': 'e7c0ef40a765c82130985386'},Sha Tin,Buddhist Kok Kwong Secondary School,佛教覺光法師中學,Aided,Secondary,Sha Kok Estate Shatin,26473737,bkkssoffice@gmail.com,Hong Kong,sch_detail.php?li_id=2&lang_id=1&chg_district_id=1&sch_id=99&return_page=sch_list.php%3Flang_id%3D1%26chg_district_id%3D1%26search_mode%3D%26frmMode%3Dpagebreak%26sort_id%3D-1%26district_id%3D13
{'$oid': 'fcc5eb8dbfccb9cd7ac86aa4'},Sha Tin,Buddhist Wong Wan Tin College,佛教黃允畋中學,Aided,Secondary,Mei Lam Estate Shatin,26058369,info@bwwtc.edu.hk,Hong Kong,sch_detail.php?li_id=2&lang_id=1&chg_district_id=1&sch_id=96&return_page=sch_list.php%3Flang_id%3D1%26chg_district_id%3D1%26search_mode%3D%26frmMode%3Dpagebreak%26sort_id%3D-1%26district_id%3D13
{'$oid': '947843d4cbc376deb0371c10'},Sha Tin,Chinese Y.M.C.A. College,青年會書院,Aided,Secondary,Area 86 Heng On Estate Ma On Shan Shatin NT,26419588,college@cymcac.edu.hk,Hong Kong,sch_detail.php?li_id=2&lang_id=1&chg_district_id=1&sch_id=240&return_page=sch_list.php%3Flang_id%3D1%26chg_district_id%3D1%26search_mode%3D%26frmMode%3Dpagebreak%26sort_id%3D-1%26district_id%3D13
{'$oid': '049760f1584f209ad4eaad0a'},Sha Tin,Chiu Chow Association Secondary School,潮州會館中學,Aided,Secondary,Heng On Estate Ma On Shan Shatin,26428383,school@ccass.edu.hk,Hong Kong,sch_detail.php?li_id=2&lang_id=1&chg_district_id=1&sch_id=40&return_page=sch_list.php%3Flang_id%3D1%26chg_district_id%3D1%26search_mode%3D%26frmMode%3Dpagebreak%26sort_id%3D-1%26district_id%3D13
{'$oid': '64783ae5fef9cfc646b70fcb'},Sha Tin,Christ College,基督書院,Aided,Secondary,Area 5A Pok Hong Estate Shatin N.T.,26353330,info@christcollege.edu.hk,Hong Kong,sch_detail.php?li_id=2&lang_id=1&chg_district_id=1&sch_id=142&return_page=sch_list.php%3Flang_id%3D1%26chg_district_id%3D1%26search_mode%3D%26frmMode%3Dpagebreak%26sort_id%3D-1%26district_id%3D13
{'$oid': '608251c1d163dd0683b5c36d'},Sha Tin,Christian Alliance Cheng Wing Gee College,香港九龍塘基督教中華宣道會鄭榮之中學,Aided,Secondary,12-14 Chik Wan Street Tai Wai Shatin,26049762,school@teacher.cwgc.edu.hk,Hong Kong,sch_detail.php?li_id=2&lang_id=1&chg_district_id=1&sch_id=377&return_page=sch_list.php%3Flang_id%3D1%26chg_district_id%3D1%26search_mode%3D%26frmMode%3Dpagebreak%26sort_id%3D-1%26district_id%3D13
{'$oid': '2dd0a03946081ce39316af5e'},Sha Tin,CUHKFAA Chan Chun Ha Secondary School,香港中文大學校友會聯會陳震夏中學,Aided,Secondary,632 Sai Sha Road Ma On Shan Shatin,26305006,info@cch.edu.hk,Hong Kong,sch_detail.php?li_id=2&lang_id=1&chg_district_id=1&sch_id=392&return_page=sch_list.php%3Flang_id%3D1%26chg_district_id%3D1%26search_mode%3D%26frmMode%3Dpagebreak%26sort_id%3D-1%26district_id%3D13
{'$oid': '323e09f13532a334781de9da'},Sha Tin,Helen Liang Memorial Secondary School (Shatin),梁文燕紀念中學（沙田）,Gov't,Secondary,2 Hin Tin Street Tai Wai Shatin,26941414,email@mail.hlmssst.edu.hk,Hong Kong,sch_detail.php?li_id=2&lang_id=1&chg_district_id=1&sch_id=192&return_page=sch_list.php%3Flang_id%3D1%26chg_district_id%3D1%26search_mode%3D%26frmMode%3Dpagebreak%26sort_id%3D-1%26district_id%3D13
{'$oid': 'f678a28ab8f9d9f4d49d7cfd'},Sha Tin,HKBU Affiliated School Wong Kam Fai Secondary & Primary School,香港浸會大學附屬學校王錦輝中小學,DSS,Secondary,"6, On Muk Lane, Shek Mun, Shatin",26372270,a-school-ss@hkbuas.edu.hk,Hong Kong,sch_detail.php?li_id=2&lang_id=1&chg_district_id=1&sch_id=375&return_page=sch_list.php%3Flang_id%3D1%26chg_district_id%3D1%26search_mode%3D%26frmMode%3Dpagebreak%26sort_id%3D-1%26district_id%3D13
{'$oid': '95cd607d39d9cd1c2770d280'},Sha Tin,HKCWC Fung Yiu King Memorial Secondary School,香港中國婦女會馮堯敬紀念中學,Aided,Secondary,"10 Hang Kwong Street, Ma On Shan, Shatin, N.T.",26404968,info@fyk.edu.hk,Hong Kong,sch_detail.php?li_id=2&lang_id=1&chg_district_id=1&sch_id=390&return_page=sch_list.php%3Flang_id%3D1%26chg_district_id%3D1%26search_mode%3D%26frmMode%3Dpagebreak%26sort_id%3D-1%26district_id%3D13
{'$oid': '874c13c2bc3f6f74af5415a7'},Sha Tin,Immaculate Heart of Mary College,聖母無玷聖心書院,Aided,Secondary,"4 Jat Min Chuen Street, Jat Min Chuen Shatin",26471358,info@ihmc.edu.hk,Hong Kong,sch_detail.php?li_id=2&lang_id=1&chg_district_id=1&sch_id=307&return_page=sch_list.php%3Flang_id%3D1%26chg_district_id%3D1%26search_mode%3D%26frmMode%3Dpagebreak%26sort_id%3D-1%26district_id%3D13
{'$oid': '21c772c6fcdc78854b39631c'},Sha Tin,Jockey Club Ti-I College,賽馬會體藝中學,Aided,Secondary,"5-7 Lok King Street, Fo Tan, Shatin, N.T.",26917150,info@tic.edu.hk,Hong Kong,sch_detail.php?li_id=2&lang_id=1&chg_district_id=1&sch_id=258&return_page=sch_list.php%3Flang_id%3D1%26chg_district_id%3D1%26search_mode%3D%26frmMode%3Dpagebreak%26sort_id%3D-1%26district_id%3D13
{'$oid': '5b6f6f074e6009a412080ace'},Sha Tin,Kiangsu-Chekiang College (Shatin),沙田蘇浙公學,Aided,Secondary,"7 Fung Shun Street, Shatin, N.T., Hong Kong",26972179,kccs@kccshatin.edu.hk,Hong Kong,sch_detail.php?li_id=2&lang_id=1&chg_district_id=1&sch_id=265&return_page=sch_list.php%3Flang_id%3D1%26chg_district_id%3D1%26search_mode%3D%26frmMode%3Dpagebreak%26sort_id%3D-1%26district_id%3D13
{'$oid': '10ee740e4c1a1ae899153e1b'},Sha Tin,Lam Tai Fai College,林大輝中學,DSS,Secondary,25 Ngan Shing Street Shatin,27861990,info@ltfc.edu.hk,Hong Kong,sch_detail.php?li_id=2&lang_id=1&chg_district_id=1&sch_id=194&return_page=sch_list.php%3Flang_id%3D1%26chg_district_id%3D1%26search_mode%3D%26frmMode%3Dpagebreak%26sort_id%3D-1%26district_id%3D13
{'$oid': 'bcf5f4ba27213155b1e50b33'},Sha Tin,Lok Sin Tong Young Ko Hsiao Lin Secondary School,樂善堂楊葛小琳中學,Aided,Secondary,Lung Hang Estate Shatin,26056632,lstykhl@lstyoungkhl.edu.hk,Hong Kong,sch_detail.php?li_id=2&lang_id=1&chg_district_id=1&sch_id=185&return_page=sch_list.php%3Flang_id%3D1%26chg_district_id%3D1%26search_mode%3D%26frmMode%3Dpagebreak%26sort_id%3D-1%26district_id%3D13
{'$oid': 'f955a67426f4b3e96e75ac72'},Sha Tin,Ma On Shan St. Joseph's Secondary School,馬鞍山聖若瑟中學,Aided,Secondary,8 Hang Kwong Street Ma On Shan Shatin,26339913,mossjss008@eservices.hkedcity.net,Hong Kong,sch_detail.php?li_id=2&lang_id=1&chg_district_id=1&sch_id=208&return_page=sch_list.php%3Flang_id%3D1%26chg_district_id%3D1%26search_mode%3D%26frmMode%3Dpagebreak%26sort_id%3D-1%26district_id%3D13
{'$oid': '86dbaea9926cb7729966fb8b'},Sha Tin,Ng Yuk Secondary School,五育中學,Aided,Secondary,Sun Chui Estate Shatin,26921870,email@nyss.edu.hk,Hong Kong,sch_detail.php?li_id=2&lang_id=1&chg_district_id=1&sch_id=356&return_page=sch_list.php%3Flang_id%3D1%26chg_district_id%3D1%26search_mode%3D%26frmMode%3Dpagebreak%26sort_id%3D-1%26district_id%3D13
{'$oid': '69f9f449a6f17a067a0f2b8c'},Sha Tin,Po Leung Kuk C. W. Chu College,保良局朱敬文中學,Aided,Secondary,"1, Tin Sum Street, Tai Wai, NT",26991031,master@plkcwc.edu.hk,Hong Kong,sch_detail.php?li_id=2&lang_id=1&chg_district_id=1&sch_id=20&return_page=sch_list.php%3Flang_id%3D1%26chg_district_id%3D1%26search_mode%3D%26frmMode%3Dpagebreak%26sort_id%3D-1%26district_id%3D13
{'$oid': 'df11828b6722add994b58eb5'},Sha Tin,POH Chan Kai Memorial College,博愛醫院陳楷紀念中學,Aided,Secondary,Lung Hang Estate Shatin,26044118,pohckmc@gmail.com,Hong Kong,sch_detail.php?li_id=2&lang_id=1&chg_district_id=1&sch_id=32&return_page=sch_list.php%3Flang_id%3D1%26chg_district_id%3D1%26search_mode%3D%26frmMode%3Dpagebreak%26sort_id%3D-1%26district_id%3D13
{'$oid': 'd1cc9fdd347ac9944a45a5ad'},Sha Tin,Pui Kiu College,培僑書院,DSS,Secondary,1 Tai Wai New Village Road Tai Wai Shatin New Territories,26023166,info@puikiu.edu.hk,Hong Kong,sch_detail.php?li_id=2&lang_id=1&chg_district_id=1&sch_id=236&return_page=sch_list.php%3Flang_id%3D1%26chg_district_id%3D1%26search_mode%3D%26frmMode%3Dpagebreak%26sort_id%3D-1%26district_id%3D13
{'$oid': '294b01d1afd6d5bc818abb62'},Sha Tin,Sha Tin Methodist College,沙田循道衞理中學,Aided,Secondary,Sun Tin Wai Estate Shatin,26021300,info@stmc.edu.hk,Hong Kong,sch_detail.php?li_id=2&lang_id=1&chg_district_id=1&sch_id=266&return_page=sch_list.php%3Flang_id%3D1%26chg_district_id%3D1%26search_mode%3D%26frmMode%3Dpagebreak%26sort_id%3D-1%26district_id%3D13
{'$oid': '032241b03c849d75c7b4e11b'},Sha Tin,Shatin Tsung Tsin Secondary School,沙田崇真中學,Aided,Secondary,"1 Mei Tin Road, Tai Wai, Shatin, New Territories",26073881,info@sttss.edu.hk,Hong Kong,sch_detail.php?li_id=2&lang_id=1&chg_district_id=1&sch_id=262&return_page=sch_list.php%3Flang_id%3D1%26chg_district_id%3D1%26search_mode%3D%26frmMode%3Dpagebreak%26sort_id%3D-1%26district_id%3D13
{'$oid': 'e53bebd80941b2aa861d585d'},Sha Tin,S.K.H. Lam Kau Mow Secondary School,聖公會林裘謀中學,Aided,Secondary,10 Tak Po Street City One Shatin,26488222,skhlkmss@skhlkmss.edu.hk,Hong Kong,sch_detail.php?li_id=2&lang_id=1&chg_district_id=1&sch_id=289&return_page=sch_list.php%3Flang_id%3D1%26chg_district_id%3D1%26search_mode%3D%26frmMode%3Dpagebreak%26sort_id%3D-1%26district_id%3D13
{'$oid': 'bf04bb83f09bbbb13aa0418d'},Sha Tin,S.K.H. Tsang Shiu Tim Secondary School,聖公會曾肇添中學,Aided,Secondary,"6 Tak Hau Street, Wo Che Estate, Shatin, N. T.",26975566,info@skhtst.edu.hk,Hong Kong,sch_detail.php?li_id=2&lang_id=1&chg_district_id=1&sch_id=296&return_page=sch_list.php%3Flang_id%3D1%26chg_district_id%3D1%26search_mode%3D%26frmMode%3Dpagebreak%26sort_id%3D-1%26district_id%3D13
{'$oid': '1eff0c1c58c6da1ca95053b5'},Sha Tin,Stewards Pooi Kei College,香港神託會培基書院,DSS,Secondary,No. 56 Siu Lek Yuen Road Shatin,23454567,info@spkc.edu.hk,Hong Kong,sch_detail.php?li_id=2&lang_id=1&chg_district_id=1&sch_id=382&return_page=sch_list.php%3Flang_id%3D1%26chg_district_id%3D1%26search_mode%3D%26frmMode%3Dpagebreak%26sort_id%3D-1%26district_id%3D13
{'$oid': '46577485f9a9547eb50e1007'},Sha Tin,Tak Sun Secondary School,德信中學,DSS,Secondary,"27 Ning Tai Road, Ma On Shan, Shatin, N.T.",23174339,info@tsss.edu.hk,Hong Kong,sch_detail.php?li_id=2&lang_id=1&chg_district_id=1&sch_id=51&return_page=sch_list.php%3Flang_id%3D1%26chg_district_id%3D1%26search_mode%3D%26frmMode%3Dpagebreak%26sort_id%3D-1%26district_id%3D13
{'$oid': 'ba135258d5ca18a8914c2eda'},Sha Tin,Toi Shan Association College,台山商會中學,Aided,Secondary,10 Yuen Chau Kok Road Shatin,26487871,mail@tsac.edu.hk,Hong Kong,sch_detail.php?li_id=2&lang_id=1&chg_district_id=1&sch_id=330&return_page=sch_list.php%3Flang_id%3D1%26chg_district_id%3D1%26search_mode%3D%26frmMode%3Dpagebreak%26sort_id%3D-1%26district_id%3D13
{'$oid': 'b34782d4e660bbf918c6f183'},Sha Tin,Tsang Pik Shan (Sung Lan) Secondary School,曾璧山（崇蘭）中學,Aided,Secondary,12 Hang Kwong Street Ma On Shan Shatin,26404933,contact@tpsslss.edu.hk,Hong Kong,sch_detail.php?li_id=2&lang_id=1&chg_district_id=1&sch_id=427&return_page=sch_list.php%3Flang_id%3D1%26chg_district_id%3D1%26search_mode%3D%26frmMode%3Dpagebreak%26sort_id%3D-1%26district_id%3D13
{'$oid': 'a22d9fa8159ec28ea0186243'},Sha Tin,TWGHs Mrs. Fung Wong Fung Ting College,東華三院馮黃鳳亭中學,Aided,Secondary,"3-5 Lek Yuen Street, Lek Yuen Estate, Shatin",26913738,info@mail.twghfwfts.edu.hk,Hong Kong,sch_detail.php?li_id=2&lang_id=1&chg_district_id=1&sch_id=62&return_page=sch_list.php%3Flang_id%3D1%26chg_district_id%3D1%26search_mode%3D%26frmMode%3Dpagebreak%26sort_id%3D-1%26district_id%3D13
{'$oid': 'b070953b0049df830ab0ee49'},Sha Tin,TWGHs Wong Fung Ling College,東華三院黃鳳翎中學,Aided,Secondary,208 Ma On Shan Road Ma On Shan Shatin,26416238,info@twghwflc.edu.hk,Hong Kong,sch_detail.php?li_id=2&lang_id=1&chg_district_id=1&sch_id=64&return_page=sch_list.php%3Flang_id%3D1%26chg_district_id%3D1%26search_mode%3D%26frmMode%3Dpagebreak%26sort_id%3D-1%26district_id%3D13
{'$oid': '003fb328f09d51482b12668a'},Sha Tin,TWGHs Yow Kam Yuen College,東華三院邱金元中學,Aided,Secondary,"Area 14 J, City One, Sha Tin,NT",26497385,ykyss@tungwah.org.hk,Hong Kong,sch_detail.php?li_id=2&lang_id=1&chg_district_id=1&sch_id=73&return_page=sch_list.php%3Flang_id%3D1%26chg_district_id%3D1%26search_mode%3D%26frmMode%3Dpagebreak%26sort_id%3D-1%26district_id%3D13
{'$oid': '6d44f7394694bb9b23adbed1'},Sha Tin,Yan Chai Hospital Tung Chi Ying Memorial Secondary School,仁濟醫院董之英紀念中學,Aided,Secondary,210 Ma On Shan Road Ma On Shan Shatin,26409822,office@ychtcy.edu.hk,Hong Kong,sch_detail.php?li_id=2&lang_id=1&chg_district_id=1&sch_id=252&return_page=sch_list.php%3Flang_id%3D1%26chg_district_id%3D1%26search_mode%3D%26frmMode%3Dpagebreak%26sort_id%3D-1%26district_id%3D13
{'$oid': 'ff80979f0b447cafc9dc923c'},Tsuen Wan,Tsuen Wan Public Ho Chuen Yiu Memorial College,荃灣公立何傳耀紀念中學,Aided,Secondary,No. 1 Estate Secondary School Shek Wai Kok Estate Tsuen Wan,24966000,info@twphcymc.edu.hk,Hong Kong,sch_detail.php?li_id=2&lang_id=1&chg_district_id=1&sch_id=246&return_page=sch_list.php%3Flang_id%3D1%26chg_district_id%3D1%26search_mode%3D%26frmMode%3Dpagebreak%26sort_id%3D-1%26district_id%3D13
{'$oid': '42effb41afd6effc7c167d27'},Tai Po,Law Ting Pong Secondary School,羅定邦中學,DSS,Secondary,8 Ma Chung Road Tai Po,26851210,ltpss@ltpss.edu.hk,Hong Kong,sch_detail.php?li_id=2&lang_id=1&chg_district_id=1&sch_id=206&return_page=sch_list.php%3Flang_id%3D1%26chg_district_id%3D1%26search_mode%3D%26frmMode%3Dpagebreak%26sort_id%3D-1%26district_id%3D14
{'$oid': '26b4ae75f83f033c0ac82c01'},Yuen Long,Man Kwan Pak Kau College,萬鈞伯裘書院,DSS,Secondary,"51 Tin Wah Road, Tin Shui Wai, Yuen Long, N.T.",24482960,enquiries@mkpc.edu.hk,Hong Kong,sch_detail.php?li_id=2&lang_id=1&chg_district_id=1&sch_id=29&return_page=sch_list.php%3Flang_id%3D1%26chg_district_id%3D1%26search_mode%3D%26frmMode%3Dpagebreak%26sort_id%3D-1%26district_id%3D14
{'$oid': 'b75ff47a4db3c7c5fed375bc'},Kwai Tsing,CNEC Christian College,中華傳道會安柱中學,Aided,Secondary,6 Lei Pui Street Kwai Chung,24230365,school@cneccc.edu.hk,Hong Kong,sch_detail.php?li_id=2&lang_id=1&chg_district_id=1&sch_id=432&return_page=sch_list.php%3Flang_id%3D1%26chg_district_id%3D1%26search_mode%3D%26frmMode%3Dpagebreak%26sort_id%3D-1%26district_id%3D15
{'$oid': '6d03892ac93121c52a2d9caf'},Kwai Tsing,Lok Sin Tong Ku Chiu Man Secondary School,樂善堂顧超文中學,Aided,Secondary,301 Kwai Shing Circuit Kwai Chung,24295171,email@lstkcmss.edu.hk,Hong Kong,sch_detail.php?li_id=2&lang_id=1&chg_district_id=1&sch_id=181&return_page=sch_list.php%3Flang_id%3D1%26chg_district_id%3D1%26search_mode%3D%26frmMode%3Dpagebreak%26sort_id%3D-1%26district_id%3D15
{'$oid': '7663bd97dd4acb777f197b3d'},Kwai Tsing,Shek Lei Catholic Secondary School,石籬天主教中學,Aided,Secondary,23-31 On Chit Street NT,24291221,email@slc.edu.hk,Hong Kong,sch_detail.php?li_id=2&lang_id=1&chg_district_id=1&sch_id=319&return_page=sch_list.php%3Flang_id%3D1%26chg_district_id%3D1%26search_mode%3D%26frmMode%3Dpagebreak%26sort_id%3D-1%26district_id%3D15
{'$oid': '249bdb44654b43029429728f'},Tsuen Wan,Ho Fung College (Sponsored by Sik Sik Yuen),可風中學（嗇色園主辦）,Aided,Secondary,448 Wo Yi Hop Road Kwai Chung,24253563,info@hofung.edu.hk,Hong Kong,sch_detail.php?li_id=2&lang_id=1&chg_district_id=1&sch_id=171&return_page=sch_list.php%3Flang_id%3D1%26chg_district_id%3D1%26search_mode%3D%26frmMode%3Dpagebreak%26sort_id%3D-1%26district_id%3D15
{'$oid': '290c11c59b77e38064bfda1f'},Tsuen Wan,S.K.H. Li Ping Secondary School,聖公會李炳中學,Aided,Secondary,450 Wo Yi Hop Road Tsuen Wan,24238806,info@liping.edu.hk,Hong Kong,sch_detail.php?li_id=2&lang_id=1&chg_district_id=1&sch_id=285&return_page=sch_list.php%3Flang_id%3D1%26chg_district_id%3D1%26search_mode%3D%26frmMode%3Dpagebreak%26sort_id%3D-1%26district_id%3D15
{'$oid': '93f96af387fad12d2d99516d'},Tuen Mun,TWGHs Mr & Mrs Kwong Sik Kwan College,東華三院鄺錫坤伉儷中學,Aided,Secondary,"No.1 Chung Ling Path, Tuen Mun",24699010,contact@twghsksk.edu.hk,Hong Kong,sch_detail.php?li_id=2&lang_id=1&chg_district_id=1&sch_id=67&return_page=sch_list.php%3Flang_id%3D1%26chg_district_id%3D1%26search_mode%3D%26frmMode%3Dpagebreak%26sort_id%3D-1%26district_id%3D15
{'$oid': 'd7c8ffef823d65ebabb1acb0'},Tsuen Wan,AD&FD POHL Leung Sing Tak College,博愛醫院歷屆總理聯誼會梁省德中學,Aided,Secondary,"Estate Secondary School No. 2, Shek Wai Kok Estate, Tsuen Wan, N.T.",24145151,info@lstc.edu.hk,Hong Kong,sch_detail.php?li_id=2&lang_id=1&chg_district_id=1&sch_id=34&return_page=sch_list.php%3Flang_id%3D1%26chg_district_id%3D1%26search_mode%3D%26frmMode%3Dpagebreak%26sort_id%3D-1%26district_id%3D16
{'$oid': '8bcc230c84feb2a4145aabb3'},Tsuen Wan,Liu Po Shan Memorial College,廖寶珊紀念書院,Aided,Secondary,No. 22-66 Wai Tsuen Road Tsuen Wan,24996711,info@lpsmc.edu.hk,Hong Kong,sch_detail.php?li_id=2&lang_id=1&chg_district_id=1&sch_id=193&return_page=sch_list.php%3Flang_id%3D1%26chg_district_id%3D1%26search_mode%3D%26frmMode%3Dpagebreak%26sort_id%3D-1%26district_id%3D16
{'$oid': '5c374fa742bc7807823be627'},Tsuen Wan,Lui Ming Choi Lutheran College,路德會呂明才中學,Aided,Secondary,Cheung Shan Estate Tsuen Wan,24920195,llc-mail@llc.edu.hk,Hong Kong,sch_detail.php?li_id=2&lang_id=1&chg_district_id=1&sch_id=201&return_page=sch_list.php%3Flang_id%3D1%26chg_district_id%3D1%26search_mode%3D%26frmMode%3Dpagebreak%26sort_id%3D-1%26district_id%3D16
{'$oid': 'ddac0eed3e4df4ad44bc0cad'},Tsuen Wan,Po Leung Kuk Lee Shing Pik College,保良局李城璧中學,Aided,Secondary,12 - 20 On Yin Street Tsuen King Circuit Tsuen Wan,24983393,inquiry@plklsp.edu.hk,Hong Kong,sch_detail.php?li_id=2&lang_id=1&chg_district_id=1&sch_id=13&return_page=sch_list.php%3Flang_id%3D1%26chg_district_id%3D1%26search_mode%3D%26frmMode%3Dpagebreak%26sort_id%3D-1%26district_id%3D16
{'$oid': 'a884a56f321f0fb51fc314a0'},Tsuen Wan,Po Leung Kuk Yao Ling Sun College,保良局姚連生中學,Aided,Secondary,Shek Wai Kok Estate Tsuen Wan,24983331,info@plkylsc.edu.hk,Hong Kong,sch_detail.php?li_id=2&lang_id=1&chg_district_id=1&sch_id=19&return_page=sch_list.php%3Flang_id%3D1%26chg_district_id%3D1%26search_mode%3D%26frmMode%3Dpagebreak%26sort_id%3D-1%26district_id%3D16
{'$oid': '5f2f3e52baab177f2ec9884d'},Tsuen Wan,Po On Commercial Association Wong Siu Ching Secondary School,寶安商會王少清中學,Aided,Secondary,2 Tai Pa Street Tsuen Wan,24140157,mail@pocawsc.edu.hk,Hong Kong,sch_detail.php?li_id=2&lang_id=1&chg_district_id=1&sch_id=22&return_page=sch_list.php%3Flang_id%3D1%26chg_district_id%3D1%26search_mode%3D%26frmMode%3Dpagebreak%26sort_id%3D-1%26district_id%3D16
{'$oid': 'a71f99dcc8b050852fa48646'},Tsuen Wan,St. Francis Xavier's School Tsuen Wan,荃灣聖芳濟中學,Aided,Secondary,60 - 64 Ham Tin Street Tsuen Wan,24920226,enquiry@sfxs.edu.hk,Hong Kong,sch_detail.php?li_id=2&lang_id=1&chg_district_id=1&sch_id=248&return_page=sch_list.php%3Flang_id%3D1%26chg_district_id%3D1%26search_mode%3D%26frmMode%3Dpagebreak%26sort_id%3D-1%26district_id%3D16
{'$oid': '7e3c37fdada416173e141e63'},Tsuen Wan,TIACC Woo Hon Fai Secondary School,紡織學會美國商會胡漢輝中學,Aided,Secondary,No. 7 On Yin Street Tsuen Wan,24908773,whfinfo@tiaccwhf.edu.hk,Hong Kong,sch_detail.php?li_id=2&lang_id=1&chg_district_id=1&sch_id=83&return_page=sch_list.php%3Flang_id%3D1%26chg_district_id%3D1%26search_mode%3D%26frmMode%3Dpagebreak%26sort_id%3D-1%26district_id%3D16
{'$oid': '1b4f11bb7393db93da4e4aa2'},Tsuen Wan,YCH Lim Por Yen Secondary School,仁濟醫院林百欣中學,Aided,Secondary,No.145-165 Standard Secondary School Tsuen King Circuit Tsuen Wan,24937258,info@ychlpyss.edu.hk,Hong Kong,sch_detail.php?li_id=2&lang_id=1&chg_district_id=1&sch_id=254&return_page=sch_list.php%3Flang_id%3D1%26chg_district_id%3D1%26search_mode%3D%26frmMode%3Dpagebreak%26sort_id%3D-1%26district_id%3D16
{'$oid': '47c7ac361024ef8d85e75494'},Tuen Mun,Baptist Wing Lung Secondary School,浸信會永隆中學,Aided,Secondary,"Tai Hing Gardens, Phase II, 6A Ho Hing Circuit, Tuen Mun, N.T.",24643638,bwlss@bwlss.edu.hk,Hong Kong,sch_detail.php?li_id=2&lang_id=1&chg_district_id=1&sch_id=162&return_page=sch_list.php%3Flang_id%3D1%26chg_district_id%3D1%26search_mode%3D%26frmMode%3Dpagebreak%26sort_id%3D-1%26district_id%3D17
{'$oid': 'aa53924c4edfa171954043e8'},Tuen Mun,Carmel Bunnan Tong Memorial Secondary School,迦密唐賓南紀念中學,Aided,Secondary,Wu King Estate Tuen Mun,24651585,mail@cbt.edu.hk,Hong Kong,sch_detail.php?li_id=2&lang_id=1&chg_district_id=1&sch_id=147&return_page=sch_list.php%3Flang_id%3D1%26chg_district_id%3D1%26search_mode%3D%26frmMode%3Dpagebreak%26sort_id%3D-1%26district_id%3D17
{'$oid': '60c735b7c338a1ca9b850ac2'},Tuen Mun,CCC Hoh Fuk Tong College,中華基督教會何福堂書院,Aided,Secondary,"28 Castle Peak Road, San Hui Tuen Mun",24596354,hft-mail@hftc.edu.hk,Hong Kong,sch_detail.php?li_id=2&lang_id=1&chg_district_id=1&sch_id=440&return_page=sch_list.php%3Flang_id%3D1%26chg_district_id%3D1%26search_mode%3D%26frmMode%3Dpagebreak%26sort_id%3D-1%26district_id%3D17
{'$oid': 'a55b0b9c61378cf65e862cfe'},Tuen Mun,Christian Alliance College,宣道中學,Aided,Secondary,11 Leung Choi Lane Tuen Mun,24692080,cac@cactm.edu.hk,Hong Kong,sch_detail.php?li_id=2&lang_id=1&chg_district_id=1&sch_id=410&return_page=sch_list.php%3Flang_id%3D1%26chg_district_id%3D1%26search_mode%3D%26frmMode%3Dpagebreak%26sort_id%3D-1%26district_id%3D17
{'$oid': '00932650d3e86858c61f903a'},Tuen Mun,Christian Alliance S. C. Chan Memorial College,香港九龍塘基督教中華宣道會陳瑞芝紀念中學,Aided,Secondary,"7 Yau Oi Road, Yau Oi Estate, Tuen Mun",24591166,info@scc.edu.hk,Hong Kong,sch_detail.php?li_id=2&lang_id=1&chg_district_id=1&sch_id=376&return_page=sch_list.php%3Flang_id%3D1%26chg_district_id%3D1%26search_mode%3D%26frmMode%3Dpagebreak%26sort_id%3D-1%26district_id%3D17
{'$oid': 'b9682f58cd9774a040fb763e'},Tuen Mun,Lui Cheung Kwong Lutheran College,路德會呂祥光中學,Aided,Secondary,On Ting Estate Tuen Mun,24503618,lckoffice@lck.edu.hk,Hong Kong,sch_detail.php?li_id=2&lang_id=1&chg_district_id=1&sch_id=202&return_page=sch_list.php%3Flang_id%3D1%26chg_district_id%3D1%26search_mode%3D%26frmMode%3Dpagebreak%26sort_id%3D-1%26district_id%3D17
{'$oid': 'b7bfa2215e0afa30416b5901'},Tuen Mun,Madam Lau Kam Lung Secondary School of Miu Fat Buddhist Monastery,妙法寺劉金龍中學,Aided,Secondary,"22 Castle Peak Road, Lam Tei, Tuen Mun",24619566,office@lkl.edu.hk,Hong Kong,sch_detail.php?li_id=2&lang_id=1&chg_district_id=1&sch_id=218&return_page=sch_list.php%3Flang_id%3D1%26chg_district_id%3D1%26search_mode%3D%26frmMode%3Dpagebreak%26sort_id%3D-1%26district_id%3D17
{'$oid': '71bd8a7240642b103cecd86f'},Tuen Mun,Po Leung Kuk Centenary Li Shiu Chung Memorial College,保良局百周年李兆忠紀念中學,Aided,Secondary,Tai Hing Estate Tuen Mun,24623945,office@plkc.edu.hk,Hong Kong,sch_detail.php?li_id=2&lang_id=1&chg_district_id=1&sch_id=5&return_page=sch_list.php%3Flang_id%3D1%26chg_district_id%3D1%26search_mode%3D%26frmMode%3Dpagebreak%26sort_id%3D-1%26district_id%3D17
{'$oid': 'aec0b681c3976233f6bc422a'},Tuen Mun,Po Leung Kuk Tang Yuk Tien College,保良局董玉娣中學,Aided,Secondary,"Estate Secondary School No. 4, Wu King Estate, Tuen Mun, N.T.",24631766,email@plktytc.edu.hk,Hong Kong,sch_detail.php?li_id=2&lang_id=1&chg_district_id=1&sch_id=8&return_page=sch_list.php%3Flang_id%3D1%26chg_district_id%3D1%26search_mode%3D%26frmMode%3Dpagebreak%26sort_id%3D-1%26district_id%3D17
{'$oid': '30cc6f5112b7e1c4e92a140d'},Tuen Mun,Semple Memorial Secondary School,深培中學,Aided,Secondary,18 Siu Lun Street Tuen Mun,24524702,info@semple.edu.hk,Hong Kong,sch_detail.php?li_id=2&lang_id=1&chg_district_id=1&sch_id=270&return_page=sch_list.php%3Flang_id%3D1%26chg_district_id%3D1%26search_mode%3D%26frmMode%3Dpagebreak%26sort_id%3D-1%26district_id%3D17
{'$oid': '4fe9d215f6af3abb9e410832'},Tuen Mun,Shun Tak Fraternal Association Leung Kau Kui College,順德聯誼總會梁銶琚中學,Aided,Secondary,"Estate Secondary School No. 6, On Ting Estate Area 13, Tuen Mun, New Territories",24580766,info@lkkc.edu.hk,Hong Kong,sch_detail.php?li_id=2&lang_id=1&chg_district_id=1&sch_id=324&return_page=sch_list.php%3Flang_id%3D1%26chg_district_id%3D1%26search_mode%3D%26frmMode%3Dpagebreak%26sort_id%3D-1%26district_id%3D17
{'$oid': '06431d21260d09aacd6e2b81'},Tuen Mun,Shun Tak Fraternal Association Tam Pak Yu College,順德聯誼總會譚伯羽中學,Aided,Secondary,"9, Yau Oi Road, Yau Oi Estate Tuen Mun",24501402,info@tpyc.edu.hk,Hong Kong,sch_detail.php?li_id=2&lang_id=1&chg_district_id=1&sch_id=325&return_page=sch_list.php%3Flang_id%3D1%26chg_district_id%3D1%26search_mode%3D%26frmMode%3Dpagebreak%26sort_id%3D-1%26district_id%3D17
{'$oid': '6309f200a4846b86b28ecb19'},Tuen Mun,South Tuen Mun Government Secondary School,南屯門官立中學,Gov't,Secondary,"218 Wu Shan Road, Tuen Mun",24045506,stmgss@edb.gov.hk,Hong Kong,sch_detail.php?li_id=2&lang_id=1&chg_district_id=1&sch_id=231&return_page=sch_list.php%3Flang_id%3D1%26chg_district_id%3D1%26search_mode%3D%26frmMode%3Dpagebreak%26sort_id%3D-1%26district_id%3D17
{'$oid': 'ad6f90e5a483e6b89ac0af93'},Tuen Mun,Stewards MKMCF Ma Ko Pan Memorial College,馬錦明慈善基金馬可賓紀念中學,Aided,Secondary,"17 Shek Pai Tau Road, Tuen Mun, N.T.",24077440,mkpcollege@makopan.edu.hk,Hong Kong,sch_detail.php?li_id=2&lang_id=1&chg_district_id=1&sch_id=210&return_page=sch_list.php%3Flang_id%3D1%26chg_district_id%3D1%26search_mode%3D%26frmMode%3Dpagebreak%26sort_id%3D-1%26district_id%3D17
{'$oid': 'e8f5f74d6196d617ec297057'},Tuen Mun,Tsung Tsin College,崇真書院,Aided,Secondary,9 Leung Choi Lane Tuen Mun,35076400,ttc@ttc.edu.hk,Hong Kong,sch_detail.php?li_id=2&lang_id=1&chg_district_id=1&sch_id=44&return_page=sch_list.php%3Flang_id%3D1%26chg_district_id%3D1%26search_mode%3D%26frmMode%3Dpagebreak%26sort_id%3D-1%26district_id%3D17
{'$oid': 'bb8b5e028e746255a979c708'},Tuen Mun,Tuen Mun Government Secondary School,屯門官立中學,Gov't,Secondary,393 Castle Peak Road NT,24580459,enquiry@mail.tmgss.edu.hk,Hong Kong,sch_detail.php?li_id=2&lang_id=1&chg_district_id=1&sch_id=345&return_page=sch_list.php%3Flang_id%3D1%26chg_district_id%3D1%26search_mode%3D%26frmMode%3Dpagebreak%26sort_id%3D-1%26district_id%3D17
{'$oid': '5d7fdf98af097827f20f34a4'},Tuen Mun,TWGHs Sun Hoi Directors' College,東華三院辛亥年總理中學,Aided,Secondary,"Wu King Estate, Tuen Mun, NT",24645220,mail@shd.edu.hk,Hong Kong,sch_detail.php?li_id=2&lang_id=1&chg_district_id=1&sch_id=77&return_page=sch_list.php%3Flang_id%3D1%26chg_district_id%3D1%26search_mode%3D%26frmMode%3Dpagebreak%26sort_id%3D-1%26district_id%3D17
{'$oid': 'f7c72945ace9f4709153b04f'},Tuen Mun,Yan Oi Tong Chan Wong Suk Fong Memorial Secondary School,仁愛堂陳黃淑芳紀念中學,Aided,Secondary,"No. 8, Wong Yin Street, Tuen Mun, N.T.",24666802,mail@yotcwsf.edu.hk,Hong Kong,sch_detail.php?li_id=2&lang_id=1&chg_district_id=1&sch_id=249&return_page=sch_list.php%3Flang_id%3D1%26chg_district_id%3D1%26search_mode%3D%26frmMode%3Dpagebreak%26sort_id%3D-1%26district_id%3D17
{'$oid': '87ac5fe2346c2fc29c12aff7'},Tuen Mun,Yan Oi Tong Tin Ka Ping Secondary School,仁愛堂田家炳中學,Aided,Secondary,"Shan King Estate, Tuen Mun, N.T. , Hong Kong",24665270,office@yottkp.edu.hk,Hong Kong,sch_detail.php?li_id=2&lang_id=1&chg_district_id=1&sch_id=250&return_page=sch_list.php%3Flang_id%3D1%26chg_district_id%3D1%26search_mode%3D%26frmMode%3Dpagebreak%26sort_id%3D-1%26district_id%3D17
{'$oid': 'ca22a886371656968494ae9a'},Yuen Long,Chinese Y.M.C.A. Secondary School,中華基督教青年會中學,DSS,Secondary,"Tin Fu Court Area 102, Tin Shui Wai",25408650,school@cymcass.edu.hk,Hong Kong,sch_detail.php?li_id=2&lang_id=1&chg_district_id=1&sch_id=454&return_page=sch_list.php%3Flang_id%3D1%26chg_district_id%3D1%26search_mode%3D%26frmMode%3Dpagebreak%26sort_id%3D-1%26district_id%3D18
{'$oid': '816fe4cf8df54e5dec831de3'},Yuen Long,ELCHK Lutheran Academy,基督教香港信義會宏信書院,DSS,Secondary,"25 Lam Hau Tsuen Road, Yuen Long, New Territories",82082092,info@luac.edu.hk,Hong Kong,sch_detail.php?li_id=2&lang_id=1&chg_district_id=1&sch_id=136&return_page=sch_list.php%3Flang_id%3D1%26chg_district_id%3D1%26search_mode%3D%26frmMode%3Dpagebreak%26sort_id%3D-1%26district_id%3D18
{'$oid': 'cd6fab307a3ed1dcc9fc63db'},Yuen Long,HKFYG Lee Shau Kee College,香港青年協會李兆基書院,DSS,Secondary,"12 Tin Kwai Road, Tin Shui Wai, Yuen Long, N.T.",21461128,hlc@hlc.edu.hk,Hong Kong,sch_detail.php?li_id=2&lang_id=1&chg_district_id=1&sch_id=380&return_page=sch_list.php%3Flang_id%3D1%26chg_district_id%3D1%26search_mode%3D%26frmMode%3Dpagebreak%26sort_id%3D-1%26district_id%3D18
